2025-10-10T06:56:51.620-05:00  INFO 14708 --- [wms-backend] [main] c.w.wms_backend.WmsBackendApplication    : Starting WmsBackendApplication using Java 21.0.7 with PID 14708 (C:\Users\e.agudelo\Documents\WMS\Backend\target\classes started by e.agudelo in C:\Users\e.agudelo\Documents\WMS\Backend)
2025-10-10T06:56:51.624-05:00  INFO 14708 --- [wms-backend] [main] c.w.wms_backend.WmsBackendApplication    : No active profile set, falling back to 1 default profile: "default"
2025-10-10T06:56:53.141-05:00  INFO 14708 --- [wms-backend] [main] .s.d.r.c.RepositoryConfigurationDelegate : Bootstrapping Spring Data JPA repositories in DEFAULT mode.
2025-10-10T06:56:53.396-05:00  INFO 14708 --- [wms-backend] [main] .s.d.r.c.RepositoryConfigurationDelegate : Finished Spring Data repository scanning in 235 ms. Found 39 JPA repository interfaces.
2025-10-10T06:56:56.406-05:00  INFO 14708 --- [wms-backend] [main] o.s.b.w.embedded.tomcat.TomcatWebServer  : Tomcat initialized with port 8080 (http)
2025-10-10T06:56:56.449-05:00  INFO 14708 --- [wms-backend] [main] o.apache.catalina.core.StandardService   : Starting service [Tomcat]
2025-10-10T06:56:56.451-05:00  INFO 14708 --- [wms-backend] [main] o.apache.catalina.core.StandardEngine    : Starting Servlet engine: [Apache Tomcat/10.1.41]
2025-10-10T06:56:56.563-05:00  INFO 14708 --- [wms-backend] [main] o.a.c.c.C.[Tomcat].[localhost].[/]       : Initializing Spring embedded WebApplicationContext
2025-10-10T06:56:56.563-05:00  INFO 14708 --- [wms-backend] [main] w.s.c.ServletWebServerApplicationContext : Root WebApplicationContext: initialization completed in 4849 ms
2025-10-10T06:56:57.430-05:00  INFO 14708 --- [wms-backend] [main] com.zaxxer.hikari.HikariDataSource       : HikariPool-WmsWdGeneral - Starting...
2025-10-10T06:56:59.065-05:00  INFO 14708 --- [wms-backend] [main] com.zaxxer.hikari.pool.HikariPool        : HikariPool-WmsWdGeneral - Added connection ConnectionID:1 ClientConnectionId: 991aa429-ad3d-415d-a2bd-1c0c6e659670
2025-10-10T06:56:59.067-05:00  INFO 14708 --- [wms-backend] [main] com.zaxxer.hikari.HikariDataSource       : HikariPool-WmsWdGeneral - Start completed.
2025-10-10T06:56:59.171-05:00  INFO 14708 --- [wms-backend] [main] o.hibernate.jpa.internal.util.LogHelper  : HHH000204: Processing PersistenceUnitInfo [name: default]
2025-10-10T06:56:59.283-05:00  INFO 14708 --- [wms-backend] [main] org.hibernate.Version                    : HHH000412: Hibernate ORM core version 6.6.15.Final
2025-10-10T06:56:59.366-05:00  INFO 14708 --- [wms-backend] [main] o.h.c.internal.RegionFactoryInitiator    : HHH000026: Second-level cache disabled
2025-10-10T06:57:00.193-05:00  INFO 14708 --- [wms-backend] [main] o.s.o.j.p.SpringPersistenceUnitInfo      : No LoadTimeWeaver setup: ignoring JPA class transformer
2025-10-10T06:57:00.548-05:00  WARN 14708 --- [wms-backend] [main] org.hibernate.orm.deprecation            : HHH90000025: SQLServerDialect does not need to be specified explicitly using 'hibernate.dialect' (remove the property setting and it will be selected by default)
2025-10-10T06:57:00.795-05:00  INFO 14708 --- [wms-backend] [main] org.hibernate.orm.connections.pooling    : HHH10001005: Database info:
	Database JDBC URL [Connecting through datasource 'com.woden.wms_backend.config.DataSource.DynamicDataSourceConfig$1@2475fba3']
	Database driver: undefined/unknown
	Database version: 12.0
	Autocommit mode: undefined/unknown
	Isolation level: undefined/unknown
	Minimum pool size: undefined/unknown
	Maximum pool size: undefined/unknown
2025-10-10T06:57:03.865-05:00  INFO 14708 --- [wms-backend] [main] o.h.e.t.j.p.i.JtaPlatformInitiator       : HHH000489: No JTA platform available (set 'hibernate.transaction.jta.platform' to enable JTA platform integration)
2025-10-10T06:57:03.882-05:00  INFO 14708 --- [wms-backend] [main] j.LocalContainerEntityManagerFactoryBean : Initialized JPA EntityManagerFactory for persistence unit 'default'
2025-10-10T06:57:04.354-05:00  INFO 14708 --- [wms-backend] [main] o.s.d.j.r.query.QueryEnhancerFactory     : Hibernate is in classpath; If applicable, HQL parser will be used.
2025-10-10T06:57:06.617-05:00  WARN 14708 --- [wms-backend] [main] JpaBaseConfiguration$JpaWebConfiguration : spring.jpa.open-in-view is enabled by default. Therefore, database queries may be performed during view rendering. Explicitly configure spring.jpa.open-in-view to disable this warning
2025-10-10T06:57:06.676-05:00  WARN 14708 --- [wms-backend] [main] .s.s.UserDetailsServiceAutoConfiguration : 

Using generated security password: 4d127507-3e9d-4e52-858d-9a312220c30b

This generated password is for development use only. Your security configuration must be updated before running your application in production.

2025-10-10T06:57:06.722-05:00  INFO 14708 --- [wms-backend] [main] r$InitializeUserDetailsManagerConfigurer : Global AuthenticationManager configured with UserDetailsService bean with name inMemoryUserDetailsManager
2025-10-10T06:57:07.215-05:00 DEBUG 14708 --- [wms-backend] [main] s.w.s.m.m.a.RequestMappingHandlerMapping : 333 mappings in 'requestMappingHandlerMapping'
2025-10-10T06:57:07.462-05:00 DEBUG 14708 --- [wms-backend] [main] o.s.w.s.handler.SimpleUrlHandlerMapping  : Patterns [/webjars/**, /**, /swagger-ui*/*swagger-initializer.js, /swagger-ui*/**] in 'resourceHandlerMapping'
2025-10-10T06:57:07.691-05:00  INFO 14708 --- [wms-backend] [main] o.s.v.b.OptionalValidatorFactoryBean     : Failed to set up a Bean Validation provider: jakarta.validation.NoProviderFoundException: Unable to create a Configuration, because no Jakarta Bean Validation provider could be found. Add a provider like Hibernate Validator (RI) to your classpath.
2025-10-10T06:57:07.777-05:00 DEBUG 14708 --- [wms-backend] [main] s.w.s.m.m.a.RequestMappingHandlerAdapter : ControllerAdvice beans: 0 @ModelAttribute, 0 @InitBinder, 1 RequestBodyAdvice, 1 ResponseBodyAdvice
2025-10-10T06:57:07.886-05:00 DEBUG 14708 --- [wms-backend] [main] .m.m.a.ExceptionHandlerExceptionResolver : ControllerAdvice beans: 1 @ExceptionHandler, 1 ResponseBodyAdvice
2025-10-10T06:57:08.245-05:00  INFO 14708 --- [wms-backend] [main] o.s.b.w.embedded.tomcat.TomcatWebServer  : Tomcat started on port 8080 (http) with context path '/'
2025-10-10T06:57:08.250-05:00  INFO 14708 --- [wms-backend] [main] c.w.wms_backend.WmsBackendApplication    : Started WmsBackendApplication in 17.592 seconds (process running for 18.272)
2025-10-10T06:57:22.373-05:00  INFO 14708 --- [wms-backend] [http-nio-8080-exec-1] o.a.c.c.C.[Tomcat].[localhost].[/]       : Initializing Spring DispatcherServlet 'dispatcherServlet'
2025-10-10T06:57:22.373-05:00  INFO 14708 --- [wms-backend] [http-nio-8080-exec-1] o.s.web.servlet.DispatcherServlet        : Initializing Servlet 'dispatcherServlet'
2025-10-10T06:57:22.375-05:00 DEBUG 14708 --- [wms-backend] [http-nio-8080-exec-1] o.s.web.servlet.DispatcherServlet        : Detected StandardServletMultipartResolver
2025-10-10T06:57:22.375-05:00 DEBUG 14708 --- [wms-backend] [http-nio-8080-exec-1] o.s.web.servlet.DispatcherServlet        : Detected AcceptHeaderLocaleResolver
2025-10-10T06:57:22.375-05:00 DEBUG 14708 --- [wms-backend] [http-nio-8080-exec-1] o.s.web.servlet.DispatcherServlet        : Detected FixedThemeResolver
2025-10-10T06:57:22.375-05:00 DEBUG 14708 --- [wms-backend] [http-nio-8080-exec-1] o.s.web.servlet.DispatcherServlet        : Detected org.springframework.web.servlet.view.DefaultRequestToViewNameTranslator@339e1787
2025-10-10T06:57:22.375-05:00 DEBUG 14708 --- [wms-backend] [http-nio-8080-exec-1] o.s.web.servlet.DispatcherServlet        : Detected org.springframework.web.servlet.support.SessionFlashMapManager@707929a2
2025-10-10T06:57:22.375-05:00 DEBUG 14708 --- [wms-backend] [http-nio-8080-exec-1] o.s.web.servlet.DispatcherServlet        : enableLoggingRequestDetails='false': request parameters and headers will be masked to prevent unsafe logging of potentially sensitive data
2025-10-10T06:57:22.375-05:00  INFO 14708 --- [wms-backend] [http-nio-8080-exec-1] o.s.web.servlet.DispatcherServlet        : Completed initialization in 0 ms
2025-10-10T06:57:22.462-05:00 DEBUG 14708 --- [wms-backend] [http-nio-8080-exec-1] o.s.web.servlet.DispatcherServlet        : GET "/general/version", parameters={}
2025-10-10T06:57:22.464-05:00 DEBUG 14708 --- [wms-backend] [http-nio-8080-exec-1] s.w.s.m.m.a.RequestMappingHandlerMapping : Mapped to com.woden.wms_backend.controllers.WmsWdGeneral.VersionController#getVersion()
2025-10-10T06:57:22.500-05:00 DEBUG 14708 --- [wms-backend] [http-nio-8080-exec-1] o.s.w.s.m.m.a.HttpEntityMethodProcessor  : Using 'application/json', given [application/json, text/plain, */*] and supported [text/plain, */*, application/json, application/*+json, application/yaml, application/xml;charset=UTF-8, text/xml;charset=UTF-8, application/*+xml;charset=UTF-8]
2025-10-10T06:57:22.501-05:00 DEBUG 14708 --- [wms-backend] [http-nio-8080-exec-1] o.s.w.s.m.m.a.HttpEntityMethodProcessor  : Writing ["1.0.1.48"]
2025-10-10T06:57:22.510-05:00 DEBUG 14708 --- [wms-backend] [http-nio-8080-exec-1] o.s.web.servlet.DispatcherServlet        : Completed 200 OK
2025-10-10T06:58:22.220-05:00 DEBUG 14708 --- [wms-backend] [http-nio-8080-exec-2] o.s.web.servlet.DispatcherServlet        : GET "/general/version", parameters={}
2025-10-10T06:58:22.220-05:00 DEBUG 14708 --- [wms-backend] [http-nio-8080-exec-2] s.w.s.m.m.a.RequestMappingHandlerMapping : Mapped to com.woden.wms_backend.controllers.WmsWdGeneral.VersionController#getVersion()
2025-10-10T06:58:22.236-05:00 DEBUG 14708 --- [wms-backend] [http-nio-8080-exec-2] o.s.w.s.m.m.a.HttpEntityMethodProcessor  : Using 'application/json', given [application/json, text/plain, */*] and supported [text/plain, */*, application/json, application/*+json, application/yaml, application/xml;charset=UTF-8, text/xml;charset=UTF-8, application/*+xml;charset=UTF-8]
2025-10-10T06:58:22.236-05:00 DEBUG 14708 --- [wms-backend] [http-nio-8080-exec-2] o.s.w.s.m.m.a.HttpEntityMethodProcessor  : Writing ["1.0.1.48"]
2025-10-10T06:58:22.237-05:00 DEBUG 14708 --- [wms-backend] [http-nio-8080-exec-2] o.s.web.servlet.DispatcherServlet        : Completed 200 OK
2025-10-10T06:59:22.224-05:00 DEBUG 14708 --- [wms-backend] [http-nio-8080-exec-3] o.s.web.servlet.DispatcherServlet        : GET "/general/version", parameters={}
2025-10-10T06:59:22.224-05:00 DEBUG 14708 --- [wms-backend] [http-nio-8080-exec-3] s.w.s.m.m.a.RequestMappingHandlerMapping : Mapped to com.woden.wms_backend.controllers.WmsWdGeneral.VersionController#getVersion()
2025-10-10T06:59:22.226-05:00 DEBUG 14708 --- [wms-backend] [http-nio-8080-exec-3] o.s.w.s.m.m.a.HttpEntityMethodProcessor  : Using 'application/json', given [application/json, text/plain, */*] and supported [text/plain, */*, application/json, application/*+json, application/yaml, application/xml;charset=UTF-8, text/xml;charset=UTF-8, application/*+xml;charset=UTF-8]
2025-10-10T06:59:22.226-05:00 DEBUG 14708 --- [wms-backend] [http-nio-8080-exec-3] o.s.w.s.m.m.a.HttpEntityMethodProcessor  : Writing ["1.0.1.48"]
2025-10-10T06:59:22.229-05:00 DEBUG 14708 --- [wms-backend] [http-nio-8080-exec-3] o.s.web.servlet.DispatcherServlet        : Completed 200 OK
2025-10-10T07:00:22.226-05:00 DEBUG 14708 --- [wms-backend] [http-nio-8080-exec-4] o.s.web.servlet.DispatcherServlet        : GET "/general/version", parameters={}
2025-10-10T07:00:22.227-05:00 DEBUG 14708 --- [wms-backend] [http-nio-8080-exec-4] s.w.s.m.m.a.RequestMappingHandlerMapping : Mapped to com.woden.wms_backend.controllers.WmsWdGeneral.VersionController#getVersion()
2025-10-10T07:00:22.229-05:00 DEBUG 14708 --- [wms-backend] [http-nio-8080-exec-4] o.s.w.s.m.m.a.HttpEntityMethodProcessor  : Using 'application/json', given [application/json, text/plain, */*] and supported [text/plain, */*, application/json, application/*+json, application/yaml, application/xml;charset=UTF-8, text/xml;charset=UTF-8, application/*+xml;charset=UTF-8]
2025-10-10T07:00:22.230-05:00 DEBUG 14708 --- [wms-backend] [http-nio-8080-exec-4] o.s.w.s.m.m.a.HttpEntityMethodProcessor  : Writing ["1.0.1.48"]
2025-10-10T07:00:22.232-05:00 DEBUG 14708 --- [wms-backend] [http-nio-8080-exec-4] o.s.web.servlet.DispatcherServlet        : Completed 200 OK
2025-10-10T07:00:41.940-05:00 DEBUG 14708 --- [wms-backend] [http-nio-8080-exec-5] o.s.web.servlet.DispatcherServlet        : GET "/general/version", parameters={}
2025-10-10T07:00:41.940-05:00 DEBUG 14708 --- [wms-backend] [http-nio-8080-exec-5] s.w.s.m.m.a.RequestMappingHandlerMapping : Mapped to com.woden.wms_backend.controllers.WmsWdGeneral.VersionController#getVersion()
2025-10-10T07:00:41.941-05:00 DEBUG 14708 --- [wms-backend] [http-nio-8080-exec-5] o.s.w.s.m.m.a.HttpEntityMethodProcessor  : Using 'application/json', given [application/json, text/plain, */*] and supported [text/plain, */*, application/json, application/*+json, application/yaml, application/xml;charset=UTF-8, text/xml;charset=UTF-8, application/*+xml;charset=UTF-8]
2025-10-10T07:00:41.942-05:00 DEBUG 14708 --- [wms-backend] [http-nio-8080-exec-5] o.s.w.s.m.m.a.HttpEntityMethodProcessor  : Writing ["1.0.1.48"]
2025-10-10T07:00:41.944-05:00 DEBUG 14708 --- [wms-backend] [http-nio-8080-exec-5] o.s.web.servlet.DispatcherServlet        : Completed 200 OK
2025-10-10T07:00:47.737-05:00 DEBUG 14708 --- [wms-backend] [http-nio-8080-exec-6] o.s.web.servlet.DispatcherServlet        : GET "/general/version", parameters={}
2025-10-10T07:00:47.737-05:00 DEBUG 14708 --- [wms-backend] [http-nio-8080-exec-6] s.w.s.m.m.a.RequestMappingHandlerMapping : Mapped to com.woden.wms_backend.controllers.WmsWdGeneral.VersionController#getVersion()
2025-10-10T07:00:47.737-05:00 DEBUG 14708 --- [wms-backend] [http-nio-8080-exec-6] o.s.w.s.m.m.a.HttpEntityMethodProcessor  : Using 'application/json', given [application/json, text/plain, */*] and supported [text/plain, */*, application/json, application/*+json, application/yaml, application/xml;charset=UTF-8, text/xml;charset=UTF-8, application/*+xml;charset=UTF-8]
2025-10-10T07:00:47.737-05:00 DEBUG 14708 --- [wms-backend] [http-nio-8080-exec-6] o.s.w.s.m.m.a.HttpEntityMethodProcessor  : Writing ["1.0.1.48"]
2025-10-10T07:00:47.737-05:00 DEBUG 14708 --- [wms-backend] [http-nio-8080-exec-6] o.s.web.servlet.DispatcherServlet        : Completed 200 OK
2025-10-10T07:00:57.732-05:00 DEBUG 14708 --- [wms-backend] [http-nio-8080-exec-7] o.s.web.servlet.DispatcherServlet        : GET "/general/version", parameters={}
2025-10-10T07:00:57.732-05:00 DEBUG 14708 --- [wms-backend] [http-nio-8080-exec-7] s.w.s.m.m.a.RequestMappingHandlerMapping : Mapped to com.woden.wms_backend.controllers.WmsWdGeneral.VersionController#getVersion()
2025-10-10T07:00:57.732-05:00 DEBUG 14708 --- [wms-backend] [http-nio-8080-exec-7] o.s.w.s.m.m.a.HttpEntityMethodProcessor  : Using 'application/json', given [application/json, text/plain, */*] and supported [text/plain, */*, application/json, application/*+json, application/yaml, application/xml;charset=UTF-8, text/xml;charset=UTF-8, application/*+xml;charset=UTF-8]
2025-10-10T07:00:57.732-05:00 DEBUG 14708 --- [wms-backend] [http-nio-8080-exec-7] o.s.w.s.m.m.a.HttpEntityMethodProcessor  : Writing ["1.0.1.48"]
2025-10-10T07:00:57.732-05:00 DEBUG 14708 --- [wms-backend] [http-nio-8080-exec-7] o.s.web.servlet.DispatcherServlet        : Completed 200 OK
2025-10-10T07:01:07.734-05:00 DEBUG 14708 --- [wms-backend] [http-nio-8080-exec-8] o.s.web.servlet.DispatcherServlet        : GET "/general/version", parameters={}
2025-10-10T07:01:07.734-05:00 DEBUG 14708 --- [wms-backend] [http-nio-8080-exec-8] s.w.s.m.m.a.RequestMappingHandlerMapping : Mapped to com.woden.wms_backend.controllers.WmsWdGeneral.VersionController#getVersion()
2025-10-10T07:01:07.736-05:00 DEBUG 14708 --- [wms-backend] [http-nio-8080-exec-8] o.s.w.s.m.m.a.HttpEntityMethodProcessor  : Using 'application/json', given [application/json, text/plain, */*] and supported [text/plain, */*, application/json, application/*+json, application/yaml, application/xml;charset=UTF-8, text/xml;charset=UTF-8, application/*+xml;charset=UTF-8]
2025-10-10T07:01:07.736-05:00 DEBUG 14708 --- [wms-backend] [http-nio-8080-exec-8] o.s.w.s.m.m.a.HttpEntityMethodProcessor  : Writing ["1.0.1.48"]
2025-10-10T07:01:07.738-05:00 DEBUG 14708 --- [wms-backend] [http-nio-8080-exec-8] o.s.web.servlet.DispatcherServlet        : Completed 200 OK
2025-10-10T07:01:17.724-05:00 DEBUG 14708 --- [wms-backend] [http-nio-8080-exec-9] o.s.web.servlet.DispatcherServlet        : GET "/general/version", parameters={}
2025-10-10T07:01:17.724-05:00 DEBUG 14708 --- [wms-backend] [http-nio-8080-exec-9] s.w.s.m.m.a.RequestMappingHandlerMapping : Mapped to com.woden.wms_backend.controllers.WmsWdGeneral.VersionController#getVersion()
2025-10-10T07:01:17.724-05:00 DEBUG 14708 --- [wms-backend] [http-nio-8080-exec-9] o.s.w.s.m.m.a.HttpEntityMethodProcessor  : Using 'application/json', given [application/json, text/plain, */*] and supported [text/plain, */*, application/json, application/*+json, application/yaml, application/xml;charset=UTF-8, text/xml;charset=UTF-8, application/*+xml;charset=UTF-8]
2025-10-10T07:01:17.724-05:00 DEBUG 14708 --- [wms-backend] [http-nio-8080-exec-9] o.s.w.s.m.m.a.HttpEntityMethodProcessor  : Writing ["1.0.1.48"]
2025-10-10T07:01:17.740-05:00 DEBUG 14708 --- [wms-backend] [http-nio-8080-exec-9] o.s.web.servlet.DispatcherServlet        : Completed 200 OK
2025-10-10T07:01:48.688-05:00 DEBUG 14708 --- [wms-backend] [http-nio-8080-exec-1] o.s.web.servlet.DispatcherServlet        : GET "/general/version", parameters={}
2025-10-10T07:01:48.688-05:00 DEBUG 14708 --- [wms-backend] [http-nio-8080-exec-1] s.w.s.m.m.a.RequestMappingHandlerMapping : Mapped to com.woden.wms_backend.controllers.WmsWdGeneral.VersionController#getVersion()
2025-10-10T07:01:48.690-05:00 DEBUG 14708 --- [wms-backend] [http-nio-8080-exec-1] o.s.w.s.m.m.a.HttpEntityMethodProcessor  : Using 'application/json', given [application/json, text/plain, */*] and supported [text/plain, */*, application/json, application/*+json, application/yaml, application/xml;charset=UTF-8, text/xml;charset=UTF-8, application/*+xml;charset=UTF-8]
2025-10-10T07:01:48.690-05:00 DEBUG 14708 --- [wms-backend] [http-nio-8080-exec-1] o.s.w.s.m.m.a.HttpEntityMethodProcessor  : Writing ["1.0.1.48"]
2025-10-10T07:01:48.691-05:00 DEBUG 14708 --- [wms-backend] [http-nio-8080-exec-1] o.s.web.servlet.DispatcherServlet        : Completed 200 OK
2025-10-10T07:01:59.221-05:00 DEBUG 14708 --- [wms-backend] [http-nio-8080-exec-3] o.s.web.servlet.DispatcherServlet        : GET "/general/version", parameters={}
2025-10-10T07:01:59.221-05:00 DEBUG 14708 --- [wms-backend] [http-nio-8080-exec-3] s.w.s.m.m.a.RequestMappingHandlerMapping : Mapped to com.woden.wms_backend.controllers.WmsWdGeneral.VersionController#getVersion()
2025-10-10T07:01:59.222-05:00 DEBUG 14708 --- [wms-backend] [http-nio-8080-exec-3] o.s.w.s.m.m.a.HttpEntityMethodProcessor  : Using 'application/json', given [application/json, text/plain, */*] and supported [text/plain, */*, application/json, application/*+json, application/yaml, application/xml;charset=UTF-8, text/xml;charset=UTF-8, application/*+xml;charset=UTF-8]
2025-10-10T07:01:59.222-05:00 DEBUG 14708 --- [wms-backend] [http-nio-8080-exec-3] o.s.w.s.m.m.a.HttpEntityMethodProcessor  : Writing ["1.0.1.48"]
2025-10-10T07:01:59.224-05:00 DEBUG 14708 --- [wms-backend] [http-nio-8080-exec-3] o.s.web.servlet.DispatcherServlet        : Completed 200 OK
2025-10-10T07:02:09.227-05:00 DEBUG 14708 --- [wms-backend] [http-nio-8080-exec-4] o.s.web.servlet.DispatcherServlet        : GET "/general/version", parameters={}
2025-10-10T07:02:09.228-05:00 DEBUG 14708 --- [wms-backend] [http-nio-8080-exec-4] s.w.s.m.m.a.RequestMappingHandlerMapping : Mapped to com.woden.wms_backend.controllers.WmsWdGeneral.VersionController#getVersion()
2025-10-10T07:02:09.229-05:00 DEBUG 14708 --- [wms-backend] [http-nio-8080-exec-4] o.s.w.s.m.m.a.HttpEntityMethodProcessor  : Using 'application/json', given [application/json, text/plain, */*] and supported [text/plain, */*, application/json, application/*+json, application/yaml, application/xml;charset=UTF-8, text/xml;charset=UTF-8, application/*+xml;charset=UTF-8]
2025-10-10T07:02:09.229-05:00 DEBUG 14708 --- [wms-backend] [http-nio-8080-exec-4] o.s.w.s.m.m.a.HttpEntityMethodProcessor  : Writing ["1.0.1.48"]
2025-10-10T07:02:09.230-05:00 DEBUG 14708 --- [wms-backend] [http-nio-8080-exec-4] o.s.web.servlet.DispatcherServlet        : Completed 200 OK
2025-10-10T07:02:19.214-05:00 DEBUG 14708 --- [wms-backend] [http-nio-8080-exec-5] o.s.web.servlet.DispatcherServlet        : GET "/general/version", parameters={}
2025-10-10T07:02:19.215-05:00 DEBUG 14708 --- [wms-backend] [http-nio-8080-exec-5] s.w.s.m.m.a.RequestMappingHandlerMapping : Mapped to com.woden.wms_backend.controllers.WmsWdGeneral.VersionController#getVersion()
2025-10-10T07:02:19.217-05:00 DEBUG 14708 --- [wms-backend] [http-nio-8080-exec-5] o.s.w.s.m.m.a.HttpEntityMethodProcessor  : Using 'application/json', given [application/json, text/plain, */*] and supported [text/plain, */*, application/json, application/*+json, application/yaml, application/xml;charset=UTF-8, text/xml;charset=UTF-8, application/*+xml;charset=UTF-8]
2025-10-10T07:02:19.217-05:00 DEBUG 14708 --- [wms-backend] [http-nio-8080-exec-5] o.s.w.s.m.m.a.HttpEntityMethodProcessor  : Writing ["1.0.1.48"]
2025-10-10T07:02:19.217-05:00 DEBUG 14708 --- [wms-backend] [http-nio-8080-exec-5] o.s.web.servlet.DispatcherServlet        : Completed 200 OK
2025-10-10T07:02:29.217-05:00 DEBUG 14708 --- [wms-backend] [http-nio-8080-exec-6] o.s.web.servlet.DispatcherServlet        : GET "/general/version", parameters={}
2025-10-10T07:02:29.218-05:00 DEBUG 14708 --- [wms-backend] [http-nio-8080-exec-6] s.w.s.m.m.a.RequestMappingHandlerMapping : Mapped to com.woden.wms_backend.controllers.WmsWdGeneral.VersionController#getVersion()
2025-10-10T07:02:29.219-05:00 DEBUG 14708 --- [wms-backend] [http-nio-8080-exec-6] o.s.w.s.m.m.a.HttpEntityMethodProcessor  : Using 'application/json', given [application/json, text/plain, */*] and supported [text/plain, */*, application/json, application/*+json, application/yaml, application/xml;charset=UTF-8, text/xml;charset=UTF-8, application/*+xml;charset=UTF-8]
2025-10-10T07:02:29.219-05:00 DEBUG 14708 --- [wms-backend] [http-nio-8080-exec-6] o.s.w.s.m.m.a.HttpEntityMethodProcessor  : Writing ["1.0.1.48"]
2025-10-10T07:02:29.221-05:00 DEBUG 14708 --- [wms-backend] [http-nio-8080-exec-6] o.s.web.servlet.DispatcherServlet        : Completed 200 OK
2025-10-10T07:02:39.220-05:00 DEBUG 14708 --- [wms-backend] [http-nio-8080-exec-7] o.s.web.servlet.DispatcherServlet        : GET "/general/version", parameters={}
2025-10-10T07:02:39.221-05:00 DEBUG 14708 --- [wms-backend] [http-nio-8080-exec-7] s.w.s.m.m.a.RequestMappingHandlerMapping : Mapped to com.woden.wms_backend.controllers.WmsWdGeneral.VersionController#getVersion()
2025-10-10T07:02:39.223-05:00 DEBUG 14708 --- [wms-backend] [http-nio-8080-exec-7] o.s.w.s.m.m.a.HttpEntityMethodProcessor  : Using 'application/json', given [application/json, text/plain, */*] and supported [text/plain, */*, application/json, application/*+json, application/yaml, application/xml;charset=UTF-8, text/xml;charset=UTF-8, application/*+xml;charset=UTF-8]
2025-10-10T07:02:39.223-05:00 DEBUG 14708 --- [wms-backend] [http-nio-8080-exec-7] o.s.w.s.m.m.a.HttpEntityMethodProcessor  : Writing ["1.0.1.48"]
2025-10-10T07:02:39.224-05:00 DEBUG 14708 --- [wms-backend] [http-nio-8080-exec-7] o.s.web.servlet.DispatcherServlet        : Completed 200 OK
2025-10-10T07:02:49.213-05:00 DEBUG 14708 --- [wms-backend] [http-nio-8080-exec-8] o.s.web.servlet.DispatcherServlet        : GET "/general/version", parameters={}
2025-10-10T07:02:49.213-05:00 DEBUG 14708 --- [wms-backend] [http-nio-8080-exec-8] s.w.s.m.m.a.RequestMappingHandlerMapping : Mapped to com.woden.wms_backend.controllers.WmsWdGeneral.VersionController#getVersion()
2025-10-10T07:02:49.214-05:00 DEBUG 14708 --- [wms-backend] [http-nio-8080-exec-8] o.s.w.s.m.m.a.HttpEntityMethodProcessor  : Using 'application/json', given [application/json, text/plain, */*] and supported [text/plain, */*, application/json, application/*+json, application/yaml, application/xml;charset=UTF-8, text/xml;charset=UTF-8, application/*+xml;charset=UTF-8]
2025-10-10T07:02:49.214-05:00 DEBUG 14708 --- [wms-backend] [http-nio-8080-exec-8] o.s.w.s.m.m.a.HttpEntityMethodProcessor  : Writing ["1.0.1.48"]
2025-10-10T07:02:49.215-05:00 DEBUG 14708 --- [wms-backend] [http-nio-8080-exec-8] o.s.web.servlet.DispatcherServlet        : Completed 200 OK
2025-10-10T07:03:22.221-05:00 DEBUG 14708 --- [wms-backend] [http-nio-8080-exec-10] o.s.web.servlet.DispatcherServlet        : GET "/general/version", parameters={}
2025-10-10T07:03:22.222-05:00 DEBUG 14708 --- [wms-backend] [http-nio-8080-exec-10] s.w.s.m.m.a.RequestMappingHandlerMapping : Mapped to com.woden.wms_backend.controllers.WmsWdGeneral.VersionController#getVersion()
2025-10-10T07:03:22.222-05:00 DEBUG 14708 --- [wms-backend] [http-nio-8080-exec-10] o.s.w.s.m.m.a.HttpEntityMethodProcessor  : Using 'application/json', given [application/json, text/plain, */*] and supported [text/plain, */*, application/json, application/*+json, application/yaml, application/xml;charset=UTF-8, text/xml;charset=UTF-8, application/*+xml;charset=UTF-8]
2025-10-10T07:03:22.224-05:00 DEBUG 14708 --- [wms-backend] [http-nio-8080-exec-10] o.s.w.s.m.m.a.HttpEntityMethodProcessor  : Writing ["1.0.1.48"]
2025-10-10T07:03:22.226-05:00 DEBUG 14708 --- [wms-backend] [http-nio-8080-exec-10] o.s.web.servlet.DispatcherServlet        : Completed 200 OK
2025-10-10T07:04:22.229-05:00 DEBUG 14708 --- [wms-backend] [http-nio-8080-exec-2] o.s.web.servlet.DispatcherServlet        : GET "/general/version", parameters={}
2025-10-10T07:04:22.230-05:00 DEBUG 14708 --- [wms-backend] [http-nio-8080-exec-2] s.w.s.m.m.a.RequestMappingHandlerMapping : Mapped to com.woden.wms_backend.controllers.WmsWdGeneral.VersionController#getVersion()
2025-10-10T07:04:22.231-05:00 DEBUG 14708 --- [wms-backend] [http-nio-8080-exec-2] o.s.w.s.m.m.a.HttpEntityMethodProcessor  : Using 'application/json', given [application/json, text/plain, */*] and supported [text/plain, */*, application/json, application/*+json, application/yaml, application/xml;charset=UTF-8, text/xml;charset=UTF-8, application/*+xml;charset=UTF-8]
2025-10-10T07:04:22.231-05:00 DEBUG 14708 --- [wms-backend] [http-nio-8080-exec-2] o.s.w.s.m.m.a.HttpEntityMethodProcessor  : Writing ["1.0.1.48"]
2025-10-10T07:04:22.232-05:00 DEBUG 14708 --- [wms-backend] [http-nio-8080-exec-2] o.s.web.servlet.DispatcherServlet        : Completed 200 OK
2025-10-10T07:05:22.222-05:00 DEBUG 14708 --- [wms-backend] [http-nio-8080-exec-4] o.s.web.servlet.DispatcherServlet        : GET "/general/version", parameters={}
2025-10-10T07:05:22.223-05:00 DEBUG 14708 --- [wms-backend] [http-nio-8080-exec-4] s.w.s.m.m.a.RequestMappingHandlerMapping : Mapped to com.woden.wms_backend.controllers.WmsWdGeneral.VersionController#getVersion()
2025-10-10T07:05:22.223-05:00 DEBUG 14708 --- [wms-backend] [http-nio-8080-exec-4] o.s.w.s.m.m.a.HttpEntityMethodProcessor  : Using 'application/json', given [application/json, text/plain, */*] and supported [text/plain, */*, application/json, application/*+json, application/yaml, application/xml;charset=UTF-8, text/xml;charset=UTF-8, application/*+xml;charset=UTF-8]
2025-10-10T07:05:22.223-05:00 DEBUG 14708 --- [wms-backend] [http-nio-8080-exec-4] o.s.w.s.m.m.a.HttpEntityMethodProcessor  : Writing ["1.0.1.48"]
2025-10-10T07:05:22.225-05:00 DEBUG 14708 --- [wms-backend] [http-nio-8080-exec-4] o.s.web.servlet.DispatcherServlet        : Completed 200 OK
2025-10-10T07:06:22.230-05:00 DEBUG 14708 --- [wms-backend] [http-nio-8080-exec-5] o.s.web.servlet.DispatcherServlet        : GET "/general/version", parameters={}
2025-10-10T07:06:22.231-05:00 DEBUG 14708 --- [wms-backend] [http-nio-8080-exec-5] s.w.s.m.m.a.RequestMappingHandlerMapping : Mapped to com.woden.wms_backend.controllers.WmsWdGeneral.VersionController#getVersion()
2025-10-10T07:06:22.232-05:00 DEBUG 14708 --- [wms-backend] [http-nio-8080-exec-5] o.s.w.s.m.m.a.HttpEntityMethodProcessor  : Using 'application/json', given [application/json, text/plain, */*] and supported [text/plain, */*, application/json, application/*+json, application/yaml, application/xml;charset=UTF-8, text/xml;charset=UTF-8, application/*+xml;charset=UTF-8]
2025-10-10T07:06:22.232-05:00 DEBUG 14708 --- [wms-backend] [http-nio-8080-exec-5] o.s.w.s.m.m.a.HttpEntityMethodProcessor  : Writing ["1.0.1.48"]
2025-10-10T07:06:22.234-05:00 DEBUG 14708 --- [wms-backend] [http-nio-8080-exec-5] o.s.web.servlet.DispatcherServlet        : Completed 200 OK
2025-10-10T07:07:22.224-05:00 DEBUG 14708 --- [wms-backend] [http-nio-8080-exec-6] o.s.web.servlet.DispatcherServlet        : GET "/general/version", parameters={}
2025-10-10T07:07:22.225-05:00 DEBUG 14708 --- [wms-backend] [http-nio-8080-exec-6] s.w.s.m.m.a.RequestMappingHandlerMapping : Mapped to com.woden.wms_backend.controllers.WmsWdGeneral.VersionController#getVersion()
2025-10-10T07:07:22.226-05:00 DEBUG 14708 --- [wms-backend] [http-nio-8080-exec-6] o.s.w.s.m.m.a.HttpEntityMethodProcessor  : Using 'application/json', given [application/json, text/plain, */*] and supported [text/plain, */*, application/json, application/*+json, application/yaml, application/xml;charset=UTF-8, text/xml;charset=UTF-8, application/*+xml;charset=UTF-8]
2025-10-10T07:07:22.226-05:00 DEBUG 14708 --- [wms-backend] [http-nio-8080-exec-6] o.s.w.s.m.m.a.HttpEntityMethodProcessor  : Writing ["1.0.1.48"]
2025-10-10T07:07:22.231-05:00 DEBUG 14708 --- [wms-backend] [http-nio-8080-exec-6] o.s.web.servlet.DispatcherServlet        : Completed 200 OK
2025-10-10T07:08:22.225-05:00 DEBUG 14708 --- [wms-backend] [http-nio-8080-exec-7] o.s.web.servlet.DispatcherServlet        : GET "/general/version", parameters={}
2025-10-10T07:08:22.226-05:00 DEBUG 14708 --- [wms-backend] [http-nio-8080-exec-7] s.w.s.m.m.a.RequestMappingHandlerMapping : Mapped to com.woden.wms_backend.controllers.WmsWdGeneral.VersionController#getVersion()
2025-10-10T07:08:22.227-05:00 DEBUG 14708 --- [wms-backend] [http-nio-8080-exec-7] o.s.w.s.m.m.a.HttpEntityMethodProcessor  : Using 'application/json', given [application/json, text/plain, */*] and supported [text/plain, */*, application/json, application/*+json, application/yaml, application/xml;charset=UTF-8, text/xml;charset=UTF-8, application/*+xml;charset=UTF-8]
2025-10-10T07:08:22.227-05:00 DEBUG 14708 --- [wms-backend] [http-nio-8080-exec-7] o.s.w.s.m.m.a.HttpEntityMethodProcessor  : Writing ["1.0.1.48"]
2025-10-10T07:08:22.230-05:00 DEBUG 14708 --- [wms-backend] [http-nio-8080-exec-7] o.s.web.servlet.DispatcherServlet        : Completed 200 OK
2025-10-10T07:09:22.225-05:00 DEBUG 14708 --- [wms-backend] [http-nio-8080-exec-8] o.s.web.servlet.DispatcherServlet        : GET "/general/version", parameters={}
2025-10-10T07:09:22.225-05:00 DEBUG 14708 --- [wms-backend] [http-nio-8080-exec-8] s.w.s.m.m.a.RequestMappingHandlerMapping : Mapped to com.woden.wms_backend.controllers.WmsWdGeneral.VersionController#getVersion()
2025-10-10T07:09:22.226-05:00 DEBUG 14708 --- [wms-backend] [http-nio-8080-exec-8] o.s.w.s.m.m.a.HttpEntityMethodProcessor  : Using 'application/json', given [application/json, text/plain, */*] and supported [text/plain, */*, application/json, application/*+json, application/yaml, application/xml;charset=UTF-8, text/xml;charset=UTF-8, application/*+xml;charset=UTF-8]
2025-10-10T07:09:22.227-05:00 DEBUG 14708 --- [wms-backend] [http-nio-8080-exec-8] o.s.w.s.m.m.a.HttpEntityMethodProcessor  : Writing ["1.0.1.48"]
2025-10-10T07:09:22.228-05:00 DEBUG 14708 --- [wms-backend] [http-nio-8080-exec-8] o.s.web.servlet.DispatcherServlet        : Completed 200 OK
2025-10-10T07:10:22.255-05:00 DEBUG 14708 --- [wms-backend] [http-nio-8080-exec-9] o.s.web.servlet.DispatcherServlet        : GET "/general/version", parameters={}
2025-10-10T07:10:22.256-05:00 DEBUG 14708 --- [wms-backend] [http-nio-8080-exec-9] s.w.s.m.m.a.RequestMappingHandlerMapping : Mapped to com.woden.wms_backend.controllers.WmsWdGeneral.VersionController#getVersion()
2025-10-10T07:10:22.258-05:00 DEBUG 14708 --- [wms-backend] [http-nio-8080-exec-9] o.s.w.s.m.m.a.HttpEntityMethodProcessor  : Using 'application/json', given [application/json, text/plain, */*] and supported [text/plain, */*, application/json, application/*+json, application/yaml, application/xml;charset=UTF-8, text/xml;charset=UTF-8, application/*+xml;charset=UTF-8]
2025-10-10T07:10:22.258-05:00 DEBUG 14708 --- [wms-backend] [http-nio-8080-exec-9] o.s.w.s.m.m.a.HttpEntityMethodProcessor  : Writing ["1.0.1.48"]
2025-10-10T07:10:22.259-05:00 DEBUG 14708 --- [wms-backend] [http-nio-8080-exec-9] o.s.web.servlet.DispatcherServlet        : Completed 200 OK
2025-10-10T07:11:22.259-05:00 DEBUG 14708 --- [wms-backend] [http-nio-8080-exec-10] o.s.web.servlet.DispatcherServlet        : GET "/general/version", parameters={}
2025-10-10T07:11:22.259-05:00 DEBUG 14708 --- [wms-backend] [http-nio-8080-exec-10] s.w.s.m.m.a.RequestMappingHandlerMapping : Mapped to com.woden.wms_backend.controllers.WmsWdGeneral.VersionController#getVersion()
2025-10-10T07:11:22.260-05:00 DEBUG 14708 --- [wms-backend] [http-nio-8080-exec-10] o.s.w.s.m.m.a.HttpEntityMethodProcessor  : Using 'application/json', given [application/json, text/plain, */*] and supported [text/plain, */*, application/json, application/*+json, application/yaml, application/xml;charset=UTF-8, text/xml;charset=UTF-8, application/*+xml;charset=UTF-8]
2025-10-10T07:11:22.260-05:00 DEBUG 14708 --- [wms-backend] [http-nio-8080-exec-10] o.s.w.s.m.m.a.HttpEntityMethodProcessor  : Writing ["1.0.1.48"]
2025-10-10T07:11:22.261-05:00 DEBUG 14708 --- [wms-backend] [http-nio-8080-exec-10] o.s.web.servlet.DispatcherServlet        : Completed 200 OK
2025-10-10T07:12:22.243-05:00 DEBUG 14708 --- [wms-backend] [http-nio-8080-exec-1] o.s.web.servlet.DispatcherServlet        : GET "/general/version", parameters={}
2025-10-10T07:12:22.243-05:00 DEBUG 14708 --- [wms-backend] [http-nio-8080-exec-1] s.w.s.m.m.a.RequestMappingHandlerMapping : Mapped to com.woden.wms_backend.controllers.WmsWdGeneral.VersionController#getVersion()
2025-10-10T07:12:22.246-05:00 DEBUG 14708 --- [wms-backend] [http-nio-8080-exec-1] o.s.w.s.m.m.a.HttpEntityMethodProcessor  : Using 'application/json', given [application/json, text/plain, */*] and supported [text/plain, */*, application/json, application/*+json, application/yaml, application/xml;charset=UTF-8, text/xml;charset=UTF-8, application/*+xml;charset=UTF-8]
2025-10-10T07:12:22.246-05:00 DEBUG 14708 --- [wms-backend] [http-nio-8080-exec-1] o.s.w.s.m.m.a.HttpEntityMethodProcessor  : Writing ["1.0.1.48"]
2025-10-10T07:12:22.247-05:00 DEBUG 14708 --- [wms-backend] [http-nio-8080-exec-1] o.s.web.servlet.DispatcherServlet        : Completed 200 OK
2025-10-10T07:13:22.231-05:00 DEBUG 14708 --- [wms-backend] [http-nio-8080-exec-2] o.s.web.servlet.DispatcherServlet        : GET "/general/version", parameters={}
2025-10-10T07:13:22.234-05:00 DEBUG 14708 --- [wms-backend] [http-nio-8080-exec-2] s.w.s.m.m.a.RequestMappingHandlerMapping : Mapped to com.woden.wms_backend.controllers.WmsWdGeneral.VersionController#getVersion()
2025-10-10T07:13:22.236-05:00 DEBUG 14708 --- [wms-backend] [http-nio-8080-exec-2] o.s.w.s.m.m.a.HttpEntityMethodProcessor  : Using 'application/json', given [application/json, text/plain, */*] and supported [text/plain, */*, application/json, application/*+json, application/yaml, application/xml;charset=UTF-8, text/xml;charset=UTF-8, application/*+xml;charset=UTF-8]
2025-10-10T07:13:22.236-05:00 DEBUG 14708 --- [wms-backend] [http-nio-8080-exec-2] o.s.w.s.m.m.a.HttpEntityMethodProcessor  : Writing ["1.0.1.48"]
2025-10-10T07:13:22.238-05:00 DEBUG 14708 --- [wms-backend] [http-nio-8080-exec-2] o.s.web.servlet.DispatcherServlet        : Completed 200 OK
2025-10-10T07:14:22.236-05:00 DEBUG 14708 --- [wms-backend] [http-nio-8080-exec-3] o.s.web.servlet.DispatcherServlet        : GET "/general/version", parameters={}
2025-10-10T07:14:22.236-05:00 DEBUG 14708 --- [wms-backend] [http-nio-8080-exec-3] s.w.s.m.m.a.RequestMappingHandlerMapping : Mapped to com.woden.wms_backend.controllers.WmsWdGeneral.VersionController#getVersion()
2025-10-10T07:14:22.238-05:00 DEBUG 14708 --- [wms-backend] [http-nio-8080-exec-3] o.s.w.s.m.m.a.HttpEntityMethodProcessor  : Using 'application/json', given [application/json, text/plain, */*] and supported [text/plain, */*, application/json, application/*+json, application/yaml, application/xml;charset=UTF-8, text/xml;charset=UTF-8, application/*+xml;charset=UTF-8]
2025-10-10T07:14:22.238-05:00 DEBUG 14708 --- [wms-backend] [http-nio-8080-exec-3] o.s.w.s.m.m.a.HttpEntityMethodProcessor  : Writing ["1.0.1.48"]
2025-10-10T07:14:22.239-05:00 DEBUG 14708 --- [wms-backend] [http-nio-8080-exec-3] o.s.web.servlet.DispatcherServlet        : Completed 200 OK
2025-10-10T07:15:22.223-05:00 DEBUG 14708 --- [wms-backend] [http-nio-8080-exec-4] o.s.web.servlet.DispatcherServlet        : GET "/general/version", parameters={}
2025-10-10T07:15:22.223-05:00 DEBUG 14708 --- [wms-backend] [http-nio-8080-exec-4] s.w.s.m.m.a.RequestMappingHandlerMapping : Mapped to com.woden.wms_backend.controllers.WmsWdGeneral.VersionController#getVersion()
2025-10-10T07:15:22.226-05:00 DEBUG 14708 --- [wms-backend] [http-nio-8080-exec-4] o.s.w.s.m.m.a.HttpEntityMethodProcessor  : Using 'application/json', given [application/json, text/plain, */*] and supported [text/plain, */*, application/json, application/*+json, application/yaml, application/xml;charset=UTF-8, text/xml;charset=UTF-8, application/*+xml;charset=UTF-8]
2025-10-10T07:15:22.226-05:00 DEBUG 14708 --- [wms-backend] [http-nio-8080-exec-4] o.s.w.s.m.m.a.HttpEntityMethodProcessor  : Writing ["1.0.1.48"]
2025-10-10T07:15:22.240-05:00 DEBUG 14708 --- [wms-backend] [http-nio-8080-exec-4] o.s.web.servlet.DispatcherServlet        : Completed 200 OK
2025-10-10T07:16:22.227-05:00 DEBUG 14708 --- [wms-backend] [http-nio-8080-exec-5] o.s.web.servlet.DispatcherServlet        : GET "/general/version", parameters={}
2025-10-10T07:16:22.227-05:00 DEBUG 14708 --- [wms-backend] [http-nio-8080-exec-5] s.w.s.m.m.a.RequestMappingHandlerMapping : Mapped to com.woden.wms_backend.controllers.WmsWdGeneral.VersionController#getVersion()
2025-10-10T07:16:22.228-05:00 DEBUG 14708 --- [wms-backend] [http-nio-8080-exec-5] o.s.w.s.m.m.a.HttpEntityMethodProcessor  : Using 'application/json', given [application/json, text/plain, */*] and supported [text/plain, */*, application/json, application/*+json, application/yaml, application/xml;charset=UTF-8, text/xml;charset=UTF-8, application/*+xml;charset=UTF-8]
2025-10-10T07:16:22.228-05:00 DEBUG 14708 --- [wms-backend] [http-nio-8080-exec-5] o.s.w.s.m.m.a.HttpEntityMethodProcessor  : Writing ["1.0.1.48"]
2025-10-10T07:16:22.229-05:00 DEBUG 14708 --- [wms-backend] [http-nio-8080-exec-5] o.s.web.servlet.DispatcherServlet        : Completed 200 OK
2025-10-10T07:17:22.229-05:00 DEBUG 14708 --- [wms-backend] [http-nio-8080-exec-6] o.s.web.servlet.DispatcherServlet        : GET "/general/version", parameters={}
2025-10-10T07:17:22.231-05:00 DEBUG 14708 --- [wms-backend] [http-nio-8080-exec-6] s.w.s.m.m.a.RequestMappingHandlerMapping : Mapped to com.woden.wms_backend.controllers.WmsWdGeneral.VersionController#getVersion()
2025-10-10T07:17:22.233-05:00 DEBUG 14708 --- [wms-backend] [http-nio-8080-exec-6] o.s.w.s.m.m.a.HttpEntityMethodProcessor  : Using 'application/json', given [application/json, text/plain, */*] and supported [text/plain, */*, application/json, application/*+json, application/yaml, application/xml;charset=UTF-8, text/xml;charset=UTF-8, application/*+xml;charset=UTF-8]
2025-10-10T07:17:22.233-05:00 DEBUG 14708 --- [wms-backend] [http-nio-8080-exec-6] o.s.w.s.m.m.a.HttpEntityMethodProcessor  : Writing ["1.0.1.48"]
2025-10-10T07:17:22.236-05:00 DEBUG 14708 --- [wms-backend] [http-nio-8080-exec-6] o.s.web.servlet.DispatcherServlet        : Completed 200 OK
2025-10-10T07:18:22.222-05:00 DEBUG 14708 --- [wms-backend] [http-nio-8080-exec-7] o.s.web.servlet.DispatcherServlet        : GET "/general/version", parameters={}
2025-10-10T07:18:22.223-05:00 DEBUG 14708 --- [wms-backend] [http-nio-8080-exec-7] s.w.s.m.m.a.RequestMappingHandlerMapping : Mapped to com.woden.wms_backend.controllers.WmsWdGeneral.VersionController#getVersion()
2025-10-10T07:18:22.226-05:00 DEBUG 14708 --- [wms-backend] [http-nio-8080-exec-7] o.s.w.s.m.m.a.HttpEntityMethodProcessor  : Using 'application/json', given [application/json, text/plain, */*] and supported [text/plain, */*, application/json, application/*+json, application/yaml, application/xml;charset=UTF-8, text/xml;charset=UTF-8, application/*+xml;charset=UTF-8]
2025-10-10T07:18:22.227-05:00 DEBUG 14708 --- [wms-backend] [http-nio-8080-exec-7] o.s.w.s.m.m.a.HttpEntityMethodProcessor  : Writing ["1.0.1.48"]
2025-10-10T07:18:22.229-05:00 DEBUG 14708 --- [wms-backend] [http-nio-8080-exec-7] o.s.web.servlet.DispatcherServlet        : Completed 200 OK
2025-10-10T07:19:22.230-05:00 DEBUG 14708 --- [wms-backend] [http-nio-8080-exec-8] o.s.web.servlet.DispatcherServlet        : GET "/general/version", parameters={}
2025-10-10T07:19:22.231-05:00 DEBUG 14708 --- [wms-backend] [http-nio-8080-exec-8] s.w.s.m.m.a.RequestMappingHandlerMapping : Mapped to com.woden.wms_backend.controllers.WmsWdGeneral.VersionController#getVersion()
2025-10-10T07:19:22.232-05:00 DEBUG 14708 --- [wms-backend] [http-nio-8080-exec-8] o.s.w.s.m.m.a.HttpEntityMethodProcessor  : Using 'application/json', given [application/json, text/plain, */*] and supported [text/plain, */*, application/json, application/*+json, application/yaml, application/xml;charset=UTF-8, text/xml;charset=UTF-8, application/*+xml;charset=UTF-8]
2025-10-10T07:19:22.234-05:00 DEBUG 14708 --- [wms-backend] [http-nio-8080-exec-8] o.s.w.s.m.m.a.HttpEntityMethodProcessor  : Writing ["1.0.1.48"]
2025-10-10T07:19:22.235-05:00 DEBUG 14708 --- [wms-backend] [http-nio-8080-exec-8] o.s.web.servlet.DispatcherServlet        : Completed 200 OK
2025-10-10T07:20:22.220-05:00 DEBUG 14708 --- [wms-backend] [http-nio-8080-exec-9] o.s.web.servlet.DispatcherServlet        : GET "/general/version", parameters={}
2025-10-10T07:20:22.220-05:00 DEBUG 14708 --- [wms-backend] [http-nio-8080-exec-9] s.w.s.m.m.a.RequestMappingHandlerMapping : Mapped to com.woden.wms_backend.controllers.WmsWdGeneral.VersionController#getVersion()
2025-10-10T07:20:22.222-05:00 DEBUG 14708 --- [wms-backend] [http-nio-8080-exec-9] o.s.w.s.m.m.a.HttpEntityMethodProcessor  : Using 'application/json', given [application/json, text/plain, */*] and supported [text/plain, */*, application/json, application/*+json, application/yaml, application/xml;charset=UTF-8, text/xml;charset=UTF-8, application/*+xml;charset=UTF-8]
2025-10-10T07:20:22.222-05:00 DEBUG 14708 --- [wms-backend] [http-nio-8080-exec-9] o.s.w.s.m.m.a.HttpEntityMethodProcessor  : Writing ["1.0.1.48"]
2025-10-10T07:20:22.223-05:00 DEBUG 14708 --- [wms-backend] [http-nio-8080-exec-9] o.s.web.servlet.DispatcherServlet        : Completed 200 OK
2025-10-10T07:21:22.220-05:00 DEBUG 14708 --- [wms-backend] [http-nio-8080-exec-10] o.s.web.servlet.DispatcherServlet        : GET "/general/version", parameters={}
2025-10-10T07:21:22.221-05:00 DEBUG 14708 --- [wms-backend] [http-nio-8080-exec-10] s.w.s.m.m.a.RequestMappingHandlerMapping : Mapped to com.woden.wms_backend.controllers.WmsWdGeneral.VersionController#getVersion()
2025-10-10T07:21:22.222-05:00 DEBUG 14708 --- [wms-backend] [http-nio-8080-exec-10] o.s.w.s.m.m.a.HttpEntityMethodProcessor  : Using 'application/json', given [application/json, text/plain, */*] and supported [text/plain, */*, application/json, application/*+json, application/yaml, application/xml;charset=UTF-8, text/xml;charset=UTF-8, application/*+xml;charset=UTF-8]
2025-10-10T07:21:22.223-05:00 DEBUG 14708 --- [wms-backend] [http-nio-8080-exec-10] o.s.w.s.m.m.a.HttpEntityMethodProcessor  : Writing ["1.0.1.48"]
2025-10-10T07:21:22.225-05:00 DEBUG 14708 --- [wms-backend] [http-nio-8080-exec-10] o.s.web.servlet.DispatcherServlet        : Completed 200 OK
2025-10-10T07:22:22.214-05:00 DEBUG 14708 --- [wms-backend] [http-nio-8080-exec-1] o.s.web.servlet.DispatcherServlet        : GET "/general/version", parameters={}
2025-10-10T07:22:22.214-05:00 DEBUG 14708 --- [wms-backend] [http-nio-8080-exec-1] s.w.s.m.m.a.RequestMappingHandlerMapping : Mapped to com.woden.wms_backend.controllers.WmsWdGeneral.VersionController#getVersion()
2025-10-10T07:22:22.216-05:00 DEBUG 14708 --- [wms-backend] [http-nio-8080-exec-1] o.s.w.s.m.m.a.HttpEntityMethodProcessor  : Using 'application/json', given [application/json, text/plain, */*] and supported [text/plain, */*, application/json, application/*+json, application/yaml, application/xml;charset=UTF-8, text/xml;charset=UTF-8, application/*+xml;charset=UTF-8]
2025-10-10T07:22:22.216-05:00 DEBUG 14708 --- [wms-backend] [http-nio-8080-exec-1] o.s.w.s.m.m.a.HttpEntityMethodProcessor  : Writing ["1.0.1.48"]
2025-10-10T07:22:22.217-05:00 DEBUG 14708 --- [wms-backend] [http-nio-8080-exec-1] o.s.web.servlet.DispatcherServlet        : Completed 200 OK
2025-10-10T07:23:22.228-05:00 DEBUG 14708 --- [wms-backend] [http-nio-8080-exec-3] o.s.web.servlet.DispatcherServlet        : GET "/general/version", parameters={}
2025-10-10T07:23:22.228-05:00 DEBUG 14708 --- [wms-backend] [http-nio-8080-exec-3] s.w.s.m.m.a.RequestMappingHandlerMapping : Mapped to com.woden.wms_backend.controllers.WmsWdGeneral.VersionController#getVersion()
2025-10-10T07:23:22.229-05:00 DEBUG 14708 --- [wms-backend] [http-nio-8080-exec-3] o.s.w.s.m.m.a.HttpEntityMethodProcessor  : Using 'application/json', given [application/json, text/plain, */*] and supported [text/plain, */*, application/json, application/*+json, application/yaml, application/xml;charset=UTF-8, text/xml;charset=UTF-8, application/*+xml;charset=UTF-8]
2025-10-10T07:23:22.229-05:00 DEBUG 14708 --- [wms-backend] [http-nio-8080-exec-3] o.s.w.s.m.m.a.HttpEntityMethodProcessor  : Writing ["1.0.1.48"]
2025-10-10T07:23:22.230-05:00 DEBUG 14708 --- [wms-backend] [http-nio-8080-exec-3] o.s.web.servlet.DispatcherServlet        : Completed 200 OK
2025-10-10T07:24:22.226-05:00 DEBUG 14708 --- [wms-backend] [http-nio-8080-exec-4] o.s.web.servlet.DispatcherServlet        : GET "/general/version", parameters={}
2025-10-10T07:24:22.226-05:00 DEBUG 14708 --- [wms-backend] [http-nio-8080-exec-4] s.w.s.m.m.a.RequestMappingHandlerMapping : Mapped to com.woden.wms_backend.controllers.WmsWdGeneral.VersionController#getVersion()
2025-10-10T07:24:22.227-05:00 DEBUG 14708 --- [wms-backend] [http-nio-8080-exec-4] o.s.w.s.m.m.a.HttpEntityMethodProcessor  : Using 'application/json', given [application/json, text/plain, */*] and supported [text/plain, */*, application/json, application/*+json, application/yaml, application/xml;charset=UTF-8, text/xml;charset=UTF-8, application/*+xml;charset=UTF-8]
2025-10-10T07:24:22.227-05:00 DEBUG 14708 --- [wms-backend] [http-nio-8080-exec-4] o.s.w.s.m.m.a.HttpEntityMethodProcessor  : Writing ["1.0.1.48"]
2025-10-10T07:24:22.228-05:00 DEBUG 14708 --- [wms-backend] [http-nio-8080-exec-4] o.s.web.servlet.DispatcherServlet        : Completed 200 OK
2025-10-10T07:25:22.221-05:00 DEBUG 14708 --- [wms-backend] [http-nio-8080-exec-5] o.s.web.servlet.DispatcherServlet        : GET "/general/version", parameters={}
2025-10-10T07:25:22.223-05:00 DEBUG 14708 --- [wms-backend] [http-nio-8080-exec-5] s.w.s.m.m.a.RequestMappingHandlerMapping : Mapped to com.woden.wms_backend.controllers.WmsWdGeneral.VersionController#getVersion()
2025-10-10T07:25:22.223-05:00 DEBUG 14708 --- [wms-backend] [http-nio-8080-exec-5] o.s.w.s.m.m.a.HttpEntityMethodProcessor  : Using 'application/json', given [application/json, text/plain, */*] and supported [text/plain, */*, application/json, application/*+json, application/yaml, application/xml;charset=UTF-8, text/xml;charset=UTF-8, application/*+xml;charset=UTF-8]
2025-10-10T07:25:22.223-05:00 DEBUG 14708 --- [wms-backend] [http-nio-8080-exec-5] o.s.w.s.m.m.a.HttpEntityMethodProcessor  : Writing ["1.0.1.48"]
2025-10-10T07:25:22.225-05:00 DEBUG 14708 --- [wms-backend] [http-nio-8080-exec-5] o.s.web.servlet.DispatcherServlet        : Completed 200 OK
2025-10-10T07:26:22.234-05:00 DEBUG 14708 --- [wms-backend] [http-nio-8080-exec-6] o.s.web.servlet.DispatcherServlet        : GET "/general/version", parameters={}
2025-10-10T07:26:22.234-05:00 DEBUG 14708 --- [wms-backend] [http-nio-8080-exec-6] s.w.s.m.m.a.RequestMappingHandlerMapping : Mapped to com.woden.wms_backend.controllers.WmsWdGeneral.VersionController#getVersion()
2025-10-10T07:26:22.235-05:00 DEBUG 14708 --- [wms-backend] [http-nio-8080-exec-6] o.s.w.s.m.m.a.HttpEntityMethodProcessor  : Using 'application/json', given [application/json, text/plain, */*] and supported [text/plain, */*, application/json, application/*+json, application/yaml, application/xml;charset=UTF-8, text/xml;charset=UTF-8, application/*+xml;charset=UTF-8]
2025-10-10T07:26:22.235-05:00 DEBUG 14708 --- [wms-backend] [http-nio-8080-exec-6] o.s.w.s.m.m.a.HttpEntityMethodProcessor  : Writing ["1.0.1.48"]
2025-10-10T07:26:22.236-05:00 DEBUG 14708 --- [wms-backend] [http-nio-8080-exec-6] o.s.web.servlet.DispatcherServlet        : Completed 200 OK
2025-10-10T07:27:22.227-05:00 DEBUG 14708 --- [wms-backend] [http-nio-8080-exec-7] o.s.web.servlet.DispatcherServlet        : GET "/general/version", parameters={}
2025-10-10T07:27:22.228-05:00 DEBUG 14708 --- [wms-backend] [http-nio-8080-exec-7] s.w.s.m.m.a.RequestMappingHandlerMapping : Mapped to com.woden.wms_backend.controllers.WmsWdGeneral.VersionController#getVersion()
2025-10-10T07:27:22.230-05:00 DEBUG 14708 --- [wms-backend] [http-nio-8080-exec-7] o.s.w.s.m.m.a.HttpEntityMethodProcessor  : Using 'application/json', given [application/json, text/plain, */*] and supported [text/plain, */*, application/json, application/*+json, application/yaml, application/xml;charset=UTF-8, text/xml;charset=UTF-8, application/*+xml;charset=UTF-8]
2025-10-10T07:27:22.230-05:00 DEBUG 14708 --- [wms-backend] [http-nio-8080-exec-7] o.s.w.s.m.m.a.HttpEntityMethodProcessor  : Writing ["1.0.1.48"]
2025-10-10T07:27:22.231-05:00 DEBUG 14708 --- [wms-backend] [http-nio-8080-exec-7] o.s.web.servlet.DispatcherServlet        : Completed 200 OK
2025-10-10T07:28:22.222-05:00 DEBUG 14708 --- [wms-backend] [http-nio-8080-exec-8] o.s.web.servlet.DispatcherServlet        : GET "/general/version", parameters={}
2025-10-10T07:28:22.222-05:00 DEBUG 14708 --- [wms-backend] [http-nio-8080-exec-8] s.w.s.m.m.a.RequestMappingHandlerMapping : Mapped to com.woden.wms_backend.controllers.WmsWdGeneral.VersionController#getVersion()
2025-10-10T07:28:22.223-05:00 DEBUG 14708 --- [wms-backend] [http-nio-8080-exec-8] o.s.w.s.m.m.a.HttpEntityMethodProcessor  : Using 'application/json', given [application/json, text/plain, */*] and supported [text/plain, */*, application/json, application/*+json, application/yaml, application/xml;charset=UTF-8, text/xml;charset=UTF-8, application/*+xml;charset=UTF-8]
2025-10-10T07:28:22.223-05:00 DEBUG 14708 --- [wms-backend] [http-nio-8080-exec-8] o.s.w.s.m.m.a.HttpEntityMethodProcessor  : Writing ["1.0.1.48"]
2025-10-10T07:28:22.224-05:00 DEBUG 14708 --- [wms-backend] [http-nio-8080-exec-8] o.s.web.servlet.DispatcherServlet        : Completed 200 OK
2025-10-10T07:29:22.217-05:00 DEBUG 14708 --- [wms-backend] [http-nio-8080-exec-9] o.s.web.servlet.DispatcherServlet        : GET "/general/version", parameters={}
2025-10-10T07:29:22.217-05:00 DEBUG 14708 --- [wms-backend] [http-nio-8080-exec-9] s.w.s.m.m.a.RequestMappingHandlerMapping : Mapped to com.woden.wms_backend.controllers.WmsWdGeneral.VersionController#getVersion()
2025-10-10T07:29:22.219-05:00 DEBUG 14708 --- [wms-backend] [http-nio-8080-exec-9] o.s.w.s.m.m.a.HttpEntityMethodProcessor  : Using 'application/json', given [application/json, text/plain, */*] and supported [text/plain, */*, application/json, application/*+json, application/yaml, application/xml;charset=UTF-8, text/xml;charset=UTF-8, application/*+xml;charset=UTF-8]
2025-10-10T07:29:22.219-05:00 DEBUG 14708 --- [wms-backend] [http-nio-8080-exec-9] o.s.w.s.m.m.a.HttpEntityMethodProcessor  : Writing ["1.0.1.48"]
2025-10-10T07:29:22.221-05:00 DEBUG 14708 --- [wms-backend] [http-nio-8080-exec-9] o.s.web.servlet.DispatcherServlet        : Completed 200 OK
2025-10-10T07:30:22.230-05:00 DEBUG 14708 --- [wms-backend] [http-nio-8080-exec-10] o.s.web.servlet.DispatcherServlet        : GET "/general/version", parameters={}
2025-10-10T07:30:22.231-05:00 DEBUG 14708 --- [wms-backend] [http-nio-8080-exec-10] s.w.s.m.m.a.RequestMappingHandlerMapping : Mapped to com.woden.wms_backend.controllers.WmsWdGeneral.VersionController#getVersion()
2025-10-10T07:30:22.231-05:00 DEBUG 14708 --- [wms-backend] [http-nio-8080-exec-10] o.s.w.s.m.m.a.HttpEntityMethodProcessor  : Using 'application/json', given [application/json, text/plain, */*] and supported [text/plain, */*, application/json, application/*+json, application/yaml, application/xml;charset=UTF-8, text/xml;charset=UTF-8, application/*+xml;charset=UTF-8]
2025-10-10T07:30:22.233-05:00 DEBUG 14708 --- [wms-backend] [http-nio-8080-exec-10] o.s.w.s.m.m.a.HttpEntityMethodProcessor  : Writing ["1.0.1.48"]
2025-10-10T07:30:22.234-05:00 DEBUG 14708 --- [wms-backend] [http-nio-8080-exec-10] o.s.web.servlet.DispatcherServlet        : Completed 200 OK
2025-10-10T07:31:22.221-05:00 DEBUG 14708 --- [wms-backend] [http-nio-8080-exec-1] o.s.web.servlet.DispatcherServlet        : GET "/general/version", parameters={}
2025-10-10T07:31:22.221-05:00 DEBUG 14708 --- [wms-backend] [http-nio-8080-exec-1] s.w.s.m.m.a.RequestMappingHandlerMapping : Mapped to com.woden.wms_backend.controllers.WmsWdGeneral.VersionController#getVersion()
2025-10-10T07:31:22.222-05:00 DEBUG 14708 --- [wms-backend] [http-nio-8080-exec-1] o.s.w.s.m.m.a.HttpEntityMethodProcessor  : Using 'application/json', given [application/json, text/plain, */*] and supported [text/plain, */*, application/json, application/*+json, application/yaml, application/xml;charset=UTF-8, text/xml;charset=UTF-8, application/*+xml;charset=UTF-8]
2025-10-10T07:31:22.223-05:00 DEBUG 14708 --- [wms-backend] [http-nio-8080-exec-1] o.s.w.s.m.m.a.HttpEntityMethodProcessor  : Writing ["1.0.1.48"]
2025-10-10T07:31:22.226-05:00 DEBUG 14708 --- [wms-backend] [http-nio-8080-exec-1] o.s.web.servlet.DispatcherServlet        : Completed 200 OK
2025-10-10T07:32:22.218-05:00 DEBUG 14708 --- [wms-backend] [http-nio-8080-exec-2] o.s.web.servlet.DispatcherServlet        : GET "/general/version", parameters={}
2025-10-10T07:32:22.219-05:00 DEBUG 14708 --- [wms-backend] [http-nio-8080-exec-2] s.w.s.m.m.a.RequestMappingHandlerMapping : Mapped to com.woden.wms_backend.controllers.WmsWdGeneral.VersionController#getVersion()
2025-10-10T07:32:22.222-05:00 DEBUG 14708 --- [wms-backend] [http-nio-8080-exec-2] o.s.w.s.m.m.a.HttpEntityMethodProcessor  : Using 'application/json', given [application/json, text/plain, */*] and supported [text/plain, */*, application/json, application/*+json, application/yaml, application/xml;charset=UTF-8, text/xml;charset=UTF-8, application/*+xml;charset=UTF-8]
2025-10-10T07:32:22.222-05:00 DEBUG 14708 --- [wms-backend] [http-nio-8080-exec-2] o.s.w.s.m.m.a.HttpEntityMethodProcessor  : Writing ["1.0.1.48"]
2025-10-10T07:32:22.224-05:00 DEBUG 14708 --- [wms-backend] [http-nio-8080-exec-2] o.s.web.servlet.DispatcherServlet        : Completed 200 OK
2025-10-10T07:33:22.229-05:00 DEBUG 14708 --- [wms-backend] [http-nio-8080-exec-3] o.s.web.servlet.DispatcherServlet        : GET "/general/version", parameters={}
2025-10-10T07:33:22.229-05:00 DEBUG 14708 --- [wms-backend] [http-nio-8080-exec-3] s.w.s.m.m.a.RequestMappingHandlerMapping : Mapped to com.woden.wms_backend.controllers.WmsWdGeneral.VersionController#getVersion()
2025-10-10T07:33:22.231-05:00 DEBUG 14708 --- [wms-backend] [http-nio-8080-exec-3] o.s.w.s.m.m.a.HttpEntityMethodProcessor  : Using 'application/json', given [application/json, text/plain, */*] and supported [text/plain, */*, application/json, application/*+json, application/yaml, application/xml;charset=UTF-8, text/xml;charset=UTF-8, application/*+xml;charset=UTF-8]
2025-10-10T07:33:22.231-05:00 DEBUG 14708 --- [wms-backend] [http-nio-8080-exec-3] o.s.w.s.m.m.a.HttpEntityMethodProcessor  : Writing ["1.0.1.48"]
2025-10-10T07:33:22.231-05:00 DEBUG 14708 --- [wms-backend] [http-nio-8080-exec-3] o.s.web.servlet.DispatcherServlet        : Completed 200 OK
2025-10-10T07:34:22.224-05:00 DEBUG 14708 --- [wms-backend] [http-nio-8080-exec-4] o.s.web.servlet.DispatcherServlet        : GET "/general/version", parameters={}
2025-10-10T07:34:22.224-05:00 DEBUG 14708 --- [wms-backend] [http-nio-8080-exec-4] s.w.s.m.m.a.RequestMappingHandlerMapping : Mapped to com.woden.wms_backend.controllers.WmsWdGeneral.VersionController#getVersion()
2025-10-10T07:34:22.224-05:00 DEBUG 14708 --- [wms-backend] [http-nio-8080-exec-4] o.s.w.s.m.m.a.HttpEntityMethodProcessor  : Using 'application/json', given [application/json, text/plain, */*] and supported [text/plain, */*, application/json, application/*+json, application/yaml, application/xml;charset=UTF-8, text/xml;charset=UTF-8, application/*+xml;charset=UTF-8]
2025-10-10T07:34:22.224-05:00 DEBUG 14708 --- [wms-backend] [http-nio-8080-exec-4] o.s.w.s.m.m.a.HttpEntityMethodProcessor  : Writing ["1.0.1.48"]
2025-10-10T07:34:22.225-05:00 DEBUG 14708 --- [wms-backend] [http-nio-8080-exec-4] o.s.web.servlet.DispatcherServlet        : Completed 200 OK
2025-10-10T07:35:22.247-05:00 DEBUG 14708 --- [wms-backend] [http-nio-8080-exec-5] o.s.web.servlet.DispatcherServlet        : GET "/general/version", parameters={}
2025-10-10T07:35:22.248-05:00 DEBUG 14708 --- [wms-backend] [http-nio-8080-exec-5] s.w.s.m.m.a.RequestMappingHandlerMapping : Mapped to com.woden.wms_backend.controllers.WmsWdGeneral.VersionController#getVersion()
2025-10-10T07:35:22.249-05:00 DEBUG 14708 --- [wms-backend] [http-nio-8080-exec-5] o.s.w.s.m.m.a.HttpEntityMethodProcessor  : Using 'application/json', given [application/json, text/plain, */*] and supported [text/plain, */*, application/json, application/*+json, application/yaml, application/xml;charset=UTF-8, text/xml;charset=UTF-8, application/*+xml;charset=UTF-8]
2025-10-10T07:35:22.249-05:00 DEBUG 14708 --- [wms-backend] [http-nio-8080-exec-5] o.s.w.s.m.m.a.HttpEntityMethodProcessor  : Writing ["1.0.1.48"]
2025-10-10T07:35:22.250-05:00 DEBUG 14708 --- [wms-backend] [http-nio-8080-exec-5] o.s.web.servlet.DispatcherServlet        : Completed 200 OK
2025-10-10T07:36:22.226-05:00 DEBUG 14708 --- [wms-backend] [http-nio-8080-exec-6] o.s.web.servlet.DispatcherServlet        : GET "/general/version", parameters={}
2025-10-10T07:36:22.226-05:00 DEBUG 14708 --- [wms-backend] [http-nio-8080-exec-6] s.w.s.m.m.a.RequestMappingHandlerMapping : Mapped to com.woden.wms_backend.controllers.WmsWdGeneral.VersionController#getVersion()
2025-10-10T07:36:22.227-05:00 DEBUG 14708 --- [wms-backend] [http-nio-8080-exec-6] o.s.w.s.m.m.a.HttpEntityMethodProcessor  : Using 'application/json', given [application/json, text/plain, */*] and supported [text/plain, */*, application/json, application/*+json, application/yaml, application/xml;charset=UTF-8, text/xml;charset=UTF-8, application/*+xml;charset=UTF-8]
2025-10-10T07:36:22.227-05:00 DEBUG 14708 --- [wms-backend] [http-nio-8080-exec-6] o.s.w.s.m.m.a.HttpEntityMethodProcessor  : Writing ["1.0.1.48"]
2025-10-10T07:36:22.228-05:00 DEBUG 14708 --- [wms-backend] [http-nio-8080-exec-6] o.s.web.servlet.DispatcherServlet        : Completed 200 OK
2025-10-10T07:37:22.228-05:00 DEBUG 14708 --- [wms-backend] [http-nio-8080-exec-7] o.s.web.servlet.DispatcherServlet        : GET "/general/version", parameters={}
2025-10-10T07:37:22.228-05:00 DEBUG 14708 --- [wms-backend] [http-nio-8080-exec-7] s.w.s.m.m.a.RequestMappingHandlerMapping : Mapped to com.woden.wms_backend.controllers.WmsWdGeneral.VersionController#getVersion()
2025-10-10T07:37:22.230-05:00 DEBUG 14708 --- [wms-backend] [http-nio-8080-exec-7] o.s.w.s.m.m.a.HttpEntityMethodProcessor  : Using 'application/json', given [application/json, text/plain, */*] and supported [text/plain, */*, application/json, application/*+json, application/yaml, application/xml;charset=UTF-8, text/xml;charset=UTF-8, application/*+xml;charset=UTF-8]
2025-10-10T07:37:22.230-05:00 DEBUG 14708 --- [wms-backend] [http-nio-8080-exec-7] o.s.w.s.m.m.a.HttpEntityMethodProcessor  : Writing ["1.0.1.48"]
2025-10-10T07:37:22.231-05:00 DEBUG 14708 --- [wms-backend] [http-nio-8080-exec-7] o.s.web.servlet.DispatcherServlet        : Completed 200 OK
2025-10-10T07:38:22.227-05:00 DEBUG 14708 --- [wms-backend] [http-nio-8080-exec-8] o.s.web.servlet.DispatcherServlet        : GET "/general/version", parameters={}
2025-10-10T07:38:22.227-05:00 DEBUG 14708 --- [wms-backend] [http-nio-8080-exec-8] s.w.s.m.m.a.RequestMappingHandlerMapping : Mapped to com.woden.wms_backend.controllers.WmsWdGeneral.VersionController#getVersion()
2025-10-10T07:38:22.228-05:00 DEBUG 14708 --- [wms-backend] [http-nio-8080-exec-8] o.s.w.s.m.m.a.HttpEntityMethodProcessor  : Using 'application/json', given [application/json, text/plain, */*] and supported [text/plain, */*, application/json, application/*+json, application/yaml, application/xml;charset=UTF-8, text/xml;charset=UTF-8, application/*+xml;charset=UTF-8]
2025-10-10T07:38:22.228-05:00 DEBUG 14708 --- [wms-backend] [http-nio-8080-exec-8] o.s.w.s.m.m.a.HttpEntityMethodProcessor  : Writing ["1.0.1.48"]
2025-10-10T07:38:22.230-05:00 DEBUG 14708 --- [wms-backend] [http-nio-8080-exec-8] o.s.web.servlet.DispatcherServlet        : Completed 200 OK
2025-10-10T07:39:22.216-05:00 DEBUG 14708 --- [wms-backend] [http-nio-8080-exec-9] o.s.web.servlet.DispatcherServlet        : GET "/general/version", parameters={}
2025-10-10T07:39:22.216-05:00 DEBUG 14708 --- [wms-backend] [http-nio-8080-exec-9] s.w.s.m.m.a.RequestMappingHandlerMapping : Mapped to com.woden.wms_backend.controllers.WmsWdGeneral.VersionController#getVersion()
2025-10-10T07:39:22.217-05:00 DEBUG 14708 --- [wms-backend] [http-nio-8080-exec-9] o.s.w.s.m.m.a.HttpEntityMethodProcessor  : Using 'application/json', given [application/json, text/plain, */*] and supported [text/plain, */*, application/json, application/*+json, application/yaml, application/xml;charset=UTF-8, text/xml;charset=UTF-8, application/*+xml;charset=UTF-8]
2025-10-10T07:39:22.218-05:00 DEBUG 14708 --- [wms-backend] [http-nio-8080-exec-9] o.s.w.s.m.m.a.HttpEntityMethodProcessor  : Writing ["1.0.1.48"]
2025-10-10T07:39:22.218-05:00 DEBUG 14708 --- [wms-backend] [http-nio-8080-exec-9] o.s.web.servlet.DispatcherServlet        : Completed 200 OK
2025-10-10T07:40:22.226-05:00 DEBUG 14708 --- [wms-backend] [http-nio-8080-exec-10] o.s.web.servlet.DispatcherServlet        : GET "/general/version", parameters={}
2025-10-10T07:40:22.227-05:00 DEBUG 14708 --- [wms-backend] [http-nio-8080-exec-10] s.w.s.m.m.a.RequestMappingHandlerMapping : Mapped to com.woden.wms_backend.controllers.WmsWdGeneral.VersionController#getVersion()
2025-10-10T07:40:22.228-05:00 DEBUG 14708 --- [wms-backend] [http-nio-8080-exec-10] o.s.w.s.m.m.a.HttpEntityMethodProcessor  : Using 'application/json', given [application/json, text/plain, */*] and supported [text/plain, */*, application/json, application/*+json, application/yaml, application/xml;charset=UTF-8, text/xml;charset=UTF-8, application/*+xml;charset=UTF-8]
2025-10-10T07:40:22.228-05:00 DEBUG 14708 --- [wms-backend] [http-nio-8080-exec-10] o.s.w.s.m.m.a.HttpEntityMethodProcessor  : Writing ["1.0.1.48"]
2025-10-10T07:40:22.229-05:00 DEBUG 14708 --- [wms-backend] [http-nio-8080-exec-10] o.s.web.servlet.DispatcherServlet        : Completed 200 OK
2025-10-10T07:41:22.215-05:00 DEBUG 14708 --- [wms-backend] [http-nio-8080-exec-1] o.s.web.servlet.DispatcherServlet        : GET "/general/version", parameters={}
2025-10-10T07:41:22.217-05:00 DEBUG 14708 --- [wms-backend] [http-nio-8080-exec-1] s.w.s.m.m.a.RequestMappingHandlerMapping : Mapped to com.woden.wms_backend.controllers.WmsWdGeneral.VersionController#getVersion()
2025-10-10T07:41:22.218-05:00 DEBUG 14708 --- [wms-backend] [http-nio-8080-exec-1] o.s.w.s.m.m.a.HttpEntityMethodProcessor  : Using 'application/json', given [application/json, text/plain, */*] and supported [text/plain, */*, application/json, application/*+json, application/yaml, application/xml;charset=UTF-8, text/xml;charset=UTF-8, application/*+xml;charset=UTF-8]
2025-10-10T07:41:22.218-05:00 DEBUG 14708 --- [wms-backend] [http-nio-8080-exec-1] o.s.w.s.m.m.a.HttpEntityMethodProcessor  : Writing ["1.0.1.48"]
2025-10-10T07:41:22.219-05:00 DEBUG 14708 --- [wms-backend] [http-nio-8080-exec-1] o.s.web.servlet.DispatcherServlet        : Completed 200 OK
2025-10-10T07:42:22.264-05:00 DEBUG 14708 --- [wms-backend] [http-nio-8080-exec-2] o.s.web.servlet.DispatcherServlet        : GET "/general/version", parameters={}
2025-10-10T07:42:22.264-05:00 DEBUG 14708 --- [wms-backend] [http-nio-8080-exec-2] s.w.s.m.m.a.RequestMappingHandlerMapping : Mapped to com.woden.wms_backend.controllers.WmsWdGeneral.VersionController#getVersion()
2025-10-10T07:42:22.264-05:00 DEBUG 14708 --- [wms-backend] [http-nio-8080-exec-2] o.s.w.s.m.m.a.HttpEntityMethodProcessor  : Using 'application/json', given [application/json, text/plain, */*] and supported [text/plain, */*, application/json, application/*+json, application/yaml, application/xml;charset=UTF-8, text/xml;charset=UTF-8, application/*+xml;charset=UTF-8]
2025-10-10T07:42:22.264-05:00 DEBUG 14708 --- [wms-backend] [http-nio-8080-exec-2] o.s.w.s.m.m.a.HttpEntityMethodProcessor  : Writing ["1.0.1.48"]
2025-10-10T07:42:22.266-05:00 DEBUG 14708 --- [wms-backend] [http-nio-8080-exec-2] o.s.web.servlet.DispatcherServlet        : Completed 200 OK
2025-10-10T07:43:22.229-05:00 DEBUG 14708 --- [wms-backend] [http-nio-8080-exec-3] o.s.web.servlet.DispatcherServlet        : GET "/general/version", parameters={}
2025-10-10T07:43:22.229-05:00 DEBUG 14708 --- [wms-backend] [http-nio-8080-exec-3] s.w.s.m.m.a.RequestMappingHandlerMapping : Mapped to com.woden.wms_backend.controllers.WmsWdGeneral.VersionController#getVersion()
2025-10-10T07:43:22.231-05:00 DEBUG 14708 --- [wms-backend] [http-nio-8080-exec-3] o.s.w.s.m.m.a.HttpEntityMethodProcessor  : Using 'application/json', given [application/json, text/plain, */*] and supported [text/plain, */*, application/json, application/*+json, application/yaml, application/xml;charset=UTF-8, text/xml;charset=UTF-8, application/*+xml;charset=UTF-8]
2025-10-10T07:43:22.231-05:00 DEBUG 14708 --- [wms-backend] [http-nio-8080-exec-3] o.s.w.s.m.m.a.HttpEntityMethodProcessor  : Writing ["1.0.1.48"]
2025-10-10T07:43:22.232-05:00 DEBUG 14708 --- [wms-backend] [http-nio-8080-exec-3] o.s.web.servlet.DispatcherServlet        : Completed 200 OK
2025-10-10T07:44:22.232-05:00 DEBUG 14708 --- [wms-backend] [http-nio-8080-exec-4] o.s.web.servlet.DispatcherServlet        : GET "/general/version", parameters={}
2025-10-10T07:44:22.232-05:00 DEBUG 14708 --- [wms-backend] [http-nio-8080-exec-4] s.w.s.m.m.a.RequestMappingHandlerMapping : Mapped to com.woden.wms_backend.controllers.WmsWdGeneral.VersionController#getVersion()
2025-10-10T07:44:22.232-05:00 DEBUG 14708 --- [wms-backend] [http-nio-8080-exec-4] o.s.w.s.m.m.a.HttpEntityMethodProcessor  : Using 'application/json', given [application/json, text/plain, */*] and supported [text/plain, */*, application/json, application/*+json, application/yaml, application/xml;charset=UTF-8, text/xml;charset=UTF-8, application/*+xml;charset=UTF-8]
2025-10-10T07:44:22.233-05:00 DEBUG 14708 --- [wms-backend] [http-nio-8080-exec-4] o.s.w.s.m.m.a.HttpEntityMethodProcessor  : Writing ["1.0.1.48"]
2025-10-10T07:44:22.235-05:00 DEBUG 14708 --- [wms-backend] [http-nio-8080-exec-4] o.s.web.servlet.DispatcherServlet        : Completed 200 OK
2025-10-10T07:45:22.266-05:00 DEBUG 14708 --- [wms-backend] [http-nio-8080-exec-5] o.s.web.servlet.DispatcherServlet        : GET "/general/version", parameters={}
2025-10-10T07:45:22.266-05:00 DEBUG 14708 --- [wms-backend] [http-nio-8080-exec-5] s.w.s.m.m.a.RequestMappingHandlerMapping : Mapped to com.woden.wms_backend.controllers.WmsWdGeneral.VersionController#getVersion()
2025-10-10T07:45:22.267-05:00 DEBUG 14708 --- [wms-backend] [http-nio-8080-exec-5] o.s.w.s.m.m.a.HttpEntityMethodProcessor  : Using 'application/json', given [application/json, text/plain, */*] and supported [text/plain, */*, application/json, application/*+json, application/yaml, application/xml;charset=UTF-8, text/xml;charset=UTF-8, application/*+xml;charset=UTF-8]
2025-10-10T07:45:22.267-05:00 DEBUG 14708 --- [wms-backend] [http-nio-8080-exec-5] o.s.w.s.m.m.a.HttpEntityMethodProcessor  : Writing ["1.0.1.48"]
2025-10-10T07:45:22.268-05:00 DEBUG 14708 --- [wms-backend] [http-nio-8080-exec-5] o.s.web.servlet.DispatcherServlet        : Completed 200 OK
2025-10-10T07:46:22.225-05:00 DEBUG 14708 --- [wms-backend] [http-nio-8080-exec-6] o.s.web.servlet.DispatcherServlet        : GET "/general/version", parameters={}
2025-10-10T07:46:22.225-05:00 DEBUG 14708 --- [wms-backend] [http-nio-8080-exec-6] s.w.s.m.m.a.RequestMappingHandlerMapping : Mapped to com.woden.wms_backend.controllers.WmsWdGeneral.VersionController#getVersion()
2025-10-10T07:46:22.227-05:00 DEBUG 14708 --- [wms-backend] [http-nio-8080-exec-6] o.s.w.s.m.m.a.HttpEntityMethodProcessor  : Using 'application/json', given [application/json, text/plain, */*] and supported [text/plain, */*, application/json, application/*+json, application/yaml, application/xml;charset=UTF-8, text/xml;charset=UTF-8, application/*+xml;charset=UTF-8]
2025-10-10T07:46:22.227-05:00 DEBUG 14708 --- [wms-backend] [http-nio-8080-exec-6] o.s.w.s.m.m.a.HttpEntityMethodProcessor  : Writing ["1.0.1.48"]
2025-10-10T07:46:22.227-05:00 DEBUG 14708 --- [wms-backend] [http-nio-8080-exec-6] o.s.web.servlet.DispatcherServlet        : Completed 200 OK
2025-10-10T07:47:22.222-05:00 DEBUG 14708 --- [wms-backend] [http-nio-8080-exec-7] o.s.web.servlet.DispatcherServlet        : GET "/general/version", parameters={}
2025-10-10T07:47:22.223-05:00 DEBUG 14708 --- [wms-backend] [http-nio-8080-exec-7] s.w.s.m.m.a.RequestMappingHandlerMapping : Mapped to com.woden.wms_backend.controllers.WmsWdGeneral.VersionController#getVersion()
2025-10-10T07:47:22.225-05:00 DEBUG 14708 --- [wms-backend] [http-nio-8080-exec-7] o.s.w.s.m.m.a.HttpEntityMethodProcessor  : Using 'application/json', given [application/json, text/plain, */*] and supported [text/plain, */*, application/json, application/*+json, application/yaml, application/xml;charset=UTF-8, text/xml;charset=UTF-8, application/*+xml;charset=UTF-8]
2025-10-10T07:47:22.225-05:00 DEBUG 14708 --- [wms-backend] [http-nio-8080-exec-7] o.s.w.s.m.m.a.HttpEntityMethodProcessor  : Writing ["1.0.1.48"]
2025-10-10T07:47:22.227-05:00 DEBUG 14708 --- [wms-backend] [http-nio-8080-exec-7] o.s.web.servlet.DispatcherServlet        : Completed 200 OK
2025-10-10T07:48:22.226-05:00 DEBUG 14708 --- [wms-backend] [http-nio-8080-exec-8] o.s.web.servlet.DispatcherServlet        : GET "/general/version", parameters={}
2025-10-10T07:48:22.228-05:00 DEBUG 14708 --- [wms-backend] [http-nio-8080-exec-8] s.w.s.m.m.a.RequestMappingHandlerMapping : Mapped to com.woden.wms_backend.controllers.WmsWdGeneral.VersionController#getVersion()
2025-10-10T07:48:22.229-05:00 DEBUG 14708 --- [wms-backend] [http-nio-8080-exec-8] o.s.w.s.m.m.a.HttpEntityMethodProcessor  : Using 'application/json', given [application/json, text/plain, */*] and supported [text/plain, */*, application/json, application/*+json, application/yaml, application/xml;charset=UTF-8, text/xml;charset=UTF-8, application/*+xml;charset=UTF-8]
2025-10-10T07:48:22.229-05:00 DEBUG 14708 --- [wms-backend] [http-nio-8080-exec-8] o.s.w.s.m.m.a.HttpEntityMethodProcessor  : Writing ["1.0.1.48"]
2025-10-10T07:48:22.230-05:00 DEBUG 14708 --- [wms-backend] [http-nio-8080-exec-8] o.s.web.servlet.DispatcherServlet        : Completed 200 OK
2025-10-10T07:49:22.234-05:00 DEBUG 14708 --- [wms-backend] [http-nio-8080-exec-9] o.s.web.servlet.DispatcherServlet        : GET "/general/version", parameters={}
2025-10-10T07:49:22.234-05:00 DEBUG 14708 --- [wms-backend] [http-nio-8080-exec-9] s.w.s.m.m.a.RequestMappingHandlerMapping : Mapped to com.woden.wms_backend.controllers.WmsWdGeneral.VersionController#getVersion()
2025-10-10T07:49:22.235-05:00 DEBUG 14708 --- [wms-backend] [http-nio-8080-exec-9] o.s.w.s.m.m.a.HttpEntityMethodProcessor  : Using 'application/json', given [application/json, text/plain, */*] and supported [text/plain, */*, application/json, application/*+json, application/yaml, application/xml;charset=UTF-8, text/xml;charset=UTF-8, application/*+xml;charset=UTF-8]
2025-10-10T07:49:22.235-05:00 DEBUG 14708 --- [wms-backend] [http-nio-8080-exec-9] o.s.w.s.m.m.a.HttpEntityMethodProcessor  : Writing ["1.0.1.48"]
2025-10-10T07:49:22.235-05:00 DEBUG 14708 --- [wms-backend] [http-nio-8080-exec-9] o.s.web.servlet.DispatcherServlet        : Completed 200 OK
2025-10-10T07:50:22.219-05:00 DEBUG 14708 --- [wms-backend] [http-nio-8080-exec-10] o.s.web.servlet.DispatcherServlet        : GET "/general/version", parameters={}
2025-10-10T07:50:22.219-05:00 DEBUG 14708 --- [wms-backend] [http-nio-8080-exec-10] s.w.s.m.m.a.RequestMappingHandlerMapping : Mapped to com.woden.wms_backend.controllers.WmsWdGeneral.VersionController#getVersion()
2025-10-10T07:50:22.260-05:00 DEBUG 14708 --- [wms-backend] [http-nio-8080-exec-10] o.s.w.s.m.m.a.HttpEntityMethodProcessor  : Using 'application/json', given [application/json, text/plain, */*] and supported [text/plain, */*, application/json, application/*+json, application/yaml, application/xml;charset=UTF-8, text/xml;charset=UTF-8, application/*+xml;charset=UTF-8]
2025-10-10T07:50:22.260-05:00 DEBUG 14708 --- [wms-backend] [http-nio-8080-exec-10] o.s.w.s.m.m.a.HttpEntityMethodProcessor  : Writing ["1.0.1.48"]
2025-10-10T07:50:22.270-05:00 DEBUG 14708 --- [wms-backend] [http-nio-8080-exec-10] o.s.web.servlet.DispatcherServlet        : Completed 200 OK
2025-10-10T07:51:22.227-05:00 DEBUG 14708 --- [wms-backend] [http-nio-8080-exec-1] o.s.web.servlet.DispatcherServlet        : GET "/general/version", parameters={}
2025-10-10T07:51:22.228-05:00 DEBUG 14708 --- [wms-backend] [http-nio-8080-exec-1] s.w.s.m.m.a.RequestMappingHandlerMapping : Mapped to com.woden.wms_backend.controllers.WmsWdGeneral.VersionController#getVersion()
2025-10-10T07:51:22.267-05:00 DEBUG 14708 --- [wms-backend] [http-nio-8080-exec-1] o.s.w.s.m.m.a.HttpEntityMethodProcessor  : Using 'application/json', given [application/json, text/plain, */*] and supported [text/plain, */*, application/json, application/*+json, application/yaml, application/xml;charset=UTF-8, text/xml;charset=UTF-8, application/*+xml;charset=UTF-8]
2025-10-10T07:51:22.268-05:00 DEBUG 14708 --- [wms-backend] [http-nio-8080-exec-1] o.s.w.s.m.m.a.HttpEntityMethodProcessor  : Writing ["1.0.1.48"]
2025-10-10T07:51:22.269-05:00 DEBUG 14708 --- [wms-backend] [http-nio-8080-exec-1] o.s.web.servlet.DispatcherServlet        : Completed 200 OK
2025-10-10T07:52:22.234-05:00 DEBUG 14708 --- [wms-backend] [http-nio-8080-exec-2] o.s.web.servlet.DispatcherServlet        : GET "/general/version", parameters={}
2025-10-10T07:52:22.235-05:00 DEBUG 14708 --- [wms-backend] [http-nio-8080-exec-2] s.w.s.m.m.a.RequestMappingHandlerMapping : Mapped to com.woden.wms_backend.controllers.WmsWdGeneral.VersionController#getVersion()
2025-10-10T07:52:22.235-05:00 DEBUG 14708 --- [wms-backend] [http-nio-8080-exec-2] o.s.w.s.m.m.a.HttpEntityMethodProcessor  : Using 'application/json', given [application/json, text/plain, */*] and supported [text/plain, */*, application/json, application/*+json, application/yaml, application/xml;charset=UTF-8, text/xml;charset=UTF-8, application/*+xml;charset=UTF-8]
2025-10-10T07:52:22.235-05:00 DEBUG 14708 --- [wms-backend] [http-nio-8080-exec-2] o.s.w.s.m.m.a.HttpEntityMethodProcessor  : Writing ["1.0.1.48"]
2025-10-10T07:52:22.236-05:00 DEBUG 14708 --- [wms-backend] [http-nio-8080-exec-2] o.s.web.servlet.DispatcherServlet        : Completed 200 OK
2025-10-10T07:53:22.218-05:00 DEBUG 14708 --- [wms-backend] [http-nio-8080-exec-4] o.s.web.servlet.DispatcherServlet        : GET "/general/version", parameters={}
2025-10-10T07:53:22.218-05:00 DEBUG 14708 --- [wms-backend] [http-nio-8080-exec-4] s.w.s.m.m.a.RequestMappingHandlerMapping : Mapped to com.woden.wms_backend.controllers.WmsWdGeneral.VersionController#getVersion()
2025-10-10T07:53:22.219-05:00 DEBUG 14708 --- [wms-backend] [http-nio-8080-exec-4] o.s.w.s.m.m.a.HttpEntityMethodProcessor  : Using 'application/json', given [application/json, text/plain, */*] and supported [text/plain, */*, application/json, application/*+json, application/yaml, application/xml;charset=UTF-8, text/xml;charset=UTF-8, application/*+xml;charset=UTF-8]
2025-10-10T07:53:22.220-05:00 DEBUG 14708 --- [wms-backend] [http-nio-8080-exec-4] o.s.w.s.m.m.a.HttpEntityMethodProcessor  : Writing ["1.0.1.48"]
2025-10-10T07:53:22.222-05:00 DEBUG 14708 --- [wms-backend] [http-nio-8080-exec-4] o.s.web.servlet.DispatcherServlet        : Completed 200 OK
2025-10-10T07:54:22.225-05:00 DEBUG 14708 --- [wms-backend] [http-nio-8080-exec-6] o.s.web.servlet.DispatcherServlet        : GET "/general/version", parameters={}
2025-10-10T07:54:22.225-05:00 DEBUG 14708 --- [wms-backend] [http-nio-8080-exec-6] s.w.s.m.m.a.RequestMappingHandlerMapping : Mapped to com.woden.wms_backend.controllers.WmsWdGeneral.VersionController#getVersion()
2025-10-10T07:54:22.226-05:00 DEBUG 14708 --- [wms-backend] [http-nio-8080-exec-6] o.s.w.s.m.m.a.HttpEntityMethodProcessor  : Using 'application/json', given [application/json, text/plain, */*] and supported [text/plain, */*, application/json, application/*+json, application/yaml, application/xml;charset=UTF-8, text/xml;charset=UTF-8, application/*+xml;charset=UTF-8]
2025-10-10T07:54:22.226-05:00 DEBUG 14708 --- [wms-backend] [http-nio-8080-exec-6] o.s.w.s.m.m.a.HttpEntityMethodProcessor  : Writing ["1.0.1.48"]
2025-10-10T07:54:22.228-05:00 DEBUG 14708 --- [wms-backend] [http-nio-8080-exec-6] o.s.web.servlet.DispatcherServlet        : Completed 200 OK
2025-10-10T07:55:22.224-05:00 DEBUG 14708 --- [wms-backend] [http-nio-8080-exec-7] o.s.web.servlet.DispatcherServlet        : GET "/general/version", parameters={}
2025-10-10T07:55:22.224-05:00 DEBUG 14708 --- [wms-backend] [http-nio-8080-exec-7] s.w.s.m.m.a.RequestMappingHandlerMapping : Mapped to com.woden.wms_backend.controllers.WmsWdGeneral.VersionController#getVersion()
2025-10-10T07:55:22.225-05:00 DEBUG 14708 --- [wms-backend] [http-nio-8080-exec-7] o.s.w.s.m.m.a.HttpEntityMethodProcessor  : Using 'application/json', given [application/json, text/plain, */*] and supported [text/plain, */*, application/json, application/*+json, application/yaml, application/xml;charset=UTF-8, text/xml;charset=UTF-8, application/*+xml;charset=UTF-8]
2025-10-10T07:55:22.225-05:00 DEBUG 14708 --- [wms-backend] [http-nio-8080-exec-7] o.s.w.s.m.m.a.HttpEntityMethodProcessor  : Writing ["1.0.1.48"]
2025-10-10T07:55:22.227-05:00 DEBUG 14708 --- [wms-backend] [http-nio-8080-exec-7] o.s.web.servlet.DispatcherServlet        : Completed 200 OK
2025-10-10T07:56:22.219-05:00 DEBUG 14708 --- [wms-backend] [http-nio-8080-exec-8] o.s.web.servlet.DispatcherServlet        : GET "/general/version", parameters={}
2025-10-10T07:56:22.220-05:00 DEBUG 14708 --- [wms-backend] [http-nio-8080-exec-8] s.w.s.m.m.a.RequestMappingHandlerMapping : Mapped to com.woden.wms_backend.controllers.WmsWdGeneral.VersionController#getVersion()
2025-10-10T07:56:22.221-05:00 DEBUG 14708 --- [wms-backend] [http-nio-8080-exec-8] o.s.w.s.m.m.a.HttpEntityMethodProcessor  : Using 'application/json', given [application/json, text/plain, */*] and supported [text/plain, */*, application/json, application/*+json, application/yaml, application/xml;charset=UTF-8, text/xml;charset=UTF-8, application/*+xml;charset=UTF-8]
2025-10-10T07:56:22.221-05:00 DEBUG 14708 --- [wms-backend] [http-nio-8080-exec-8] o.s.w.s.m.m.a.HttpEntityMethodProcessor  : Writing ["1.0.1.48"]
2025-10-10T07:56:22.222-05:00 DEBUG 14708 --- [wms-backend] [http-nio-8080-exec-8] o.s.web.servlet.DispatcherServlet        : Completed 200 OK
2025-10-10T07:57:22.220-05:00 DEBUG 14708 --- [wms-backend] [http-nio-8080-exec-9] o.s.web.servlet.DispatcherServlet        : GET "/general/version", parameters={}
2025-10-10T07:57:22.221-05:00 DEBUG 14708 --- [wms-backend] [http-nio-8080-exec-9] s.w.s.m.m.a.RequestMappingHandlerMapping : Mapped to com.woden.wms_backend.controllers.WmsWdGeneral.VersionController#getVersion()
2025-10-10T07:57:22.223-05:00 DEBUG 14708 --- [wms-backend] [http-nio-8080-exec-9] o.s.w.s.m.m.a.HttpEntityMethodProcessor  : Using 'application/json', given [application/json, text/plain, */*] and supported [text/plain, */*, application/json, application/*+json, application/yaml, application/xml;charset=UTF-8, text/xml;charset=UTF-8, application/*+xml;charset=UTF-8]
2025-10-10T07:57:22.223-05:00 DEBUG 14708 --- [wms-backend] [http-nio-8080-exec-9] o.s.w.s.m.m.a.HttpEntityMethodProcessor  : Writing ["1.0.1.48"]
2025-10-10T07:57:22.224-05:00 DEBUG 14708 --- [wms-backend] [http-nio-8080-exec-9] o.s.web.servlet.DispatcherServlet        : Completed 200 OK
2025-10-10T07:58:22.224-05:00 DEBUG 14708 --- [wms-backend] [http-nio-8080-exec-10] o.s.web.servlet.DispatcherServlet        : GET "/general/version", parameters={}
2025-10-10T07:58:22.224-05:00 DEBUG 14708 --- [wms-backend] [http-nio-8080-exec-10] s.w.s.m.m.a.RequestMappingHandlerMapping : Mapped to com.woden.wms_backend.controllers.WmsWdGeneral.VersionController#getVersion()
2025-10-10T07:58:22.226-05:00 DEBUG 14708 --- [wms-backend] [http-nio-8080-exec-10] o.s.w.s.m.m.a.HttpEntityMethodProcessor  : Using 'application/json', given [application/json, text/plain, */*] and supported [text/plain, */*, application/json, application/*+json, application/yaml, application/xml;charset=UTF-8, text/xml;charset=UTF-8, application/*+xml;charset=UTF-8]
2025-10-10T07:58:22.226-05:00 DEBUG 14708 --- [wms-backend] [http-nio-8080-exec-10] o.s.w.s.m.m.a.HttpEntityMethodProcessor  : Writing ["1.0.1.48"]
2025-10-10T07:58:22.227-05:00 DEBUG 14708 --- [wms-backend] [http-nio-8080-exec-10] o.s.web.servlet.DispatcherServlet        : Completed 200 OK
2025-10-10T07:59:22.271-05:00 DEBUG 14708 --- [wms-backend] [http-nio-8080-exec-1] o.s.web.servlet.DispatcherServlet        : GET "/general/version", parameters={}
2025-10-10T07:59:22.271-05:00 DEBUG 14708 --- [wms-backend] [http-nio-8080-exec-1] s.w.s.m.m.a.RequestMappingHandlerMapping : Mapped to com.woden.wms_backend.controllers.WmsWdGeneral.VersionController#getVersion()
2025-10-10T07:59:22.272-05:00 DEBUG 14708 --- [wms-backend] [http-nio-8080-exec-1] o.s.w.s.m.m.a.HttpEntityMethodProcessor  : Using 'application/json', given [application/json, text/plain, */*] and supported [text/plain, */*, application/json, application/*+json, application/yaml, application/xml;charset=UTF-8, text/xml;charset=UTF-8, application/*+xml;charset=UTF-8]
2025-10-10T07:59:22.272-05:00 DEBUG 14708 --- [wms-backend] [http-nio-8080-exec-1] o.s.w.s.m.m.a.HttpEntityMethodProcessor  : Writing ["1.0.1.48"]
2025-10-10T07:59:22.272-05:00 DEBUG 14708 --- [wms-backend] [http-nio-8080-exec-1] o.s.web.servlet.DispatcherServlet        : Completed 200 OK
2025-10-10T08:00:22.217-05:00 DEBUG 14708 --- [wms-backend] [http-nio-8080-exec-2] o.s.web.servlet.DispatcherServlet        : GET "/general/version", parameters={}
2025-10-10T08:00:22.217-05:00 DEBUG 14708 --- [wms-backend] [http-nio-8080-exec-2] s.w.s.m.m.a.RequestMappingHandlerMapping : Mapped to com.woden.wms_backend.controllers.WmsWdGeneral.VersionController#getVersion()
2025-10-10T08:00:22.218-05:00 DEBUG 14708 --- [wms-backend] [http-nio-8080-exec-2] o.s.w.s.m.m.a.HttpEntityMethodProcessor  : Using 'application/json', given [application/json, text/plain, */*] and supported [text/plain, */*, application/json, application/*+json, application/yaml, application/xml;charset=UTF-8, text/xml;charset=UTF-8, application/*+xml;charset=UTF-8]
2025-10-10T08:00:22.218-05:00 DEBUG 14708 --- [wms-backend] [http-nio-8080-exec-2] o.s.w.s.m.m.a.HttpEntityMethodProcessor  : Writing ["1.0.1.48"]
2025-10-10T08:00:22.219-05:00 DEBUG 14708 --- [wms-backend] [http-nio-8080-exec-2] o.s.web.servlet.DispatcherServlet        : Completed 200 OK
2025-10-10T08:01:22.230-05:00 DEBUG 14708 --- [wms-backend] [http-nio-8080-exec-3] o.s.web.servlet.DispatcherServlet        : GET "/general/version", parameters={}
2025-10-10T08:01:22.230-05:00 DEBUG 14708 --- [wms-backend] [http-nio-8080-exec-3] s.w.s.m.m.a.RequestMappingHandlerMapping : Mapped to com.woden.wms_backend.controllers.WmsWdGeneral.VersionController#getVersion()
2025-10-10T08:01:22.230-05:00 DEBUG 14708 --- [wms-backend] [http-nio-8080-exec-3] o.s.w.s.m.m.a.HttpEntityMethodProcessor  : Using 'application/json', given [application/json, text/plain, */*] and supported [text/plain, */*, application/json, application/*+json, application/yaml, application/xml;charset=UTF-8, text/xml;charset=UTF-8, application/*+xml;charset=UTF-8]
2025-10-10T08:01:22.230-05:00 DEBUG 14708 --- [wms-backend] [http-nio-8080-exec-3] o.s.w.s.m.m.a.HttpEntityMethodProcessor  : Writing ["1.0.1.48"]
2025-10-10T08:01:22.232-05:00 DEBUG 14708 --- [wms-backend] [http-nio-8080-exec-3] o.s.web.servlet.DispatcherServlet        : Completed 200 OK
2025-10-10T08:02:22.220-05:00 DEBUG 14708 --- [wms-backend] [http-nio-8080-exec-4] o.s.web.servlet.DispatcherServlet        : GET "/general/version", parameters={}
2025-10-10T08:02:22.222-05:00 DEBUG 14708 --- [wms-backend] [http-nio-8080-exec-4] s.w.s.m.m.a.RequestMappingHandlerMapping : Mapped to com.woden.wms_backend.controllers.WmsWdGeneral.VersionController#getVersion()
2025-10-10T08:02:22.223-05:00 DEBUG 14708 --- [wms-backend] [http-nio-8080-exec-4] o.s.w.s.m.m.a.HttpEntityMethodProcessor  : Using 'application/json', given [application/json, text/plain, */*] and supported [text/plain, */*, application/json, application/*+json, application/yaml, application/xml;charset=UTF-8, text/xml;charset=UTF-8, application/*+xml;charset=UTF-8]
2025-10-10T08:02:22.223-05:00 DEBUG 14708 --- [wms-backend] [http-nio-8080-exec-4] o.s.w.s.m.m.a.HttpEntityMethodProcessor  : Writing ["1.0.1.48"]
2025-10-10T08:02:22.223-05:00 DEBUG 14708 --- [wms-backend] [http-nio-8080-exec-4] o.s.web.servlet.DispatcherServlet        : Completed 200 OK
2025-10-10T08:03:22.221-05:00 DEBUG 14708 --- [wms-backend] [http-nio-8080-exec-5] o.s.web.servlet.DispatcherServlet        : GET "/general/version", parameters={}
2025-10-10T08:03:22.221-05:00 DEBUG 14708 --- [wms-backend] [http-nio-8080-exec-5] s.w.s.m.m.a.RequestMappingHandlerMapping : Mapped to com.woden.wms_backend.controllers.WmsWdGeneral.VersionController#getVersion()
2025-10-10T08:03:22.222-05:00 DEBUG 14708 --- [wms-backend] [http-nio-8080-exec-5] o.s.w.s.m.m.a.HttpEntityMethodProcessor  : Using 'application/json', given [application/json, text/plain, */*] and supported [text/plain, */*, application/json, application/*+json, application/yaml, application/xml;charset=UTF-8, text/xml;charset=UTF-8, application/*+xml;charset=UTF-8]
2025-10-10T08:03:22.222-05:00 DEBUG 14708 --- [wms-backend] [http-nio-8080-exec-5] o.s.w.s.m.m.a.HttpEntityMethodProcessor  : Writing ["1.0.1.48"]
2025-10-10T08:03:22.222-05:00 DEBUG 14708 --- [wms-backend] [http-nio-8080-exec-5] o.s.web.servlet.DispatcherServlet        : Completed 200 OK
2025-10-10T08:04:22.268-05:00 DEBUG 14708 --- [wms-backend] [http-nio-8080-exec-6] o.s.web.servlet.DispatcherServlet        : GET "/general/version", parameters={}
2025-10-10T08:04:22.268-05:00 DEBUG 14708 --- [wms-backend] [http-nio-8080-exec-6] s.w.s.m.m.a.RequestMappingHandlerMapping : Mapped to com.woden.wms_backend.controllers.WmsWdGeneral.VersionController#getVersion()
2025-10-10T08:04:22.268-05:00 DEBUG 14708 --- [wms-backend] [http-nio-8080-exec-6] o.s.w.s.m.m.a.HttpEntityMethodProcessor  : Using 'application/json', given [application/json, text/plain, */*] and supported [text/plain, */*, application/json, application/*+json, application/yaml, application/xml;charset=UTF-8, text/xml;charset=UTF-8, application/*+xml;charset=UTF-8]
2025-10-10T08:04:22.268-05:00 DEBUG 14708 --- [wms-backend] [http-nio-8080-exec-6] o.s.w.s.m.m.a.HttpEntityMethodProcessor  : Writing ["1.0.1.48"]
2025-10-10T08:04:22.268-05:00 DEBUG 14708 --- [wms-backend] [http-nio-8080-exec-6] o.s.web.servlet.DispatcherServlet        : Completed 200 OK
2025-10-10T08:05:22.220-05:00 DEBUG 14708 --- [wms-backend] [http-nio-8080-exec-7] o.s.web.servlet.DispatcherServlet        : GET "/general/version", parameters={}
2025-10-10T08:05:22.220-05:00 DEBUG 14708 --- [wms-backend] [http-nio-8080-exec-7] s.w.s.m.m.a.RequestMappingHandlerMapping : Mapped to com.woden.wms_backend.controllers.WmsWdGeneral.VersionController#getVersion()
2025-10-10T08:05:22.221-05:00 DEBUG 14708 --- [wms-backend] [http-nio-8080-exec-7] o.s.w.s.m.m.a.HttpEntityMethodProcessor  : Using 'application/json', given [application/json, text/plain, */*] and supported [text/plain, */*, application/json, application/*+json, application/yaml, application/xml;charset=UTF-8, text/xml;charset=UTF-8, application/*+xml;charset=UTF-8]
2025-10-10T08:05:22.221-05:00 DEBUG 14708 --- [wms-backend] [http-nio-8080-exec-7] o.s.w.s.m.m.a.HttpEntityMethodProcessor  : Writing ["1.0.1.48"]
2025-10-10T08:05:22.222-05:00 DEBUG 14708 --- [wms-backend] [http-nio-8080-exec-7] o.s.web.servlet.DispatcherServlet        : Completed 200 OK
2025-10-10T08:06:22.221-05:00 DEBUG 14708 --- [wms-backend] [http-nio-8080-exec-8] o.s.web.servlet.DispatcherServlet        : GET "/general/version", parameters={}
2025-10-10T08:06:22.221-05:00 DEBUG 14708 --- [wms-backend] [http-nio-8080-exec-8] s.w.s.m.m.a.RequestMappingHandlerMapping : Mapped to com.woden.wms_backend.controllers.WmsWdGeneral.VersionController#getVersion()
2025-10-10T08:06:22.222-05:00 DEBUG 14708 --- [wms-backend] [http-nio-8080-exec-8] o.s.w.s.m.m.a.HttpEntityMethodProcessor  : Using 'application/json', given [application/json, text/plain, */*] and supported [text/plain, */*, application/json, application/*+json, application/yaml, application/xml;charset=UTF-8, text/xml;charset=UTF-8, application/*+xml;charset=UTF-8]
2025-10-10T08:06:22.222-05:00 DEBUG 14708 --- [wms-backend] [http-nio-8080-exec-8] o.s.w.s.m.m.a.HttpEntityMethodProcessor  : Writing ["1.0.1.48"]
2025-10-10T08:06:22.222-05:00 DEBUG 14708 --- [wms-backend] [http-nio-8080-exec-8] o.s.web.servlet.DispatcherServlet        : Completed 200 OK
2025-10-10T08:07:22.221-05:00 DEBUG 14708 --- [wms-backend] [http-nio-8080-exec-9] o.s.web.servlet.DispatcherServlet        : GET "/general/version", parameters={}
2025-10-10T08:07:22.222-05:00 DEBUG 14708 --- [wms-backend] [http-nio-8080-exec-9] s.w.s.m.m.a.RequestMappingHandlerMapping : Mapped to com.woden.wms_backend.controllers.WmsWdGeneral.VersionController#getVersion()
2025-10-10T08:07:22.222-05:00 DEBUG 14708 --- [wms-backend] [http-nio-8080-exec-9] o.s.w.s.m.m.a.HttpEntityMethodProcessor  : Using 'application/json', given [application/json, text/plain, */*] and supported [text/plain, */*, application/json, application/*+json, application/yaml, application/xml;charset=UTF-8, text/xml;charset=UTF-8, application/*+xml;charset=UTF-8]
2025-10-10T08:07:22.222-05:00 DEBUG 14708 --- [wms-backend] [http-nio-8080-exec-9] o.s.w.s.m.m.a.HttpEntityMethodProcessor  : Writing ["1.0.1.48"]
2025-10-10T08:07:22.223-05:00 DEBUG 14708 --- [wms-backend] [http-nio-8080-exec-9] o.s.web.servlet.DispatcherServlet        : Completed 200 OK
2025-10-10T08:08:22.225-05:00 DEBUG 14708 --- [wms-backend] [http-nio-8080-exec-10] o.s.web.servlet.DispatcherServlet        : GET "/general/version", parameters={}
2025-10-10T08:08:22.226-05:00 DEBUG 14708 --- [wms-backend] [http-nio-8080-exec-10] s.w.s.m.m.a.RequestMappingHandlerMapping : Mapped to com.woden.wms_backend.controllers.WmsWdGeneral.VersionController#getVersion()
2025-10-10T08:08:22.227-05:00 DEBUG 14708 --- [wms-backend] [http-nio-8080-exec-10] o.s.w.s.m.m.a.HttpEntityMethodProcessor  : Using 'application/json', given [application/json, text/plain, */*] and supported [text/plain, */*, application/json, application/*+json, application/yaml, application/xml;charset=UTF-8, text/xml;charset=UTF-8, application/*+xml;charset=UTF-8]
2025-10-10T08:08:22.227-05:00 DEBUG 14708 --- [wms-backend] [http-nio-8080-exec-10] o.s.w.s.m.m.a.HttpEntityMethodProcessor  : Writing ["1.0.1.48"]
2025-10-10T08:08:22.228-05:00 DEBUG 14708 --- [wms-backend] [http-nio-8080-exec-10] o.s.web.servlet.DispatcherServlet        : Completed 200 OK
2025-10-10T08:09:22.226-05:00 DEBUG 14708 --- [wms-backend] [http-nio-8080-exec-1] o.s.web.servlet.DispatcherServlet        : GET "/general/version", parameters={}
2025-10-10T08:09:22.226-05:00 DEBUG 14708 --- [wms-backend] [http-nio-8080-exec-1] s.w.s.m.m.a.RequestMappingHandlerMapping : Mapped to com.woden.wms_backend.controllers.WmsWdGeneral.VersionController#getVersion()
2025-10-10T08:09:22.228-05:00 DEBUG 14708 --- [wms-backend] [http-nio-8080-exec-1] o.s.w.s.m.m.a.HttpEntityMethodProcessor  : Using 'application/json', given [application/json, text/plain, */*] and supported [text/plain, */*, application/json, application/*+json, application/yaml, application/xml;charset=UTF-8, text/xml;charset=UTF-8, application/*+xml;charset=UTF-8]
2025-10-10T08:09:22.228-05:00 DEBUG 14708 --- [wms-backend] [http-nio-8080-exec-1] o.s.w.s.m.m.a.HttpEntityMethodProcessor  : Writing ["1.0.1.48"]
2025-10-10T08:09:22.229-05:00 DEBUG 14708 --- [wms-backend] [http-nio-8080-exec-1] o.s.web.servlet.DispatcherServlet        : Completed 200 OK
2025-10-10T08:10:22.218-05:00 DEBUG 14708 --- [wms-backend] [http-nio-8080-exec-2] o.s.web.servlet.DispatcherServlet        : GET "/general/version", parameters={}
2025-10-10T08:10:22.218-05:00 DEBUG 14708 --- [wms-backend] [http-nio-8080-exec-2] s.w.s.m.m.a.RequestMappingHandlerMapping : Mapped to com.woden.wms_backend.controllers.WmsWdGeneral.VersionController#getVersion()
2025-10-10T08:10:22.219-05:00 DEBUG 14708 --- [wms-backend] [http-nio-8080-exec-2] o.s.w.s.m.m.a.HttpEntityMethodProcessor  : Using 'application/json', given [application/json, text/plain, */*] and supported [text/plain, */*, application/json, application/*+json, application/yaml, application/xml;charset=UTF-8, text/xml;charset=UTF-8, application/*+xml;charset=UTF-8]
2025-10-10T08:10:22.222-05:00 DEBUG 14708 --- [wms-backend] [http-nio-8080-exec-2] o.s.w.s.m.m.a.HttpEntityMethodProcessor  : Writing ["1.0.1.48"]
2025-10-10T08:10:22.223-05:00 DEBUG 14708 --- [wms-backend] [http-nio-8080-exec-2] o.s.web.servlet.DispatcherServlet        : Completed 200 OK
2025-10-10T08:11:22.245-05:00 DEBUG 14708 --- [wms-backend] [http-nio-8080-exec-3] o.s.web.servlet.DispatcherServlet        : GET "/general/version", parameters={}
2025-10-10T08:11:22.245-05:00 DEBUG 14708 --- [wms-backend] [http-nio-8080-exec-3] s.w.s.m.m.a.RequestMappingHandlerMapping : Mapped to com.woden.wms_backend.controllers.WmsWdGeneral.VersionController#getVersion()
2025-10-10T08:11:22.256-05:00 DEBUG 14708 --- [wms-backend] [http-nio-8080-exec-3] o.s.w.s.m.m.a.HttpEntityMethodProcessor  : Using 'application/json', given [application/json, text/plain, */*] and supported [text/plain, */*, application/json, application/*+json, application/yaml, application/xml;charset=UTF-8, text/xml;charset=UTF-8, application/*+xml;charset=UTF-8]
2025-10-10T08:11:22.256-05:00 DEBUG 14708 --- [wms-backend] [http-nio-8080-exec-3] o.s.w.s.m.m.a.HttpEntityMethodProcessor  : Writing ["1.0.1.48"]
2025-10-10T08:11:22.256-05:00 DEBUG 14708 --- [wms-backend] [http-nio-8080-exec-3] o.s.web.servlet.DispatcherServlet        : Completed 200 OK
2025-10-10T08:12:22.243-05:00 DEBUG 14708 --- [wms-backend] [http-nio-8080-exec-5] o.s.web.servlet.DispatcherServlet        : GET "/general/version", parameters={}
2025-10-10T08:12:22.243-05:00 DEBUG 14708 --- [wms-backend] [http-nio-8080-exec-5] s.w.s.m.m.a.RequestMappingHandlerMapping : Mapped to com.woden.wms_backend.controllers.WmsWdGeneral.VersionController#getVersion()
2025-10-10T08:12:22.252-05:00 DEBUG 14708 --- [wms-backend] [http-nio-8080-exec-5] o.s.w.s.m.m.a.HttpEntityMethodProcessor  : Using 'application/json', given [application/json, text/plain, */*] and supported [text/plain, */*, application/json, application/*+json, application/yaml, application/xml;charset=UTF-8, text/xml;charset=UTF-8, application/*+xml;charset=UTF-8]
2025-10-10T08:12:22.252-05:00 DEBUG 14708 --- [wms-backend] [http-nio-8080-exec-5] o.s.w.s.m.m.a.HttpEntityMethodProcessor  : Writing ["1.0.1.48"]
2025-10-10T08:12:22.252-05:00 DEBUG 14708 --- [wms-backend] [http-nio-8080-exec-5] o.s.web.servlet.DispatcherServlet        : Completed 200 OK
2025-10-10T08:13:22.270-05:00 DEBUG 14708 --- [wms-backend] [http-nio-8080-exec-6] o.s.web.servlet.DispatcherServlet        : GET "/general/version", parameters={}
2025-10-10T08:13:22.270-05:00 DEBUG 14708 --- [wms-backend] [http-nio-8080-exec-6] s.w.s.m.m.a.RequestMappingHandlerMapping : Mapped to com.woden.wms_backend.controllers.WmsWdGeneral.VersionController#getVersion()
2025-10-10T08:13:22.271-05:00 DEBUG 14708 --- [wms-backend] [http-nio-8080-exec-6] o.s.w.s.m.m.a.HttpEntityMethodProcessor  : Using 'application/json', given [application/json, text/plain, */*] and supported [text/plain, */*, application/json, application/*+json, application/yaml, application/xml;charset=UTF-8, text/xml;charset=UTF-8, application/*+xml;charset=UTF-8]
2025-10-10T08:13:22.271-05:00 DEBUG 14708 --- [wms-backend] [http-nio-8080-exec-6] o.s.w.s.m.m.a.HttpEntityMethodProcessor  : Writing ["1.0.1.48"]
2025-10-10T08:13:22.272-05:00 DEBUG 14708 --- [wms-backend] [http-nio-8080-exec-6] o.s.web.servlet.DispatcherServlet        : Completed 200 OK
2025-10-10T08:14:22.217-05:00 DEBUG 14708 --- [wms-backend] [http-nio-8080-exec-7] o.s.web.servlet.DispatcherServlet        : GET "/general/version", parameters={}
2025-10-10T08:14:22.217-05:00 DEBUG 14708 --- [wms-backend] [http-nio-8080-exec-7] s.w.s.m.m.a.RequestMappingHandlerMapping : Mapped to com.woden.wms_backend.controllers.WmsWdGeneral.VersionController#getVersion()
2025-10-10T08:14:22.217-05:00 DEBUG 14708 --- [wms-backend] [http-nio-8080-exec-7] o.s.w.s.m.m.a.HttpEntityMethodProcessor  : Using 'application/json', given [application/json, text/plain, */*] and supported [text/plain, */*, application/json, application/*+json, application/yaml, application/xml;charset=UTF-8, text/xml;charset=UTF-8, application/*+xml;charset=UTF-8]
2025-10-10T08:14:22.218-05:00 DEBUG 14708 --- [wms-backend] [http-nio-8080-exec-7] o.s.w.s.m.m.a.HttpEntityMethodProcessor  : Writing ["1.0.1.48"]
2025-10-10T08:14:22.219-05:00 DEBUG 14708 --- [wms-backend] [http-nio-8080-exec-7] o.s.web.servlet.DispatcherServlet        : Completed 200 OK
2025-10-10T08:15:22.258-05:00 DEBUG 14708 --- [wms-backend] [http-nio-8080-exec-8] o.s.web.servlet.DispatcherServlet        : GET "/general/version", parameters={}
2025-10-10T08:15:22.258-05:00 DEBUG 14708 --- [wms-backend] [http-nio-8080-exec-8] s.w.s.m.m.a.RequestMappingHandlerMapping : Mapped to com.woden.wms_backend.controllers.WmsWdGeneral.VersionController#getVersion()
2025-10-10T08:15:22.258-05:00 DEBUG 14708 --- [wms-backend] [http-nio-8080-exec-8] o.s.w.s.m.m.a.HttpEntityMethodProcessor  : Using 'application/json', given [application/json, text/plain, */*] and supported [text/plain, */*, application/json, application/*+json, application/yaml, application/xml;charset=UTF-8, text/xml;charset=UTF-8, application/*+xml;charset=UTF-8]
2025-10-10T08:15:22.258-05:00 DEBUG 14708 --- [wms-backend] [http-nio-8080-exec-8] o.s.w.s.m.m.a.HttpEntityMethodProcessor  : Writing ["1.0.1.48"]
2025-10-10T08:15:22.260-05:00 DEBUG 14708 --- [wms-backend] [http-nio-8080-exec-8] o.s.web.servlet.DispatcherServlet        : Completed 200 OK
2025-10-10T08:16:22.224-05:00 DEBUG 14708 --- [wms-backend] [http-nio-8080-exec-9] o.s.web.servlet.DispatcherServlet        : GET "/general/version", parameters={}
2025-10-10T08:16:22.224-05:00 DEBUG 14708 --- [wms-backend] [http-nio-8080-exec-9] s.w.s.m.m.a.RequestMappingHandlerMapping : Mapped to com.woden.wms_backend.controllers.WmsWdGeneral.VersionController#getVersion()
2025-10-10T08:16:22.226-05:00 DEBUG 14708 --- [wms-backend] [http-nio-8080-exec-9] o.s.w.s.m.m.a.HttpEntityMethodProcessor  : Using 'application/json', given [application/json, text/plain, */*] and supported [text/plain, */*, application/json, application/*+json, application/yaml, application/xml;charset=UTF-8, text/xml;charset=UTF-8, application/*+xml;charset=UTF-8]
2025-10-10T08:16:22.226-05:00 DEBUG 14708 --- [wms-backend] [http-nio-8080-exec-9] o.s.w.s.m.m.a.HttpEntityMethodProcessor  : Writing ["1.0.1.48"]
2025-10-10T08:16:22.228-05:00 DEBUG 14708 --- [wms-backend] [http-nio-8080-exec-9] o.s.web.servlet.DispatcherServlet        : Completed 200 OK
2025-10-10T08:17:22.227-05:00 DEBUG 14708 --- [wms-backend] [http-nio-8080-exec-10] o.s.web.servlet.DispatcherServlet        : GET "/general/version", parameters={}
2025-10-10T08:17:22.228-05:00 DEBUG 14708 --- [wms-backend] [http-nio-8080-exec-10] s.w.s.m.m.a.RequestMappingHandlerMapping : Mapped to com.woden.wms_backend.controllers.WmsWdGeneral.VersionController#getVersion()
2025-10-10T08:17:22.230-05:00 DEBUG 14708 --- [wms-backend] [http-nio-8080-exec-10] o.s.w.s.m.m.a.HttpEntityMethodProcessor  : Using 'application/json', given [application/json, text/plain, */*] and supported [text/plain, */*, application/json, application/*+json, application/yaml, application/xml;charset=UTF-8, text/xml;charset=UTF-8, application/*+xml;charset=UTF-8]
2025-10-10T08:17:22.230-05:00 DEBUG 14708 --- [wms-backend] [http-nio-8080-exec-10] o.s.w.s.m.m.a.HttpEntityMethodProcessor  : Writing ["1.0.1.48"]
2025-10-10T08:17:22.232-05:00 DEBUG 14708 --- [wms-backend] [http-nio-8080-exec-10] o.s.web.servlet.DispatcherServlet        : Completed 200 OK
2025-10-10T08:18:22.229-05:00 DEBUG 14708 --- [wms-backend] [http-nio-8080-exec-1] o.s.web.servlet.DispatcherServlet        : GET "/general/version", parameters={}
2025-10-10T08:18:22.229-05:00 DEBUG 14708 --- [wms-backend] [http-nio-8080-exec-1] s.w.s.m.m.a.RequestMappingHandlerMapping : Mapped to com.woden.wms_backend.controllers.WmsWdGeneral.VersionController#getVersion()
2025-10-10T08:18:22.230-05:00 DEBUG 14708 --- [wms-backend] [http-nio-8080-exec-1] o.s.w.s.m.m.a.HttpEntityMethodProcessor  : Using 'application/json', given [application/json, text/plain, */*] and supported [text/plain, */*, application/json, application/*+json, application/yaml, application/xml;charset=UTF-8, text/xml;charset=UTF-8, application/*+xml;charset=UTF-8]
2025-10-10T08:18:22.230-05:00 DEBUG 14708 --- [wms-backend] [http-nio-8080-exec-1] o.s.w.s.m.m.a.HttpEntityMethodProcessor  : Writing ["1.0.1.48"]
2025-10-10T08:18:22.231-05:00 DEBUG 14708 --- [wms-backend] [http-nio-8080-exec-1] o.s.web.servlet.DispatcherServlet        : Completed 200 OK
2025-10-10T08:18:42.849-05:00 DEBUG 14708 --- [wms-backend] [http-nio-8080-exec-2] o.s.web.servlet.DispatcherServlet        : GET "/general/version", parameters={}
2025-10-10T08:18:42.849-05:00 DEBUG 14708 --- [wms-backend] [http-nio-8080-exec-2] s.w.s.m.m.a.RequestMappingHandlerMapping : Mapped to com.woden.wms_backend.controllers.WmsWdGeneral.VersionController#getVersion()
2025-10-10T08:18:42.850-05:00 DEBUG 14708 --- [wms-backend] [http-nio-8080-exec-2] o.s.w.s.m.m.a.HttpEntityMethodProcessor  : Using 'application/json', given [application/json, text/plain, */*] and supported [text/plain, */*, application/json, application/*+json, application/yaml, application/xml;charset=UTF-8, text/xml;charset=UTF-8, application/*+xml;charset=UTF-8]
2025-10-10T08:18:42.850-05:00 DEBUG 14708 --- [wms-backend] [http-nio-8080-exec-2] o.s.w.s.m.m.a.HttpEntityMethodProcessor  : Writing ["1.0.1.48"]
2025-10-10T08:18:42.850-05:00 DEBUG 14708 --- [wms-backend] [http-nio-8080-exec-2] o.s.web.servlet.DispatcherServlet        : Completed 200 OK
2025-10-10T08:18:44.697-05:00 DEBUG 14708 --- [wms-backend] [http-nio-8080-exec-4] o.s.web.servlet.DispatcherServlet        : POST "/general/users/login", parameters={}
2025-10-10T08:18:44.697-05:00 DEBUG 14708 --- [wms-backend] [http-nio-8080-exec-4] s.w.s.m.m.a.RequestMappingHandlerMapping : Mapped to com.woden.wms_backend.controllers.WmsWdGeneral.UsuarioController#iniciarSesion(LoginRequest)
2025-10-10T08:18:45.339-05:00 DEBUG 14708 --- [wms-backend] [http-nio-8080-exec-4] m.m.a.RequestResponseBodyMethodProcessor : Read "application/json;charset=UTF-8" to [LoginRequest(nombreUsuario=eagudelo, clave=1003618766)]
2025-10-10T08:18:46.523-05:00 DEBUG 14708 --- [wms-backend] [http-nio-8080-exec-4] o.s.w.s.m.m.a.HttpEntityMethodProcessor  : Using 'application/json', given [application/json, text/plain, */*] and supported [application/json, application/*+json, application/yaml, application/xml;charset=UTF-8, text/xml;charset=UTF-8, application/*+xml;charset=UTF-8]
2025-10-10T08:18:46.524-05:00 DEBUG 14708 --- [wms-backend] [http-nio-8080-exec-4] o.s.w.s.m.m.a.HttpEntityMethodProcessor  : Writing [{message=Inicio de sesión exitoso, usuarioId=5321, token=eyJhbGciOiJIUzI1NiJ9.eyJjbGllbnRJZCI6MCwiY2 (truncated)...]
2025-10-10T08:18:46.531-05:00 DEBUG 14708 --- [wms-backend] [http-nio-8080-exec-4] o.s.web.servlet.DispatcherServlet        : Completed 200 OK
2025-10-10T08:18:46.662-05:00 DEBUG 14708 --- [wms-backend] [http-nio-8080-exec-6] o.s.web.servlet.DispatcherServlet        : GET "/general/users/getModel?nombreUsuario=eagudelo&clave=1003618766", parameters={masked}
2025-10-10T08:18:46.662-05:00 DEBUG 14708 --- [wms-backend] [http-nio-8080-exec-6] s.w.s.m.m.a.RequestMappingHandlerMapping : Mapped to com.woden.wms_backend.controllers.WmsWdGeneral.UsuarioController#getModelUsuario(String, String)
2025-10-10T08:18:46.995-05:00 DEBUG 14708 --- [wms-backend] [http-nio-8080-exec-6] o.s.w.s.m.m.a.HttpEntityMethodProcessor  : Using 'application/json', given [application/json, text/plain, */*] and supported [application/json, application/*+json, application/yaml, application/xml;charset=UTF-8, text/xml;charset=UTF-8, application/*+xml;charset=UTF-8]
2025-10-10T08:18:47.017-05:00 DEBUG 14708 --- [wms-backend] [http-nio-8080-exec-6] o.s.w.s.m.m.a.HttpEntityMethodProcessor  : Writing [UsuarioModel(id=5321, identificacion=1003618766, nombres=Daniel, apellidos=Agudelo, nombreUsuario=ea (truncated)...]
2025-10-10T08:18:47.021-05:00 DEBUG 14708 --- [wms-backend] [http-nio-8080-exec-6] o.s.web.servlet.DispatcherServlet        : Completed 200 OK
2025-10-10T08:18:48.687-05:00 DEBUG 14708 --- [wms-backend] [http-nio-8080-exec-7] o.s.web.servlet.DispatcherServlet        : GET "/general/version", parameters={}
2025-10-10T08:18:48.687-05:00 DEBUG 14708 --- [wms-backend] [http-nio-8080-exec-7] s.w.s.m.m.a.RequestMappingHandlerMapping : Mapped to com.woden.wms_backend.controllers.WmsWdGeneral.VersionController#getVersion()
2025-10-10T08:18:48.687-05:00 DEBUG 14708 --- [wms-backend] [http-nio-8080-exec-7] o.s.w.s.m.m.a.HttpEntityMethodProcessor  : Using 'application/json', given [application/json, text/plain, */*] and supported [text/plain, */*, application/json, application/*+json, application/yaml, application/xml;charset=UTF-8, text/xml;charset=UTF-8, application/*+xml;charset=UTF-8]
2025-10-10T08:18:48.687-05:00 DEBUG 14708 --- [wms-backend] [http-nio-8080-exec-7] o.s.w.s.m.m.a.HttpEntityMethodProcessor  : Writing ["1.0.1.48"]
2025-10-10T08:18:48.687-05:00 DEBUG 14708 --- [wms-backend] [http-nio-8080-exec-7] o.s.web.servlet.DispatcherServlet        : Completed 200 OK
2025-10-10T08:18:49.023-05:00 DEBUG 14708 --- [wms-backend] [http-nio-8080-exec-1] o.s.web.servlet.DispatcherServlet        : GET "/general/clientes/list/5321", parameters={}
2025-10-10T08:18:49.023-05:00 DEBUG 14708 --- [wms-backend] [http-nio-8080-exec-1] s.w.s.m.m.a.RequestMappingHandlerMapping : Mapped to com.woden.wms_backend.controllers.WmsWdGeneral.ClienteController#getListClient(int)
2025-10-10T08:18:49.277-05:00 DEBUG 14708 --- [wms-backend] [http-nio-8080-exec-1] m.m.a.RequestResponseBodyMethodProcessor : Using 'application/json', given [application/json, text/plain, */*] and supported [application/json, application/*+json, application/yaml, application/xml;charset=UTF-8, text/xml;charset=UTF-8, application/*+xml;charset=UTF-8]
2025-10-10T08:18:49.277-05:00 DEBUG 14708 --- [wms-backend] [http-nio-8080-exec-1] m.m.a.RequestResponseBodyMethodProcessor : Writing [[DIRECTV ECUADOR, HUGHES CO BOG, LEGACY COSTARICA, SKYNET CO BOG, TELEFONICA CO BOG, TELEFONICA PE L (truncated)...]
2025-10-10T08:18:49.304-05:00 DEBUG 14708 --- [wms-backend] [http-nio-8080-exec-1] o.s.web.servlet.DispatcherServlet        : Completed 200 OK
2025-10-10T08:18:49.310-05:00 DEBUG 14708 --- [wms-backend] [http-nio-8080-exec-3] o.s.web.servlet.DispatcherServlet        : GET "/general/clientes/list/5321", parameters={}
2025-10-10T08:18:49.311-05:00 DEBUG 14708 --- [wms-backend] [http-nio-8080-exec-3] s.w.s.m.m.a.RequestMappingHandlerMapping : Mapped to com.woden.wms_backend.controllers.WmsWdGeneral.ClienteController#getListClient(int)
2025-10-10T08:18:49.419-05:00 DEBUG 14708 --- [wms-backend] [http-nio-8080-exec-3] m.m.a.RequestResponseBodyMethodProcessor : Using 'application/json', given [application/json, text/plain, */*] and supported [application/json, application/*+json, application/yaml, application/xml;charset=UTF-8, text/xml;charset=UTF-8, application/*+xml;charset=UTF-8]
2025-10-10T08:18:49.419-05:00 DEBUG 14708 --- [wms-backend] [http-nio-8080-exec-3] m.m.a.RequestResponseBodyMethodProcessor : Writing [[DIRECTV ECUADOR, HUGHES CO BOG, LEGACY COSTARICA, SKYNET CO BOG, TELEFONICA CO BOG, TELEFONICA PE L (truncated)...]
2025-10-10T08:18:49.421-05:00 DEBUG 14708 --- [wms-backend] [http-nio-8080-exec-3] o.s.web.servlet.DispatcherServlet        : Completed 200 OK
2025-10-10T08:18:52.090-05:00 DEBUG 14708 --- [wms-backend] [http-nio-8080-exec-5] o.s.web.servlet.DispatcherServlet        : GET "/general/clientes/getId/LEGACY%20COSTARICA", parameters={}
2025-10-10T08:18:52.091-05:00 DEBUG 14708 --- [wms-backend] [http-nio-8080-exec-5] s.w.s.m.m.a.RequestMappingHandlerMapping : Mapped to com.woden.wms_backend.controllers.WmsWdGeneral.ClienteController#getIdClient(String)
2025-10-10T08:18:52.305-05:00 DEBUG 14708 --- [wms-backend] [http-nio-8080-exec-5] m.m.a.RequestResponseBodyMethodProcessor : Using 'application/json', given [application/json, text/plain, */*] and supported [application/json, application/*+json, application/yaml, application/xml;charset=UTF-8, text/xml;charset=UTF-8, application/*+xml;charset=UTF-8]
2025-10-10T08:18:52.306-05:00 DEBUG 14708 --- [wms-backend] [http-nio-8080-exec-5] m.m.a.RequestResponseBodyMethodProcessor : Writing [85]
2025-10-10T08:18:52.307-05:00 DEBUG 14708 --- [wms-backend] [http-nio-8080-exec-5] o.s.web.servlet.DispatcherServlet        : Completed 200 OK
2025-10-10T08:18:52.323-05:00 DEBUG 14708 --- [wms-backend] [http-nio-8080-exec-7] o.s.web.servlet.DispatcherServlet        : POST "/general/clientes/switch-client", parameters={}
2025-10-10T08:18:52.324-05:00 DEBUG 14708 --- [wms-backend] [http-nio-8080-exec-7] s.w.s.m.m.a.RequestMappingHandlerMapping : Mapped to com.woden.wms_backend.controllers.WmsWdGeneral.ClienteController#switchClient(ClientSwitchRequest)
2025-10-10T08:18:52.327-05:00 DEBUG 14708 --- [wms-backend] [http-nio-8080-exec-7] m.m.a.RequestResponseBodyMethodProcessor : Read "application/json;charset=UTF-8" to [ClientSwitchRequest(clientId=85)]
2025-10-10T08:18:52.897-05:00  INFO 14708 --- [wms-backend] [http-nio-8080-exec-7] com.zaxxer.hikari.HikariDataSource       : HikariPool-WmsWdLegacyCostaRica - Starting...
2025-10-10T08:18:53.760-05:00  INFO 14708 --- [wms-backend] [http-nio-8080-exec-7] com.zaxxer.hikari.pool.HikariPool        : HikariPool-WmsWdLegacyCostaRica - Added connection ConnectionID:9 ClientConnectionId: ede235c4-f010-439c-b199-0b0fd14ae616
2025-10-10T08:18:53.762-05:00  INFO 14708 --- [wms-backend] [http-nio-8080-exec-7] com.zaxxer.hikari.HikariDataSource       : HikariPool-WmsWdLegacyCostaRica - Start completed.
2025-10-10T08:18:53.763-05:00 DEBUG 14708 --- [wms-backend] [http-nio-8080-exec-7] o.s.w.s.m.m.a.HttpEntityMethodProcessor  : Using 'application/json', given [application/json, text/plain, */*] and supported [application/json, application/*+json, application/yaml, application/xml;charset=UTF-8, text/xml;charset=UTF-8, application/*+xml;charset=UTF-8]
2025-10-10T08:18:53.763-05:00 DEBUG 14708 --- [wms-backend] [http-nio-8080-exec-7] o.s.w.s.m.m.a.HttpEntityMethodProcessor  : Writing [{clientDbName=WmsWdLegacyCostaRica, clientToken=eyJhbGciOiJIUzI1NiJ9.eyJjbGllbnRJZCI6ODUsImNsaWVudE5 (truncated)...]
2025-10-10T08:18:53.764-05:00 DEBUG 14708 --- [wms-backend] [http-nio-8080-exec-7] o.s.web.servlet.DispatcherServlet        : Completed 200 OK
2025-10-10T08:18:53.783-05:00 DEBUG 14708 --- [wms-backend] [http-nio-8080-exec-10] o.s.web.servlet.DispatcherServlet        : GET "/general/clientes/getClienteById/85", parameters={}
2025-10-10T08:18:53.783-05:00 DEBUG 14708 --- [wms-backend] [http-nio-8080-exec-10] s.w.s.m.m.a.RequestMappingHandlerMapping : Mapped to com.woden.wms_backend.controllers.WmsWdGeneral.ClienteController#getIdClientByDbase(Integer)
2025-10-10T08:18:54.219-05:00 DEBUG 14708 --- [wms-backend] [http-nio-8080-exec-10] m.m.a.RequestResponseBodyMethodProcessor : Using 'application/json', given [application/json, text/plain, */*] and supported [application/json, application/*+json, application/yaml, application/xml;charset=UTF-8, text/xml;charset=UTF-8, application/*+xml;charset=UTF-8]
2025-10-10T08:18:54.229-05:00 DEBUG 14708 --- [wms-backend] [http-nio-8080-exec-10] m.m.a.RequestResponseBodyMethodProcessor : Writing [ClienteModel(id=85, nombre=LEGACY COSTARICA, dbase=WmsWdLegacyCostaRica, activo=1, ColorCorporativo= (truncated)...]
2025-10-10T08:18:54.231-05:00 DEBUG 14708 --- [wms-backend] [http-nio-8080-exec-10] o.s.web.servlet.DispatcherServlet        : Completed 200 OK
2025-10-10T08:18:54.246-05:00 DEBUG 14708 --- [wms-backend] [http-nio-8080-exec-3] o.s.web.servlet.DispatcherServlet        : GET "/general/clientes/kitIngresoON/85", parameters={}
2025-10-10T08:18:54.246-05:00 DEBUG 14708 --- [wms-backend] [http-nio-8080-exec-4] o.s.web.servlet.DispatcherServlet        : GET "/client/codigosap/idSerial/SERIALIZADOS", parameters={}
2025-10-10T08:18:54.248-05:00 DEBUG 14708 --- [wms-backend] [http-nio-8080-exec-3] s.w.s.m.m.a.RequestMappingHandlerMapping : Mapped to com.woden.wms_backend.controllers.WmsWdGeneral.ClienteController#getKitIngresoON(int)
2025-10-10T08:18:54.248-05:00 DEBUG 14708 --- [wms-backend] [http-nio-8080-exec-4] s.w.s.m.m.a.RequestMappingHandlerMapping : Mapped to com.woden.wms_backend.controllers.ClientesControllers.CodigoSapController#getIdSerial(String)
2025-10-10T08:18:54.250-05:00 DEBUG 14708 --- [wms-backend] [http-nio-8080-exec-5] o.s.web.servlet.DispatcherServlet        : GET "/client/codigosap/idNoSerial/ACCESORIOS", parameters={}
2025-10-10T08:18:54.251-05:00 DEBUG 14708 --- [wms-backend] [http-nio-8080-exec-5] s.w.s.m.m.a.RequestMappingHandlerMapping : Mapped to com.woden.wms_backend.controllers.ClientesControllers.CodigoSapController#getIdNoSerial(String)
2025-10-10T08:18:54.356-05:00 DEBUG 14708 --- [wms-backend] [http-nio-8080-exec-3] m.m.a.RequestResponseBodyMethodProcessor : Using 'application/json', given [application/json, text/plain, */*] and supported [application/json, application/*+json, application/yaml, application/xml;charset=UTF-8, text/xml;charset=UTF-8, application/*+xml;charset=UTF-8]
2025-10-10T08:18:54.356-05:00 DEBUG 14708 --- [wms-backend] [http-nio-8080-exec-3] m.m.a.RequestResponseBodyMethodProcessor : Writing [false]
2025-10-10T08:18:54.357-05:00 DEBUG 14708 --- [wms-backend] [http-nio-8080-exec-3] o.s.web.servlet.DispatcherServlet        : Completed 200 OK
2025-10-10T08:18:54.462-05:00 DEBUG 14708 --- [wms-backend] [http-nio-8080-exec-4] m.m.a.RequestResponseBodyMethodProcessor : Using 'application/json', given [application/json, text/plain, */*] and supported [application/json, application/*+json, application/yaml, application/xml;charset=UTF-8, text/xml;charset=UTF-8, application/*+xml;charset=UTF-8]
2025-10-10T08:18:54.462-05:00 DEBUG 14708 --- [wms-backend] [http-nio-8080-exec-4] m.m.a.RequestResponseBodyMethodProcessor : Writing [89]
2025-10-10T08:18:54.463-05:00 DEBUG 14708 --- [wms-backend] [http-nio-8080-exec-4] o.s.web.servlet.DispatcherServlet        : Completed 200 OK
2025-10-10T08:18:54.613-05:00 DEBUG 14708 --- [wms-backend] [http-nio-8080-exec-5] m.m.a.RequestResponseBodyMethodProcessor : Using 'application/json', given [application/json, text/plain, */*] and supported [application/json, application/*+json, application/yaml, application/xml;charset=UTF-8, text/xml;charset=UTF-8, application/*+xml;charset=UTF-8]
2025-10-10T08:18:54.614-05:00 DEBUG 14708 --- [wms-backend] [http-nio-8080-exec-5] m.m.a.RequestResponseBodyMethodProcessor : Writing [88]
2025-10-10T08:18:54.615-05:00 DEBUG 14708 --- [wms-backend] [http-nio-8080-exec-5] o.s.web.servlet.DispatcherServlet        : Completed 200 OK
2025-10-10T08:18:54.631-05:00 DEBUG 14708 --- [wms-backend] [http-nio-8080-exec-7] o.s.web.servlet.DispatcherServlet        : GET "/general/usuariocliente/id?usuarioId=5321&cliente=LEGACY%20COSTARICA", parameters={masked}
2025-10-10T08:18:54.631-05:00 DEBUG 14708 --- [wms-backend] [http-nio-8080-exec-7] s.w.s.m.m.a.RequestMappingHandlerMapping : Mapped to com.woden.wms_backend.controllers.WmsWdGeneral.UsuarioClienteController#obtenerIdUsuarioCliente(int, String)
2025-10-10T08:18:54.746-05:00 DEBUG 14708 --- [wms-backend] [http-nio-8080-exec-7] o.s.w.s.m.m.a.HttpEntityMethodProcessor  : Using 'application/json', given [application/json, text/plain, */*] and supported [application/json, application/*+json, application/yaml, application/xml;charset=UTF-8, text/xml;charset=UTF-8, application/*+xml;charset=UTF-8]
2025-10-10T08:18:54.747-05:00 DEBUG 14708 --- [wms-backend] [http-nio-8080-exec-7] o.s.w.s.m.m.a.HttpEntityMethodProcessor  : Writing [{id=7266}]
2025-10-10T08:18:54.747-05:00 DEBUG 14708 --- [wms-backend] [http-nio-8080-exec-7] o.s.web.servlet.DispatcherServlet        : Completed 200 OK
2025-10-10T08:18:54.763-05:00 DEBUG 14708 --- [wms-backend] [http-nio-8080-exec-10] o.s.web.servlet.DispatcherServlet        : GET "/general/perfil/nombrePerfil/7266", parameters={}
2025-10-10T08:18:54.763-05:00 DEBUG 14708 --- [wms-backend] [http-nio-8080-exec-10] s.w.s.m.m.a.RequestMappingHandlerMapping : Mapped to com.woden.wms_backend.controllers.WmsWdGeneral.PerfilController#getNombrePerfil(Integer)
2025-10-10T08:18:54.871-05:00 DEBUG 14708 --- [wms-backend] [http-nio-8080-exec-10] o.s.w.s.m.m.a.HttpEntityMethodProcessor  : Using 'application/json', given [application/json, text/plain, */*] and supported [application/json, application/*+json, application/yaml, application/xml;charset=UTF-8, text/xml;charset=UTF-8, application/*+xml;charset=UTF-8]
2025-10-10T08:18:54.871-05:00 DEBUG 14708 --- [wms-backend] [http-nio-8080-exec-10] o.s.w.s.m.m.a.HttpEntityMethodProcessor  : Writing [{perfil=ADMINISTRADOR}]
2025-10-10T08:18:54.872-05:00 DEBUG 14708 --- [wms-backend] [http-nio-8080-exec-10] o.s.web.servlet.DispatcherServlet        : Completed 200 OK
2025-10-10T08:18:54.887-05:00 DEBUG 14708 --- [wms-backend] [http-nio-8080-exec-2] o.s.web.servlet.DispatcherServlet        : GET "/client/usuariosys/5321", parameters={}
2025-10-10T08:18:54.887-05:00 DEBUG 14708 --- [wms-backend] [http-nio-8080-exec-2] s.w.s.m.m.a.RequestMappingHandlerMapping : Mapped to com.woden.wms_backend.controllers.ClientesControllers.UsuarioSysController#getUsuarioById(int)
2025-10-10T08:18:55.017-05:00 DEBUG 14708 --- [wms-backend] [http-nio-8080-exec-2] o.s.w.s.m.m.a.HttpEntityMethodProcessor  : Using 'application/json', given [application/json, text/plain, */*] and supported [application/json, application/*+json, application/yaml, application/xml;charset=UTF-8, text/xml;charset=UTF-8, application/*+xml;charset=UTF-8]
2025-10-10T08:18:55.018-05:00 DEBUG 14708 --- [wms-backend] [http-nio-8080-exec-2] o.s.w.s.m.m.a.HttpEntityMethodProcessor  : Writing [UsuarioSysModel(id=5321, nombres=Daniel Agudelo, nombreUsuario=eagudelo, perfilId=1499)]
2025-10-10T08:18:55.019-05:00 DEBUG 14708 --- [wms-backend] [http-nio-8080-exec-2] o.s.web.servlet.DispatcherServlet        : Completed 200 OK
2025-10-10T08:18:55.037-05:00 DEBUG 14708 --- [wms-backend] [http-nio-8080-exec-3] o.s.web.servlet.DispatcherServlet        : GET "/client/menu/getByIdPadrePerfil?idPerfil=1499&id=0", parameters={masked}
2025-10-10T08:18:55.038-05:00 DEBUG 14708 --- [wms-backend] [http-nio-8080-exec-3] s.w.s.m.m.a.RequestMappingHandlerMapping : Mapped to com.woden.wms_backend.controllers.ClientesControllers.MenuController#GetByIdPadrePerfil(Integer, String)
2025-10-10T08:18:55.153-05:00 DEBUG 14708 --- [wms-backend] [http-nio-8080-exec-3] o.s.w.s.m.m.a.HttpEntityMethodProcessor  : Using 'application/json', given [application/json, text/plain, */*] and supported [application/json, application/*+json, application/yaml, application/xml;charset=UTF-8, text/xml;charset=UTF-8, application/*+xml;charset=UTF-8]
2025-10-10T08:18:55.163-05:00 DEBUG 14708 --- [wms-backend] [http-nio-8080-exec-3] o.s.w.s.m.m.a.HttpEntityMethodProcessor  : Writing [[MenuModel(id=INV, descripcion=Inventario, tipo=menu, orden=1, accion=, estado=activo, icono=, id_pa (truncated)...]
2025-10-10T08:18:55.167-05:00 DEBUG 14708 --- [wms-backend] [http-nio-8080-exec-3] o.s.web.servlet.DispatcherServlet        : Completed 200 OK
2025-10-10T08:18:55.185-05:00 DEBUG 14708 --- [wms-backend] [http-nio-8080-exec-7] o.s.web.servlet.DispatcherServlet        : GET "/client/menu/getByIdPadrePerfil?idPerfil=1499&id=PROD", parameters={masked}
2025-10-10T08:18:55.185-05:00 DEBUG 14708 --- [wms-backend] [http-nio-8080-exec-6] o.s.web.servlet.DispatcherServlet        : GET "/client/menu/getByIdPadrePerfil?idPerfil=1499&id=LOG", parameters={masked}
2025-10-10T08:18:55.186-05:00 DEBUG 14708 --- [wms-backend] [http-nio-8080-exec-6] s.w.s.m.m.a.RequestMappingHandlerMapping : Mapped to com.woden.wms_backend.controllers.ClientesControllers.MenuController#GetByIdPadrePerfil(Integer, String)
2025-10-10T08:18:55.186-05:00 DEBUG 14708 --- [wms-backend] [http-nio-8080-exec-7] s.w.s.m.m.a.RequestMappingHandlerMapping : Mapped to com.woden.wms_backend.controllers.ClientesControllers.MenuController#GetByIdPadrePerfil(Integer, String)
2025-10-10T08:18:55.294-05:00 DEBUG 14708 --- [wms-backend] [http-nio-8080-exec-6] o.s.w.s.m.m.a.HttpEntityMethodProcessor  : Using 'application/json', given [application/json, text/plain, */*] and supported [application/json, application/*+json, application/yaml, application/xml;charset=UTF-8, text/xml;charset=UTF-8, application/*+xml;charset=UTF-8]
2025-10-10T08:18:55.295-05:00 DEBUG 14708 --- [wms-backend] [http-nio-8080-exec-6] o.s.w.s.m.m.a.HttpEntityMethodProcessor  : Writing [[MenuModel(id=LING, descripcion=Ingreso, tipo=item, orden=1, accion=LOGING, estado=activo, icono=bag (truncated)...]
2025-10-10T08:18:55.297-05:00 DEBUG 14708 --- [wms-backend] [http-nio-8080-exec-6] o.s.web.servlet.DispatcherServlet        : Completed 200 OK
2025-10-10T08:18:55.315-05:00 DEBUG 14708 --- [wms-backend] [http-nio-8080-exec-2] o.s.web.servlet.DispatcherServlet        : GET "/client/menu/getByIdPadrePerfil?idPerfil=1499&id=LALM", parameters={masked}
2025-10-10T08:18:55.316-05:00 DEBUG 14708 --- [wms-backend] [http-nio-8080-exec-2] s.w.s.m.m.a.RequestMappingHandlerMapping : Mapped to com.woden.wms_backend.controllers.ClientesControllers.MenuController#GetByIdPadrePerfil(Integer, String)
2025-10-10T08:18:55.317-05:00 DEBUG 14708 --- [wms-backend] [http-nio-8080-exec-1] o.s.web.servlet.DispatcherServlet        : GET "/client/menu/getByIdPadrePerfil?idPerfil=1499&id=LING", parameters={masked}
2025-10-10T08:18:55.317-05:00 DEBUG 14708 --- [wms-backend] [http-nio-8080-exec-1] s.w.s.m.m.a.RequestMappingHandlerMapping : Mapped to com.woden.wms_backend.controllers.ClientesControllers.MenuController#GetByIdPadrePerfil(Integer, String)
2025-10-10T08:18:55.322-05:00 DEBUG 14708 --- [wms-backend] [http-nio-8080-exec-3] o.s.web.servlet.DispatcherServlet        : GET "/client/menu/getByIdPadrePerfil?idPerfil=1499&id=LDES", parameters={masked}
2025-10-10T08:18:55.322-05:00 DEBUG 14708 --- [wms-backend] [http-nio-8080-exec-3] s.w.s.m.m.a.RequestMappingHandlerMapping : Mapped to com.woden.wms_backend.controllers.ClientesControllers.MenuController#GetByIdPadrePerfil(Integer, String)
2025-10-10T08:18:55.401-05:00 DEBUG 14708 --- [wms-backend] [http-nio-8080-exec-7] o.s.w.s.m.m.a.HttpEntityMethodProcessor  : Using 'application/json', given [application/json, text/plain, */*] and supported [application/json, application/*+json, application/yaml, application/xml;charset=UTF-8, text/xml;charset=UTF-8, application/*+xml;charset=UTF-8]
2025-10-10T08:18:55.402-05:00 DEBUG 14708 --- [wms-backend] [http-nio-8080-exec-7] o.s.w.s.m.m.a.HttpEntityMethodProcessor  : Writing [[MenuModel(id=PCLA, descripcion=Clasificación, tipo=item, orden=1, accion=PRODCLA, estado=activo, ic (truncated)...]
2025-10-10T08:18:55.404-05:00 DEBUG 14708 --- [wms-backend] [http-nio-8080-exec-7] o.s.web.servlet.DispatcherServlet        : Completed 200 OK
2025-10-10T08:18:55.423-05:00 DEBUG 14708 --- [wms-backend] [http-nio-8080-exec-1] o.s.w.s.m.m.a.HttpEntityMethodProcessor  : Using 'application/json', given [application/json, text/plain, */*] and supported [application/json, application/*+json, application/yaml, application/xml;charset=UTF-8, text/xml;charset=UTF-8, application/*+xml;charset=UTF-8]
2025-10-10T08:18:55.423-05:00 DEBUG 14708 --- [wms-backend] [http-nio-8080-exec-2] o.s.w.s.m.m.a.HttpEntityMethodProcessor  : Using 'application/json', given [application/json, text/plain, */*] and supported [application/json, application/*+json, application/yaml, application/xml;charset=UTF-8, text/xml;charset=UTF-8, application/*+xml;charset=UTF-8]
2025-10-10T08:18:55.423-05:00 DEBUG 14708 --- [wms-backend] [http-nio-8080-exec-2] o.s.w.s.m.m.a.HttpEntityMethodProcessor  : Writing [[]]
2025-10-10T08:18:55.423-05:00 DEBUG 14708 --- [wms-backend] [http-nio-8080-exec-1] o.s.w.s.m.m.a.HttpEntityMethodProcessor  : Writing [[]]
2025-10-10T08:18:55.424-05:00 DEBUG 14708 --- [wms-backend] [http-nio-8080-exec-2] o.s.web.servlet.DispatcherServlet        : Completed 200 OK
2025-10-10T08:18:55.424-05:00 DEBUG 14708 --- [wms-backend] [http-nio-8080-exec-1] o.s.web.servlet.DispatcherServlet        : Completed 200 OK
2025-10-10T08:18:55.465-05:00 DEBUG 14708 --- [wms-backend] [http-nio-8080-exec-10] o.s.web.servlet.DispatcherServlet        : GET "/client/menu/getByIdPadrePerfil?idPerfil=1499&id=PCLA", parameters={masked}
2025-10-10T08:18:55.466-05:00 DEBUG 14708 --- [wms-backend] [http-nio-8080-exec-10] s.w.s.m.m.a.RequestMappingHandlerMapping : Mapped to com.woden.wms_backend.controllers.ClientesControllers.MenuController#GetByIdPadrePerfil(Integer, String)
2025-10-10T08:18:55.466-05:00 DEBUG 14708 --- [wms-backend] [http-nio-8080-exec-9] o.s.web.servlet.DispatcherServlet        : GET "/client/menu/getByIdPadrePerfil?idPerfil=1499&id=PREP", parameters={masked}
2025-10-10T08:18:55.466-05:00 DEBUG 14708 --- [wms-backend] [http-nio-8080-exec-9] s.w.s.m.m.a.RequestMappingHandlerMapping : Mapped to com.woden.wms_backend.controllers.ClientesControllers.MenuController#GetByIdPadrePerfil(Integer, String)
2025-10-10T08:18:55.466-05:00 DEBUG 14708 --- [wms-backend] [http-nio-8080-exec-7] o.s.web.servlet.DispatcherServlet        : GET "/client/menu/getByIdPadrePerfil?idPerfil=1499&id=PEMP", parameters={masked}
2025-10-10T08:18:55.467-05:00 DEBUG 14708 --- [wms-backend] [http-nio-8080-exec-7] s.w.s.m.m.a.RequestMappingHandlerMapping : Mapped to com.woden.wms_backend.controllers.ClientesControllers.MenuController#GetByIdPadrePerfil(Integer, String)
2025-10-10T08:18:55.470-05:00 DEBUG 14708 --- [wms-backend] [http-nio-8080-exec-4] o.s.web.servlet.DispatcherServlet        : GET "/client/menu/getByIdPadrePerfil?idPerfil=1499&id=PDIA", parameters={masked}
2025-10-10T08:18:55.470-05:00 DEBUG 14708 --- [wms-backend] [http-nio-8080-exec-4] s.w.s.m.m.a.RequestMappingHandlerMapping : Mapped to com.woden.wms_backend.controllers.ClientesControllers.MenuController#GetByIdPadrePerfil(Integer, String)
2025-10-10T08:18:55.516-05:00 DEBUG 14708 --- [wms-backend] [http-nio-8080-exec-3] o.s.w.s.m.m.a.HttpEntityMethodProcessor  : Using 'application/json', given [application/json, text/plain, */*] and supported [application/json, application/*+json, application/yaml, application/xml;charset=UTF-8, text/xml;charset=UTF-8, application/*+xml;charset=UTF-8]
2025-10-10T08:18:55.516-05:00 DEBUG 14708 --- [wms-backend] [http-nio-8080-exec-3] o.s.w.s.m.m.a.HttpEntityMethodProcessor  : Writing [[]]
2025-10-10T08:18:55.517-05:00 DEBUG 14708 --- [wms-backend] [http-nio-8080-exec-3] o.s.web.servlet.DispatcherServlet        : Completed 200 OK
2025-10-10T08:18:55.696-05:00 DEBUG 14708 --- [wms-backend] [http-nio-8080-exec-10] o.s.w.s.m.m.a.HttpEntityMethodProcessor  : Using 'application/json', given [application/json, text/plain, */*] and supported [application/json, application/*+json, application/yaml, application/xml;charset=UTF-8, text/xml;charset=UTF-8, application/*+xml;charset=UTF-8]
2025-10-10T08:18:55.697-05:00 DEBUG 14708 --- [wms-backend] [http-nio-8080-exec-9] o.s.w.s.m.m.a.HttpEntityMethodProcessor  : Using 'application/json', given [application/json, text/plain, */*] and supported [application/json, application/*+json, application/yaml, application/xml;charset=UTF-8, text/xml;charset=UTF-8, application/*+xml;charset=UTF-8]
2025-10-10T08:18:55.696-05:00 DEBUG 14708 --- [wms-backend] [http-nio-8080-exec-7] o.s.w.s.m.m.a.HttpEntityMethodProcessor  : Using 'application/json', given [application/json, text/plain, */*] and supported [application/json, application/*+json, application/yaml, application/xml;charset=UTF-8, text/xml;charset=UTF-8, application/*+xml;charset=UTF-8]
2025-10-10T08:18:55.697-05:00 DEBUG 14708 --- [wms-backend] [http-nio-8080-exec-10] o.s.w.s.m.m.a.HttpEntityMethodProcessor  : Writing [[]]
2025-10-10T08:18:55.697-05:00 DEBUG 14708 --- [wms-backend] [http-nio-8080-exec-9] o.s.w.s.m.m.a.HttpEntityMethodProcessor  : Writing [[]]
2025-10-10T08:18:55.697-05:00 DEBUG 14708 --- [wms-backend] [http-nio-8080-exec-7] o.s.w.s.m.m.a.HttpEntityMethodProcessor  : Writing [[]]
2025-10-10T08:18:55.699-05:00 DEBUG 14708 --- [wms-backend] [http-nio-8080-exec-7] o.s.web.servlet.DispatcherServlet        : Completed 200 OK
2025-10-10T08:18:55.699-05:00 DEBUG 14708 --- [wms-backend] [http-nio-8080-exec-9] o.s.web.servlet.DispatcherServlet        : Completed 200 OK
2025-10-10T08:18:55.701-05:00 DEBUG 14708 --- [wms-backend] [http-nio-8080-exec-10] o.s.web.servlet.DispatcherServlet        : Completed 200 OK
2025-10-10T08:18:55.827-05:00 DEBUG 14708 --- [wms-backend] [http-nio-8080-exec-4] o.s.w.s.m.m.a.HttpEntityMethodProcessor  : Using 'application/json', given [application/json, text/plain, */*] and supported [application/json, application/*+json, application/yaml, application/xml;charset=UTF-8, text/xml;charset=UTF-8, application/*+xml;charset=UTF-8]
2025-10-10T08:18:55.829-05:00 DEBUG 14708 --- [wms-backend] [http-nio-8080-exec-4] o.s.w.s.m.m.a.HttpEntityMethodProcessor  : Writing [[]]
2025-10-10T08:18:55.832-05:00 DEBUG 14708 --- [wms-backend] [http-nio-8080-exec-4] o.s.web.servlet.DispatcherServlet        : Completed 200 OK
2025-10-10T08:18:58.742-05:00 DEBUG 14708 --- [wms-backend] [http-nio-8080-exec-6] o.s.web.servlet.DispatcherServlet        : GET "/general/version", parameters={}
2025-10-10T08:18:58.742-05:00 DEBUG 14708 --- [wms-backend] [http-nio-8080-exec-6] s.w.s.m.m.a.RequestMappingHandlerMapping : Mapped to com.woden.wms_backend.controllers.WmsWdGeneral.VersionController#getVersion()
2025-10-10T08:18:58.742-05:00 DEBUG 14708 --- [wms-backend] [http-nio-8080-exec-6] o.s.w.s.m.m.a.HttpEntityMethodProcessor  : Using 'application/json', given [application/json, text/plain, */*] and supported [text/plain, */*, application/json, application/*+json, application/yaml, application/xml;charset=UTF-8, text/xml;charset=UTF-8, application/*+xml;charset=UTF-8]
2025-10-10T08:18:58.742-05:00 DEBUG 14708 --- [wms-backend] [http-nio-8080-exec-6] o.s.w.s.m.m.a.HttpEntityMethodProcessor  : Writing ["1.0.1.48"]
2025-10-10T08:18:58.749-05:00 DEBUG 14708 --- [wms-backend] [http-nio-8080-exec-6] o.s.web.servlet.DispatcherServlet        : Completed 200 OK
2025-10-10T08:19:00.650-05:00 DEBUG 14708 --- [wms-backend] [http-nio-8080-exec-5] o.s.web.servlet.DispatcherServlet        : GET "/general/usuariocliente/id?usuarioId=5321&cliente=LEGACY%20COSTARICA", parameters={masked}
2025-10-10T08:19:00.650-05:00 DEBUG 14708 --- [wms-backend] [http-nio-8080-exec-5] s.w.s.m.m.a.RequestMappingHandlerMapping : Mapped to com.woden.wms_backend.controllers.WmsWdGeneral.UsuarioClienteController#obtenerIdUsuarioCliente(int, String)
2025-10-10T08:19:00.859-05:00 DEBUG 14708 --- [wms-backend] [http-nio-8080-exec-5] o.s.w.s.m.m.a.HttpEntityMethodProcessor  : Using 'application/json', given [application/json, text/plain, */*] and supported [application/json, application/*+json, application/yaml, application/xml;charset=UTF-8, text/xml;charset=UTF-8, application/*+xml;charset=UTF-8]
2025-10-10T08:19:00.859-05:00 DEBUG 14708 --- [wms-backend] [http-nio-8080-exec-5] o.s.w.s.m.m.a.HttpEntityMethodProcessor  : Writing [{id=7266}]
2025-10-10T08:19:00.859-05:00 DEBUG 14708 --- [wms-backend] [http-nio-8080-exec-5] o.s.web.servlet.DispatcherServlet        : Completed 200 OK
2025-10-10T08:19:00.876-05:00 DEBUG 14708 --- [wms-backend] [http-nio-8080-exec-1] o.s.web.servlet.DispatcherServlet        : GET "/general/perfilpermiso?modulo=Empaque&descripcion=Empaque&usuarioClientePerfilId=7266", parameters={masked}
2025-10-10T08:19:00.877-05:00 DEBUG 14708 --- [wms-backend] [http-nio-8080-exec-1] s.w.s.m.m.a.RequestMappingHandlerMapping : Mapped to com.woden.wms_backend.controllers.WmsWdGeneral.PerfilPermisoController#obtenerPerfilPermiso(String, String, int)
2025-10-10T08:19:00.994-05:00 DEBUG 14708 --- [wms-backend] [http-nio-8080-exec-1] o.s.w.s.m.m.a.HttpEntityMethodProcessor  : Using 'application/json', given [application/json, text/plain, */*] and supported [application/json, application/*+json, application/yaml, application/xml;charset=UTF-8, text/xml;charset=UTF-8, application/*+xml;charset=UTF-8]
2025-10-10T08:19:00.994-05:00 DEBUG 14708 --- [wms-backend] [http-nio-8080-exec-1] o.s.w.s.m.m.a.HttpEntityMethodProcessor  : Writing [[Opc_Recibo, Opc_Proceso, Opc_Entrega]]
2025-10-10T08:19:00.995-05:00 DEBUG 14708 --- [wms-backend] [http-nio-8080-exec-1] o.s.web.servlet.DispatcherServlet        : Completed 200 OK
2025-10-10T08:19:03.774-05:00 DEBUG 14708 --- [wms-backend] [http-nio-8080-exec-10] o.s.web.servlet.DispatcherServlet        : GET "/general/clientes-data-access/BaseEmpaqueON/85", parameters={}
2025-10-10T08:19:03.775-05:00 DEBUG 14708 --- [wms-backend] [http-nio-8080-exec-10] s.w.s.m.m.a.RequestMappingHandlerMapping : Mapped to com.woden.wms_backend.controllers.WmsWdGeneral.ClienteDataAccessController#getBaseEmpaqueON(Integer)
2025-10-10T08:19:03.776-05:00 DEBUG 14708 --- [wms-backend] [http-nio-8080-exec-4] o.s.web.servlet.DispatcherServlet        : POST "/client/workflowDestino/destino", parameters={}
2025-10-10T08:19:03.776-05:00 DEBUG 14708 --- [wms-backend] [http-nio-8080-exec-4] s.w.s.m.m.a.RequestMappingHandlerMapping : Mapped to com.woden.wms_backend.controllers.ClientesControllers.WorkFlowDestinoController#obtenerDestinos(WorkFlowDestinoDTO)
2025-10-10T08:19:03.777-05:00 DEBUG 14708 --- [wms-backend] [http-nio-8080-exec-6] o.s.web.servlet.DispatcherServlet        : GET "/general/estado/id/CLASIFICACION", parameters={}
2025-10-10T08:19:03.777-05:00 DEBUG 14708 --- [wms-backend] [http-nio-8080-exec-6] s.w.s.m.m.a.RequestMappingHandlerMapping : Mapped to com.woden.wms_backend.controllers.WmsWdGeneral.EstadoController#getIdEstado(String)
2025-10-10T08:19:03.785-05:00 DEBUG 14708 --- [wms-backend] [http-nio-8080-exec-4] m.m.a.RequestResponseBodyMethodProcessor : Read "application/json;charset=UTF-8" to [WorkFlowDestinoDTO(origen=P-EMPAQUE, opcion=Opc_Seriales, descripcion=Proceso, tipologiaId=0)]
2025-10-10T08:19:03.989-05:00 DEBUG 14708 --- [wms-backend] [http-nio-8080-exec-6] o.s.w.s.m.m.a.HttpEntityMethodProcessor  : Using 'application/json', given [application/json, text/plain, */*] and supported [application/json, application/*+json, application/yaml, application/xml;charset=UTF-8, text/xml;charset=UTF-8, application/*+xml;charset=UTF-8]
2025-10-10T08:19:03.990-05:00 DEBUG 14708 --- [wms-backend] [http-nio-8080-exec-6] o.s.w.s.m.m.a.HttpEntityMethodProcessor  : Writing [{id=13}]
2025-10-10T08:19:03.991-05:00 DEBUG 14708 --- [wms-backend] [http-nio-8080-exec-6] o.s.web.servlet.DispatcherServlet        : Completed 200 OK
2025-10-10T08:19:03.993-05:00 DEBUG 14708 --- [wms-backend] [http-nio-8080-exec-4] o.s.w.s.m.m.a.HttpEntityMethodProcessor  : Using 'application/json', given [application/json, text/plain, */*] and supported [application/json, application/*+json, application/yaml, application/xml;charset=UTF-8, text/xml;charset=UTF-8, application/*+xml;charset=UTF-8]
2025-10-10T08:19:03.994-05:00 DEBUG 14708 --- [wms-backend] [http-nio-8080-exec-4] o.s.w.s.m.m.a.HttpEntityMethodProcessor  : Writing [[38]]
2025-10-10T08:19:03.996-05:00 DEBUG 14708 --- [wms-backend] [http-nio-8080-exec-10] m.m.a.RequestResponseBodyMethodProcessor : Using 'application/json', given [application/json, text/plain, */*] and supported [application/json, application/*+json, application/yaml, application/xml;charset=UTF-8, text/xml;charset=UTF-8, application/*+xml;charset=UTF-8]
2025-10-10T08:19:03.996-05:00 DEBUG 14708 --- [wms-backend] [http-nio-8080-exec-4] o.s.web.servlet.DispatcherServlet        : Completed 200 OK
2025-10-10T08:19:03.996-05:00 DEBUG 14708 --- [wms-backend] [http-nio-8080-exec-10] m.m.a.RequestResponseBodyMethodProcessor : Writing [0]
2025-10-10T08:19:03.996-05:00 DEBUG 14708 --- [wms-backend] [http-nio-8080-exec-10] o.s.web.servlet.DispatcherServlet        : Completed 200 OK
2025-10-10T08:19:04.005-05:00 DEBUG 14708 --- [wms-backend] [http-nio-8080-exec-5] o.s.web.servlet.DispatcherServlet        : GET "/general/estado/id/DIAGNOSTICO", parameters={}
2025-10-10T08:19:04.005-05:00 DEBUG 14708 --- [wms-backend] [http-nio-8080-exec-5] s.w.s.m.m.a.RequestMappingHandlerMapping : Mapped to com.woden.wms_backend.controllers.WmsWdGeneral.EstadoController#getIdEstado(String)
2025-10-10T08:19:04.005-05:00 DEBUG 14708 --- [wms-backend] [http-nio-8080-exec-2] o.s.web.servlet.DispatcherServlet        : POST "/client/workflowDestino/destino", parameters={}
2025-10-10T08:19:04.005-05:00 DEBUG 14708 --- [wms-backend] [http-nio-8080-exec-2] s.w.s.m.m.a.RequestMappingHandlerMapping : Mapped to com.woden.wms_backend.controllers.ClientesControllers.WorkFlowDestinoController#obtenerDestinos(WorkFlowDestinoDTO)
2025-10-10T08:19:04.005-05:00 DEBUG 14708 --- [wms-backend] [http-nio-8080-exec-2] m.m.a.RequestResponseBodyMethodProcessor : Read "application/json;charset=UTF-8" to [WorkFlowDestinoDTO(origen=EMPAQUE, opcion=Opc_Seriales, descripcion=Proceso, tipologiaId=0)]
2025-10-10T08:19:04.116-05:00 DEBUG 14708 --- [wms-backend] [http-nio-8080-exec-2] o.s.w.s.m.m.a.HttpEntityMethodProcessor  : Using 'application/json', given [application/json, text/plain, */*] and supported [application/json, application/*+json, application/yaml, application/xml;charset=UTF-8, text/xml;charset=UTF-8, application/*+xml;charset=UTF-8]
2025-10-10T08:19:04.116-05:00 DEBUG 14708 --- [wms-backend] [http-nio-8080-exec-5] o.s.w.s.m.m.a.HttpEntityMethodProcessor  : Using 'application/json', given [application/json, text/plain, */*] and supported [application/json, application/*+json, application/yaml, application/xml;charset=UTF-8, text/xml;charset=UTF-8, application/*+xml;charset=UTF-8]
2025-10-10T08:19:04.116-05:00 DEBUG 14708 --- [wms-backend] [http-nio-8080-exec-2] o.s.w.s.m.m.a.HttpEntityMethodProcessor  : Writing [[66]]
2025-10-10T08:19:04.117-05:00 DEBUG 14708 --- [wms-backend] [http-nio-8080-exec-5] o.s.w.s.m.m.a.HttpEntityMethodProcessor  : Writing [{id=26}]
2025-10-10T08:19:04.118-05:00 DEBUG 14708 --- [wms-backend] [http-nio-8080-exec-2] o.s.web.servlet.DispatcherServlet        : Completed 200 OK
2025-10-10T08:19:04.118-05:00 DEBUG 14708 --- [wms-backend] [http-nio-8080-exec-5] o.s.web.servlet.DispatcherServlet        : Completed 200 OK
2025-10-10T08:19:04.136-05:00 DEBUG 14708 --- [wms-backend] [http-nio-8080-exec-7] o.s.web.servlet.DispatcherServlet        : GET "/client/maestros/getId?codigo=LIBRE%20UTILIZACION&tipo=Tipologias", parameters={masked}
2025-10-10T08:19:04.136-05:00 DEBUG 14708 --- [wms-backend] [http-nio-8080-exec-7] s.w.s.m.m.a.RequestMappingHandlerMapping : Mapped to com.woden.wms_backend.controllers.ClientesControllers.MaestroController#getIdMaster(String, String)
2025-10-10T08:19:04.139-05:00 DEBUG 14708 --- [wms-backend] [http-nio-8080-exec-9] o.s.web.servlet.DispatcherServlet        : GET "/general/estado/id/EMPAQUE", parameters={}
2025-10-10T08:19:04.140-05:00 DEBUG 14708 --- [wms-backend] [http-nio-8080-exec-9] s.w.s.m.m.a.RequestMappingHandlerMapping : Mapped to com.woden.wms_backend.controllers.WmsWdGeneral.EstadoController#getIdEstado(String)
2025-10-10T08:19:04.232-05:00 DEBUG 14708 --- [wms-backend] [http-nio-8080-exec-9] o.s.w.s.m.m.a.HttpEntityMethodProcessor  : Using 'application/json', given [application/json, text/plain, */*] and supported [application/json, application/*+json, application/yaml, application/xml;charset=UTF-8, text/xml;charset=UTF-8, application/*+xml;charset=UTF-8]
2025-10-10T08:19:04.232-05:00 DEBUG 14708 --- [wms-backend] [http-nio-8080-exec-9] o.s.w.s.m.m.a.HttpEntityMethodProcessor  : Writing [{id=38}]
2025-10-10T08:19:04.232-05:00 DEBUG 14708 --- [wms-backend] [http-nio-8080-exec-9] o.s.web.servlet.DispatcherServlet        : Completed 200 OK
2025-10-10T08:19:04.265-05:00 DEBUG 14708 --- [wms-backend] [http-nio-8080-exec-4] o.s.web.servlet.DispatcherServlet        : GET "/general/estado/id/REPARACION-ASIGNACION", parameters={}
2025-10-10T08:19:04.266-05:00 DEBUG 14708 --- [wms-backend] [http-nio-8080-exec-4] s.w.s.m.m.a.RequestMappingHandlerMapping : Mapped to com.woden.wms_backend.controllers.WmsWdGeneral.EstadoController#getIdEstado(String)
2025-10-10T08:19:04.343-05:00 DEBUG 14708 --- [wms-backend] [http-nio-8080-exec-7] o.s.w.s.m.m.a.HttpEntityMethodProcessor  : Using 'application/json', given [application/json, text/plain, */*] and supported [application/json, application/*+json, application/yaml, application/xml;charset=UTF-8, text/xml;charset=UTF-8, application/*+xml;charset=UTF-8]
2025-10-10T08:19:04.344-05:00 DEBUG 14708 --- [wms-backend] [http-nio-8080-exec-7] o.s.w.s.m.m.a.HttpEntityMethodProcessor  : Writing [{id=[110]}]
2025-10-10T08:19:04.345-05:00 DEBUG 14708 --- [wms-backend] [http-nio-8080-exec-7] o.s.web.servlet.DispatcherServlet        : Completed 200 OK
2025-10-10T08:19:04.357-05:00 DEBUG 14708 --- [wms-backend] [http-nio-8080-exec-10] o.s.web.servlet.DispatcherServlet        : POST "/client/workflowDestino/destino", parameters={}
2025-10-10T08:19:04.358-05:00 DEBUG 14708 --- [wms-backend] [http-nio-8080-exec-10] s.w.s.m.m.a.RequestMappingHandlerMapping : Mapped to com.woden.wms_backend.controllers.ClientesControllers.WorkFlowDestinoController#obtenerDestinos(WorkFlowDestinoDTO)
2025-10-10T08:19:04.359-05:00 DEBUG 14708 --- [wms-backend] [http-nio-8080-exec-10] m.m.a.RequestResponseBodyMethodProcessor : Read "application/json;charset=UTF-8" to [WorkFlowDestinoDTO(origen=EMPAQUE, opcion=Opc_Seriales, descripcion=Proceso, tipologiaId=110)]
2025-10-10T08:19:04.372-05:00 DEBUG 14708 --- [wms-backend] [http-nio-8080-exec-4] o.s.w.s.m.m.a.HttpEntityMethodProcessor  : Using 'application/json', given [application/json, text/plain, */*] and supported [application/json, application/*+json, application/yaml, application/xml;charset=UTF-8, text/xml;charset=UTF-8, application/*+xml;charset=UTF-8]
2025-10-10T08:19:04.372-05:00 DEBUG 14708 --- [wms-backend] [http-nio-8080-exec-4] o.s.w.s.m.m.a.HttpEntityMethodProcessor  : Writing [{id=29}]
2025-10-10T08:19:04.374-05:00 DEBUG 14708 --- [wms-backend] [http-nio-8080-exec-4] o.s.web.servlet.DispatcherServlet        : Completed 200 OK
2025-10-10T08:19:04.385-05:00 DEBUG 14708 --- [wms-backend] [http-nio-8080-exec-2] o.s.web.servlet.DispatcherServlet        : GET "/client/maestros/getId?codigo=POR%20COSMETICA&tipo=Tipologias", parameters={masked}
2025-10-10T08:19:04.385-05:00 DEBUG 14708 --- [wms-backend] [http-nio-8080-exec-2] s.w.s.m.m.a.RequestMappingHandlerMapping : Mapped to com.woden.wms_backend.controllers.ClientesControllers.MaestroController#getIdMaster(String, String)
2025-10-10T08:19:04.487-05:00 DEBUG 14708 --- [wms-backend] [http-nio-8080-exec-2] o.s.w.s.m.m.a.HttpEntityMethodProcessor  : Using 'application/json', given [application/json, text/plain, */*] and supported [application/json, application/*+json, application/yaml, application/xml;charset=UTF-8, text/xml;charset=UTF-8, application/*+xml;charset=UTF-8]
2025-10-10T08:19:04.487-05:00 DEBUG 14708 --- [wms-backend] [http-nio-8080-exec-2] o.s.w.s.m.m.a.HttpEntityMethodProcessor  : Writing [{id=[114]}]
2025-10-10T08:19:04.487-05:00 DEBUG 14708 --- [wms-backend] [http-nio-8080-exec-2] o.s.web.servlet.DispatcherServlet        : Completed 200 OK
2025-10-10T08:19:04.508-05:00 DEBUG 14708 --- [wms-backend] [http-nio-8080-exec-1] o.s.web.servlet.DispatcherServlet        : GET "/general/estado/id/EMPAQUE", parameters={}
2025-10-10T08:19:04.509-05:00 DEBUG 14708 --- [wms-backend] [http-nio-8080-exec-1] s.w.s.m.m.a.RequestMappingHandlerMapping : Mapped to com.woden.wms_backend.controllers.WmsWdGeneral.EstadoController#getIdEstado(String)
2025-10-10T08:19:04.513-05:00 DEBUG 14708 --- [wms-backend] [http-nio-8080-exec-3] o.s.web.servlet.DispatcherServlet        : GET "/client/maestros/tipoMaestro/13", parameters={}
2025-10-10T08:19:04.514-05:00 DEBUG 14708 --- [wms-backend] [http-nio-8080-exec-3] s.w.s.m.m.a.RequestMappingHandlerMapping : Mapped to com.woden.wms_backend.controllers.ClientesControllers.MaestroController#getByTipoMaestroId(int)
2025-10-10T08:19:04.569-05:00 DEBUG 14708 --- [wms-backend] [http-nio-8080-exec-10] o.s.w.s.m.m.a.HttpEntityMethodProcessor  : Using 'application/json', given [application/json, text/plain, */*] and supported [application/json, application/*+json, application/yaml, application/xml;charset=UTF-8, text/xml;charset=UTF-8, application/*+xml;charset=UTF-8]
2025-10-10T08:19:04.569-05:00 DEBUG 14708 --- [wms-backend] [http-nio-8080-exec-10] o.s.w.s.m.m.a.HttpEntityMethodProcessor  : Writing [[39]]
2025-10-10T08:19:04.569-05:00 DEBUG 14708 --- [wms-backend] [http-nio-8080-exec-10] o.s.web.servlet.DispatcherServlet        : Completed 200 OK
2025-10-10T08:19:04.576-05:00 DEBUG 14708 --- [wms-backend] [http-nio-8080-exec-9] o.s.web.servlet.DispatcherServlet        : POST "/client/workflowDestino/destino", parameters={}
2025-10-10T08:19:04.576-05:00 DEBUG 14708 --- [wms-backend] [http-nio-8080-exec-9] s.w.s.m.m.a.RequestMappingHandlerMapping : Mapped to com.woden.wms_backend.controllers.ClientesControllers.WorkFlowDestinoController#obtenerDestinos(WorkFlowDestinoDTO)
2025-10-10T08:19:04.577-05:00 DEBUG 14708 --- [wms-backend] [http-nio-8080-exec-9] m.m.a.RequestResponseBodyMethodProcessor : Read "application/json;charset=UTF-8" to [WorkFlowDestinoDTO(origen=EMPAQUE, opcion=Opc_Cajas, descripcion=Proceso, tipologiaId=0)]
2025-10-10T08:19:04.613-05:00 DEBUG 14708 --- [wms-backend] [http-nio-8080-exec-1] o.s.w.s.m.m.a.HttpEntityMethodProcessor  : Using 'application/json', given [application/json, text/plain, */*] and supported [application/json, application/*+json, application/yaml, application/xml;charset=UTF-8, text/xml;charset=UTF-8, application/*+xml;charset=UTF-8]
2025-10-10T08:19:04.613-05:00 DEBUG 14708 --- [wms-backend] [http-nio-8080-exec-1] o.s.w.s.m.m.a.HttpEntityMethodProcessor  : Writing [{id=38}]
2025-10-10T08:19:04.614-05:00 DEBUG 14708 --- [wms-backend] [http-nio-8080-exec-1] o.s.web.servlet.DispatcherServlet        : Completed 200 OK
2025-10-10T08:19:04.625-05:00 DEBUG 14708 --- [wms-backend] [http-nio-8080-exec-3] m.m.a.RequestResponseBodyMethodProcessor : Using 'application/json', given [application/json, text/plain, */*] and supported [application/json, application/*+json, application/yaml, application/xml;charset=UTF-8, text/xml;charset=UTF-8, application/*+xml;charset=UTF-8]
2025-10-10T08:19:04.630-05:00 DEBUG 14708 --- [wms-backend] [http-nio-8080-exec-3] m.m.a.RequestResponseBodyMethodProcessor : Writing [[MaestroModel(id=90, tipoMaestroId=13, codigo=ALMACEN TIGO, descripcion=CLIENTE, activo=1), MaestroM (truncated)...]
2025-10-10T08:19:04.631-05:00 DEBUG 14708 --- [wms-backend] [http-nio-8080-exec-7] o.s.web.servlet.DispatcherServlet        : GET "/general/clientes/kitIngresoON/85", parameters={}
2025-10-10T08:19:04.631-05:00 DEBUG 14708 --- [wms-backend] [http-nio-8080-exec-7] s.w.s.m.m.a.RequestMappingHandlerMapping : Mapped to com.woden.wms_backend.controllers.WmsWdGeneral.ClienteController#getKitIngresoON(int)
2025-10-10T08:19:04.633-05:00 DEBUG 14708 --- [wms-backend] [http-nio-8080-exec-3] o.s.web.servlet.DispatcherServlet        : Completed 200 OK
2025-10-10T08:19:04.685-05:00 DEBUG 14708 --- [wms-backend] [http-nio-8080-exec-9] o.s.w.s.m.m.a.HttpEntityMethodProcessor  : Using 'application/json', given [application/json, text/plain, */*] and supported [application/json, application/*+json, application/yaml, application/xml;charset=UTF-8, text/xml;charset=UTF-8, application/*+xml;charset=UTF-8]
2025-10-10T08:19:04.685-05:00 DEBUG 14708 --- [wms-backend] [http-nio-8080-exec-9] o.s.w.s.m.m.a.HttpEntityMethodProcessor  : Writing [[43]]
2025-10-10T08:19:04.686-05:00 DEBUG 14708 --- [wms-backend] [http-nio-8080-exec-9] o.s.web.servlet.DispatcherServlet        : Completed 200 OK
2025-10-10T08:19:04.698-05:00 DEBUG 14708 --- [wms-backend] [http-nio-8080-exec-4] o.s.web.servlet.DispatcherServlet        : GET "/client/maestros/getId?codigo=LIBRE%20UTILIZACION&tipo=Tipologias", parameters={masked}
2025-10-10T08:19:04.698-05:00 DEBUG 14708 --- [wms-backend] [http-nio-8080-exec-4] s.w.s.m.m.a.RequestMappingHandlerMapping : Mapped to com.woden.wms_backend.controllers.ClientesControllers.MaestroController#getIdMaster(String, String)
2025-10-10T08:19:04.720-05:00 DEBUG 14708 --- [wms-backend] [http-nio-8080-exec-2] o.s.web.servlet.DispatcherServlet        : GET "/client/pallets/searchPalletsBoxesWeb?numero=&destino=EMPAQUE&page=0&size=50", parameters={masked}
2025-10-10T08:19:04.720-05:00 DEBUG 14708 --- [wms-backend] [http-nio-8080-exec-2] s.w.s.m.m.a.RequestMappingHandlerMapping : Mapped to com.woden.wms_backend.controllers.ClientesControllers.PalletController#SearchPalletBoxPallet(String, String, int, int)
2025-10-10T08:19:04.737-05:00 DEBUG 14708 --- [wms-backend] [http-nio-8080-exec-7] m.m.a.RequestResponseBodyMethodProcessor : Using 'application/json', given [application/json, text/plain, */*] and supported [application/json, application/*+json, application/yaml, application/xml;charset=UTF-8, text/xml;charset=UTF-8, application/*+xml;charset=UTF-8]
2025-10-10T08:19:04.737-05:00 DEBUG 14708 --- [wms-backend] [http-nio-8080-exec-7] m.m.a.RequestResponseBodyMethodProcessor : Writing [false]
2025-10-10T08:19:04.739-05:00 DEBUG 14708 --- [wms-backend] [http-nio-8080-exec-7] o.s.web.servlet.DispatcherServlet        : Completed 200 OK
2025-10-10T08:19:04.753-05:00 DEBUG 14708 --- [wms-backend] [http-nio-8080-exec-10] o.s.web.servlet.DispatcherServlet        : GET "/client/etiqueta/getListLabel/EMPAQUE", parameters={}
2025-10-10T08:19:04.755-05:00 DEBUG 14708 --- [wms-backend] [http-nio-8080-exec-10] s.w.s.m.m.a.RequestMappingHandlerMapping : Mapped to com.woden.wms_backend.controllers.ClientesControllers.EtiquetaController#getListLabel(String)
2025-10-10T08:19:04.806-05:00 DEBUG 14708 --- [wms-backend] [http-nio-8080-exec-4] o.s.w.s.m.m.a.HttpEntityMethodProcessor  : Using 'application/json', given [application/json, text/plain, */*] and supported [application/json, application/*+json, application/yaml, application/xml;charset=UTF-8, text/xml;charset=UTF-8, application/*+xml;charset=UTF-8]
2025-10-10T08:19:04.806-05:00 DEBUG 14708 --- [wms-backend] [http-nio-8080-exec-4] o.s.w.s.m.m.a.HttpEntityMethodProcessor  : Writing [{id=[110]}]
2025-10-10T08:19:04.807-05:00 DEBUG 14708 --- [wms-backend] [http-nio-8080-exec-4] o.s.web.servlet.DispatcherServlet        : Completed 200 OK
2025-10-10T08:19:04.816-05:00 DEBUG 14708 --- [wms-backend] [http-nio-8080-exec-1] o.s.web.servlet.DispatcherServlet        : POST "/client/workflowDestino/destino", parameters={}
2025-10-10T08:19:04.816-05:00 DEBUG 14708 --- [wms-backend] [http-nio-8080-exec-1] s.w.s.m.m.a.RequestMappingHandlerMapping : Mapped to com.woden.wms_backend.controllers.ClientesControllers.WorkFlowDestinoController#obtenerDestinos(WorkFlowDestinoDTO)
2025-10-10T08:19:04.817-05:00 DEBUG 14708 --- [wms-backend] [http-nio-8080-exec-1] m.m.a.RequestResponseBodyMethodProcessor : Read "application/json;charset=UTF-8" to [WorkFlowDestinoDTO(origen=EMPAQUE, opcion=Opc_Cajas, descripcion=Proceso, tipologiaId=110)]
2025-10-10T08:19:04.842-05:00 DEBUG 14708 --- [wms-backend] [http-nio-8080-exec-2] o.s.w.s.m.m.a.HttpEntityMethodProcessor  : Using 'application/json', given [application/json, text/plain, */*] and supported [application/json, application/*+json, application/yaml, application/xml;charset=UTF-8, text/xml;charset=UTF-8, application/*+xml;charset=UTF-8]
2025-10-10T08:19:04.842-05:00 DEBUG 14708 --- [wms-backend] [http-nio-8080-exec-2] o.s.w.s.m.m.a.HttpEntityMethodProcessor  : Writing [[{descripcion=MULTIMODELO, numero=250909163635, cantidadCaja=1, id=674, tipologia=EMPAQUE DISPONIBLE (truncated)...]
2025-10-10T08:19:04.844-05:00 DEBUG 14708 --- [wms-backend] [http-nio-8080-exec-2] o.s.web.servlet.DispatcherServlet        : Completed 200 OK
2025-10-10T08:19:04.872-05:00 DEBUG 14708 --- [wms-backend] [http-nio-8080-exec-10] m.m.a.RequestResponseBodyMethodProcessor : Using 'application/json', given [application/json, text/plain, */*] and supported [application/json, application/*+json, application/yaml, application/xml;charset=UTF-8, text/xml;charset=UTF-8, application/*+xml;charset=UTF-8]
2025-10-10T08:19:04.874-05:00 DEBUG 14708 --- [wms-backend] [http-nio-8080-exec-10] m.m.a.RequestResponseBodyMethodProcessor : Writing [[EtiquetaListDTO(nombre=MASTER 14 ARRIS 1662G), EtiquetaListDTO(nombre=MASTER 14 ARRIS 1672G), Etiqu (truncated)...]
2025-10-10T08:19:04.879-05:00 DEBUG 14708 --- [wms-backend] [http-nio-8080-exec-10] o.s.web.servlet.DispatcherServlet        : Completed 200 OK
2025-10-10T08:19:04.921-05:00 DEBUG 14708 --- [wms-backend] [http-nio-8080-exec-1] o.s.w.s.m.m.a.HttpEntityMethodProcessor  : Using 'application/json', given [application/json, text/plain, */*] and supported [application/json, application/*+json, application/yaml, application/xml;charset=UTF-8, text/xml;charset=UTF-8, application/*+xml;charset=UTF-8]
2025-10-10T08:19:04.922-05:00 DEBUG 14708 --- [wms-backend] [http-nio-8080-exec-1] o.s.w.s.m.m.a.HttpEntityMethodProcessor  : Writing [[]]
2025-10-10T08:19:04.923-05:00 DEBUG 14708 --- [wms-backend] [http-nio-8080-exec-1] o.s.web.servlet.DispatcherServlet        : Completed 200 OK
2025-10-10T08:19:04.938-05:00 DEBUG 14708 --- [wms-backend] [http-nio-8080-exec-3] o.s.web.servlet.DispatcherServlet        : GET "/client/maestros/getId?codigo=EMPAQUE%20APROBADO&tipo=Tipologias", parameters={masked}
2025-10-10T08:19:04.938-05:00 DEBUG 14708 --- [wms-backend] [http-nio-8080-exec-3] s.w.s.m.m.a.RequestMappingHandlerMapping : Mapped to com.woden.wms_backend.controllers.ClientesControllers.MaestroController#getIdMaster(String, String)
2025-10-10T08:19:05.033-05:00 DEBUG 14708 --- [wms-backend] [http-nio-8080-exec-3] o.s.w.s.m.m.a.HttpEntityMethodProcessor  : Using 'application/json', given [application/json, text/plain, */*] and supported [application/json, application/*+json, application/yaml, application/xml;charset=UTF-8, text/xml;charset=UTF-8, application/*+xml;charset=UTF-8]
2025-10-10T08:19:05.033-05:00 DEBUG 14708 --- [wms-backend] [http-nio-8080-exec-3] o.s.w.s.m.m.a.HttpEntityMethodProcessor  : Writing [{id=[96]}]
2025-10-10T08:19:05.033-05:00 DEBUG 14708 --- [wms-backend] [http-nio-8080-exec-3] o.s.web.servlet.DispatcherServlet        : Completed 200 OK
2025-10-10T08:19:05.054-05:00 DEBUG 14708 --- [wms-backend] [http-nio-8080-exec-9] o.s.web.servlet.DispatcherServlet        : POST "/client/workflowDestino/destino", parameters={}
2025-10-10T08:19:05.055-05:00 DEBUG 14708 --- [wms-backend] [http-nio-8080-exec-9] s.w.s.m.m.a.RequestMappingHandlerMapping : Mapped to com.woden.wms_backend.controllers.ClientesControllers.WorkFlowDestinoController#obtenerDestinos(WorkFlowDestinoDTO)
2025-10-10T08:19:05.056-05:00 DEBUG 14708 --- [wms-backend] [http-nio-8080-exec-9] m.m.a.RequestResponseBodyMethodProcessor : Read "application/json;charset=UTF-8" to [WorkFlowDestinoDTO(origen=EMPAQUE, opcion=Opc_Seriales, descripcion=Proceso, tipologiaId=0)]
2025-10-10T08:19:05.162-05:00 DEBUG 14708 --- [wms-backend] [http-nio-8080-exec-9] o.s.w.s.m.m.a.HttpEntityMethodProcessor  : Using 'application/json', given [application/json, text/plain, */*] and supported [application/json, application/*+json, application/yaml, application/xml;charset=UTF-8, text/xml;charset=UTF-8, application/*+xml;charset=UTF-8]
2025-10-10T08:19:05.162-05:00 DEBUG 14708 --- [wms-backend] [http-nio-8080-exec-9] o.s.w.s.m.m.a.HttpEntityMethodProcessor  : Writing [[66]]
2025-10-10T08:19:05.163-05:00 DEBUG 14708 --- [wms-backend] [http-nio-8080-exec-9] o.s.web.servlet.DispatcherServlet        : Completed 200 OK
2025-10-10T08:19:05.851-05:00 DEBUG 14708 --- [wms-backend] [http-nio-8080-exec-7] o.s.web.servlet.DispatcherServlet        : GET "/client/cajaEmpaque/pallet/674", parameters={}
2025-10-10T08:19:05.852-05:00 DEBUG 14708 --- [wms-backend] [http-nio-8080-exec-7] s.w.s.m.m.a.RequestMappingHandlerMapping : Mapped to com.woden.wms_backend.controllers.ClientesControllers.CajaEmpaqueController#getSerialesByPallet(Integer)
2025-10-10T08:19:06.409-05:00 DEBUG 14708 --- [wms-backend] [http-nio-8080-exec-7] o.s.w.s.m.m.a.HttpEntityMethodProcessor  : Using 'application/json', given [application/json, text/plain, */*] and supported [application/json, application/*+json, application/yaml, application/xml;charset=UTF-8, text/xml;charset=UTF-8, application/*+xml;charset=UTF-8]
2025-10-10T08:19:06.409-05:00 DEBUG 14708 --- [wms-backend] [http-nio-8080-exec-7] o.s.w.s.m.m.a.HttpEntityMethodProcessor  : Writing [[7366514514, OOPP, NMNM]]
2025-10-10T08:19:06.410-05:00 DEBUG 14708 --- [wms-backend] [http-nio-8080-exec-7] o.s.web.servlet.DispatcherServlet        : Completed 200 OK
2025-10-10T08:19:08.690-05:00 DEBUG 14708 --- [wms-backend] [http-nio-8080-exec-5] o.s.web.servlet.DispatcherServlet        : GET "/general/version", parameters={}
2025-10-10T08:19:08.691-05:00 DEBUG 14708 --- [wms-backend] [http-nio-8080-exec-5] s.w.s.m.m.a.RequestMappingHandlerMapping : Mapped to com.woden.wms_backend.controllers.WmsWdGeneral.VersionController#getVersion()
2025-10-10T08:19:08.692-05:00 DEBUG 14708 --- [wms-backend] [http-nio-8080-exec-5] o.s.w.s.m.m.a.HttpEntityMethodProcessor  : Using 'application/json', given [application/json, text/plain, */*] and supported [text/plain, */*, application/json, application/*+json, application/yaml, application/xml;charset=UTF-8, text/xml;charset=UTF-8, application/*+xml;charset=UTF-8]
2025-10-10T08:19:08.692-05:00 DEBUG 14708 --- [wms-backend] [http-nio-8080-exec-5] o.s.w.s.m.m.a.HttpEntityMethodProcessor  : Writing ["1.0.1.48"]
2025-10-10T08:19:08.693-05:00 DEBUG 14708 --- [wms-backend] [http-nio-8080-exec-5] o.s.web.servlet.DispatcherServlet        : Completed 200 OK
2025-10-10T08:19:08.775-05:00 DEBUG 14708 --- [wms-backend] [http-nio-8080-exec-10] o.s.web.servlet.DispatcherServlet        : GET "/client/cajaEmpaque/searchPalletBoxEntry?estado=EMPAQUE&palletId=674&cajaEmpaqueId=0", parameters={masked}
2025-10-10T08:19:08.775-05:00 DEBUG 14708 --- [wms-backend] [http-nio-8080-exec-1] o.s.web.servlet.DispatcherServlet        : GET "/client/pallets/getModel/674", parameters={}
2025-10-10T08:19:08.776-05:00 DEBUG 14708 --- [wms-backend] [http-nio-8080-exec-10] s.w.s.m.m.a.RequestMappingHandlerMapping : Mapped to com.woden.wms_backend.controllers.ClientesControllers.CajaEmpaqueController#SearchPalletBoxEntry(String, Integer, Integer)
2025-10-10T08:19:08.776-05:00 DEBUG 14708 --- [wms-backend] [http-nio-8080-exec-1] s.w.s.m.m.a.RequestMappingHandlerMapping : Mapped to com.woden.wms_backend.controllers.ClientesControllers.PalletController#getPalletById(int)
2025-10-10T08:19:08.988-05:00 DEBUG 14708 --- [wms-backend] [http-nio-8080-exec-10] o.s.w.s.m.m.a.HttpEntityMethodProcessor  : Using 'application/json', given [application/json, text/plain, */*] and supported [application/json, application/*+json, application/yaml, application/xml;charset=UTF-8, text/xml;charset=UTF-8, application/*+xml;charset=UTF-8]
2025-10-10T08:19:08.988-05:00 DEBUG 14708 --- [wms-backend] [http-nio-8080-exec-10] o.s.w.s.m.m.a.HttpEntityMethodProcessor  : Writing [[]]
2025-10-10T08:19:08.988-05:00 DEBUG 14708 --- [wms-backend] [http-nio-8080-exec-10] o.s.web.servlet.DispatcherServlet        : Completed 200 OK
2025-10-10T08:19:09.001-05:00 DEBUG 14708 --- [wms-backend] [http-nio-8080-exec-1] o.s.w.s.m.m.a.HttpEntityMethodProcessor  : Using 'application/json', given [application/json, text/plain, */*] and supported [application/json, application/*+json, application/yaml, application/xml;charset=UTF-8, text/xml;charset=UTF-8, application/*+xml;charset=UTF-8]
2025-10-10T08:19:09.008-05:00 DEBUG 14708 --- [wms-backend] [http-nio-8080-exec-1] o.s.w.s.m.m.a.HttpEntityMethodProcessor  : Writing [PalletModel(id=674, numero=250909163635, posicionId=null, posicion=null, codigoSapId=20, codigoSap=M (truncated)...]
2025-10-10T08:19:09.009-05:00 DEBUG 14708 --- [wms-backend] [http-nio-8080-exec-1] o.s.web.servlet.DispatcherServlet        : Completed 200 OK
2025-10-10T08:19:09.021-05:00 DEBUG 14708 --- [wms-backend] [http-nio-8080-exec-3] o.s.web.servlet.DispatcherServlet        : GET "/client/cajaEmpaque/SearchPackingBoxesProcess?palletId=674", parameters={masked}
2025-10-10T08:19:09.022-05:00 DEBUG 14708 --- [wms-backend] [http-nio-8080-exec-3] s.w.s.m.m.a.RequestMappingHandlerMapping : Mapped to com.woden.wms_backend.controllers.ClientesControllers.CajaEmpaqueController#SearchPacking(Integer)
2025-10-10T08:19:09.324-05:00 DEBUG 14708 --- [wms-backend] [http-nio-8080-exec-3] o.s.w.s.m.m.a.HttpEntityMethodProcessor  : Using 'application/json', given [application/json, text/plain, */*] and supported [application/json, application/*+json, application/yaml, application/xml;charset=UTF-8, text/xml;charset=UTF-8, application/*+xml;charset=UTF-8]
2025-10-10T08:19:09.325-05:00 DEBUG 14708 --- [wms-backend] [http-nio-8080-exec-3] o.s.w.s.m.m.a.HttpEntityMethodProcessor  : Writing [[CajaEmpaqueDTO(id=661, numero=1, pallet=null, cantidad=null, Seriales=3, Estado=null)]]
2025-10-10T08:19:09.327-05:00 DEBUG 14708 --- [wms-backend] [http-nio-8080-exec-3] o.s.web.servlet.DispatcherServlet        : Completed 200 OK
2025-10-10T08:19:09.525-05:00 DEBUG 14708 --- [wms-backend] [http-nio-8080-exec-9] o.s.web.servlet.DispatcherServlet        : GET "/client/cajaEmpaque/pallet/674", parameters={}
2025-10-10T08:19:09.526-05:00 DEBUG 14708 --- [wms-backend] [http-nio-8080-exec-9] s.w.s.m.m.a.RequestMappingHandlerMapping : Mapped to com.woden.wms_backend.controllers.ClientesControllers.CajaEmpaqueController#getSerialesByPallet(Integer)
2025-10-10T08:19:10.064-05:00 DEBUG 14708 --- [wms-backend] [http-nio-8080-exec-9] o.s.w.s.m.m.a.HttpEntityMethodProcessor  : Using 'application/json', given [application/json, text/plain, */*] and supported [application/json, application/*+json, application/yaml, application/xml;charset=UTF-8, text/xml;charset=UTF-8, application/*+xml;charset=UTF-8]
2025-10-10T08:19:10.064-05:00 DEBUG 14708 --- [wms-backend] [http-nio-8080-exec-9] o.s.w.s.m.m.a.HttpEntityMethodProcessor  : Writing [[7366514514, OOPP, NMNM]]
2025-10-10T08:19:10.065-05:00 DEBUG 14708 --- [wms-backend] [http-nio-8080-exec-9] o.s.web.servlet.DispatcherServlet        : Completed 200 OK
2025-10-10T08:19:10.405-05:00 DEBUG 14708 --- [wms-backend] [http-nio-8080-exec-7] o.s.web.servlet.DispatcherServlet        : GET "/client/accesorio/searchPackingCodigoSapAccesory?estado=EMPAQUE&palletId=674&codigoSapId=20", parameters={masked}
2025-10-10T08:19:10.405-05:00 DEBUG 14708 --- [wms-backend] [http-nio-8080-exec-7] s.w.s.m.m.a.RequestMappingHandlerMapping : Mapped to com.woden.wms_backend.controllers.ClientesControllers.AccesorioController#searchPackingCodigoSapAccesory(String, Integer, Integer)
2025-10-10T08:19:10.407-05:00 DEBUG 14708 --- [wms-backend] [http-nio-8080-exec-4] o.s.web.servlet.DispatcherServlet        : GET "/client/accesorio/searchPackingCodigoSapAccesory?estado=EMPACADO&palletId=674&codigoSapId=20", parameters={masked}
2025-10-10T08:19:10.408-05:00 DEBUG 14708 --- [wms-backend] [http-nio-8080-exec-4] s.w.s.m.m.a.RequestMappingHandlerMapping : Mapped to com.woden.wms_backend.controllers.ClientesControllers.AccesorioController#searchPackingCodigoSapAccesory(String, Integer, Integer)
2025-10-10T08:19:10.665-05:00 DEBUG 14708 --- [wms-backend] [http-nio-8080-exec-4] o.s.w.s.m.m.a.HttpEntityMethodProcessor  : Using 'application/json', given [application/json, text/plain, */*] and supported [application/json, application/*+json, application/yaml, application/xml;charset=UTF-8, text/xml;charset=UTF-8, application/*+xml;charset=UTF-8]
2025-10-10T08:19:10.665-05:00 DEBUG 14708 --- [wms-backend] [http-nio-8080-exec-7] o.s.w.s.m.m.a.HttpEntityMethodProcessor  : Using 'application/json', given [application/json, text/plain, */*] and supported [application/json, application/*+json, application/yaml, application/xml;charset=UTF-8, text/xml;charset=UTF-8, application/*+xml;charset=UTF-8]
2025-10-10T08:19:10.665-05:00 DEBUG 14708 --- [wms-backend] [http-nio-8080-exec-7] o.s.w.s.m.m.a.HttpEntityMethodProcessor  : Writing [[{descripcion=CABLE HDMI JUMPER, codigo=ACC0000540, reacondicionados=13, nuevos=0, familia=CABLE}, { (truncated)...]
2025-10-10T08:19:10.665-05:00 DEBUG 14708 --- [wms-backend] [http-nio-8080-exec-4] o.s.w.s.m.m.a.HttpEntityMethodProcessor  : Writing [[{descripcion=REMOTE CONTROL DTH, codigo=06010740002, reacondicionados=0, nuevos=1, familia=CONTROL} (truncated)...]
2025-10-10T08:19:10.666-05:00 DEBUG 14708 --- [wms-backend] [http-nio-8080-exec-4] o.s.web.servlet.DispatcherServlet        : Completed 200 OK
2025-10-10T08:19:10.667-05:00 DEBUG 14708 --- [wms-backend] [http-nio-8080-exec-7] o.s.web.servlet.DispatcherServlet        : Completed 200 OK
2025-10-10T08:19:10.712-05:00 DEBUG 14708 --- [wms-backend] [http-nio-8080-exec-5] o.s.web.servlet.DispatcherServlet        : GET "/client/accesorio/getPackedAccesoriesSerials?codigoSap=ACC0000540&tipoAccesorio=nuevo&palletId=674", parameters={masked}
2025-10-10T08:19:10.713-05:00 DEBUG 14708 --- [wms-backend] [http-nio-8080-exec-5] s.w.s.m.m.a.RequestMappingHandlerMapping : Mapped to com.woden.wms_backend.controllers.ClientesControllers.AccesorioController#getPackedAccesoriesSerials(String, String, Integer)
2025-10-10T08:19:10.715-05:00 DEBUG 14708 --- [wms-backend] [http-nio-8080-exec-4] o.s.web.servlet.DispatcherServlet        : GET "/client/accesorio/getPackedAccesoriesSerials?codigoSap=HME0004232&tipoAccesorio=nuevo&palletId=674", parameters={masked}
2025-10-10T08:19:10.715-05:00 DEBUG 14708 --- [wms-backend] [http-nio-8080-exec-4] s.w.s.m.m.a.RequestMappingHandlerMapping : Mapped to com.woden.wms_backend.controllers.ClientesControllers.AccesorioController#getPackedAccesoriesSerials(String, String, Integer)
2025-10-10T08:19:10.718-05:00 DEBUG 14708 --- [wms-backend] [http-nio-8080-exec-7] o.s.web.servlet.DispatcherServlet        : GET "/client/accesorio/getPackedAccesoriesSerials?codigoSap=06010740002&tipoAccesorio=reacondicionado&palletId=674", parameters={masked}
2025-10-10T08:19:10.718-05:00 DEBUG 14708 --- [wms-backend] [http-nio-8080-exec-8] o.s.web.servlet.DispatcherServlet        : GET "/client/accesorio/getPackedAccesoriesSerials?codigoSap=ACC0000540&tipoAccesorio=reacondicionado&palletId=674", parameters={masked}
2025-10-10T08:19:10.718-05:00 DEBUG 14708 --- [wms-backend] [http-nio-8080-exec-7] s.w.s.m.m.a.RequestMappingHandlerMapping : Mapped to com.woden.wms_backend.controllers.ClientesControllers.AccesorioController#getPackedAccesoriesSerials(String, String, Integer)
2025-10-10T08:19:10.716-05:00 DEBUG 14708 --- [wms-backend] [http-nio-8080-exec-10] o.s.web.servlet.DispatcherServlet        : GET "/client/accesorio/getPackedAccesoriesSerials?codigoSap=06010740002&tipoAccesorio=nuevo&palletId=674", parameters={masked}
2025-10-10T08:19:10.718-05:00 DEBUG 14708 --- [wms-backend] [http-nio-8080-exec-10] s.w.s.m.m.a.RequestMappingHandlerMapping : Mapped to com.woden.wms_backend.controllers.ClientesControllers.AccesorioController#getPackedAccesoriesSerials(String, String, Integer)
2025-10-10T08:19:10.718-05:00 DEBUG 14708 --- [wms-backend] [http-nio-8080-exec-8] s.w.s.m.m.a.RequestMappingHandlerMapping : Mapped to com.woden.wms_backend.controllers.ClientesControllers.AccesorioController#getPackedAccesoriesSerials(String, String, Integer)
2025-10-10T08:19:10.725-05:00 DEBUG 14708 --- [wms-backend] [http-nio-8080-exec-1] o.s.web.servlet.DispatcherServlet        : GET "/client/accesorio/getPackedAccesoriesSerials?codigoSap=HME0004232&tipoAccesorio=reacondicionado&palletId=674", parameters={masked}
2025-10-10T08:19:10.725-05:00 DEBUG 14708 --- [wms-backend] [http-nio-8080-exec-1] s.w.s.m.m.a.RequestMappingHandlerMapping : Mapped to com.woden.wms_backend.controllers.ClientesControllers.AccesorioController#getPackedAccesoriesSerials(String, String, Integer)
2025-10-10T08:19:10.828-05:00 DEBUG 14708 --- [wms-backend] [http-nio-8080-exec-10] o.s.w.s.m.m.a.HttpEntityMethodProcessor  : Using 'application/json', given [application/json, text/plain, */*] and supported [application/json, application/*+json, application/yaml, application/xml;charset=UTF-8, text/xml;charset=UTF-8, application/*+xml;charset=UTF-8]
2025-10-10T08:19:10.828-05:00 DEBUG 14708 --- [wms-backend] [http-nio-8080-exec-8] o.s.w.s.m.m.a.HttpEntityMethodProcessor  : Using 'application/json', given [application/json, text/plain, */*] and supported [application/json, application/*+json, application/yaml, application/xml;charset=UTF-8, text/xml;charset=UTF-8, application/*+xml;charset=UTF-8]
2025-10-10T08:19:10.829-05:00 DEBUG 14708 --- [wms-backend] [http-nio-8080-exec-8] o.s.w.s.m.m.a.HttpEntityMethodProcessor  : Writing [0]
2025-10-10T08:19:10.829-05:00 DEBUG 14708 --- [wms-backend] [http-nio-8080-exec-10] o.s.w.s.m.m.a.HttpEntityMethodProcessor  : Writing [0]
2025-10-10T08:19:10.830-05:00 DEBUG 14708 --- [wms-backend] [http-nio-8080-exec-10] o.s.web.servlet.DispatcherServlet        : Completed 200 OK
2025-10-10T08:19:10.830-05:00 DEBUG 14708 --- [wms-backend] [http-nio-8080-exec-8] o.s.web.servlet.DispatcherServlet        : Completed 200 OK
2025-10-10T08:19:10.935-05:00 DEBUG 14708 --- [wms-backend] [http-nio-8080-exec-4] o.s.w.s.m.m.a.HttpEntityMethodProcessor  : Using 'application/json', given [application/json, text/plain, */*] and supported [application/json, application/*+json, application/yaml, application/xml;charset=UTF-8, text/xml;charset=UTF-8, application/*+xml;charset=UTF-8]
2025-10-10T08:19:10.935-05:00 DEBUG 14708 --- [wms-backend] [http-nio-8080-exec-4] o.s.w.s.m.m.a.HttpEntityMethodProcessor  : Writing [0]
2025-10-10T08:19:10.936-05:00 DEBUG 14708 --- [wms-backend] [http-nio-8080-exec-5] o.s.w.s.m.m.a.HttpEntityMethodProcessor  : Using 'application/json', given [application/json, text/plain, */*] and supported [application/json, application/*+json, application/yaml, application/xml;charset=UTF-8, text/xml;charset=UTF-8, application/*+xml;charset=UTF-8]
2025-10-10T08:19:10.936-05:00 DEBUG 14708 --- [wms-backend] [http-nio-8080-exec-5] o.s.w.s.m.m.a.HttpEntityMethodProcessor  : Writing [0]
2025-10-10T08:19:10.936-05:00 DEBUG 14708 --- [wms-backend] [http-nio-8080-exec-4] o.s.web.servlet.DispatcherServlet        : Completed 200 OK
2025-10-10T08:19:10.937-05:00 DEBUG 14708 --- [wms-backend] [http-nio-8080-exec-5] o.s.web.servlet.DispatcherServlet        : Completed 200 OK
2025-10-10T08:19:10.945-05:00 DEBUG 14708 --- [wms-backend] [http-nio-8080-exec-7] o.s.w.s.m.m.a.HttpEntityMethodProcessor  : Using 'application/json', given [application/json, text/plain, */*] and supported [application/json, application/*+json, application/yaml, application/xml;charset=UTF-8, text/xml;charset=UTF-8, application/*+xml;charset=UTF-8]
2025-10-10T08:19:10.945-05:00 DEBUG 14708 --- [wms-backend] [http-nio-8080-exec-7] o.s.w.s.m.m.a.HttpEntityMethodProcessor  : Writing [0]
2025-10-10T08:19:10.946-05:00 DEBUG 14708 --- [wms-backend] [http-nio-8080-exec-7] o.s.web.servlet.DispatcherServlet        : Completed 200 OK
2025-10-10T08:19:10.948-05:00 DEBUG 14708 --- [wms-backend] [http-nio-8080-exec-1] o.s.w.s.m.m.a.HttpEntityMethodProcessor  : Using 'application/json', given [application/json, text/plain, */*] and supported [application/json, application/*+json, application/yaml, application/xml;charset=UTF-8, text/xml;charset=UTF-8, application/*+xml;charset=UTF-8]
2025-10-10T08:19:10.948-05:00 DEBUG 14708 --- [wms-backend] [http-nio-8080-exec-1] o.s.w.s.m.m.a.HttpEntityMethodProcessor  : Writing [0]
2025-10-10T08:19:10.949-05:00 DEBUG 14708 --- [wms-backend] [http-nio-8080-exec-1] o.s.web.servlet.DispatcherServlet        : Completed 200 OK
2025-10-10T08:19:16.617-05:00 DEBUG 14708 --- [wms-backend] [http-nio-8080-exec-4] o.s.web.servlet.DispatcherServlet        : POST "/client/accesorio/updatePackingBatch", parameters={}
2025-10-10T08:19:16.617-05:00 DEBUG 14708 --- [wms-backend] [http-nio-8080-exec-4] s.w.s.m.m.a.RequestMappingHandlerMapping : Mapped to com.woden.wms_backend.controllers.ClientesControllers.AccesorioController#updatePackingBatch(List)
2025-10-10T08:19:16.621-05:00 DEBUG 14708 --- [wms-backend] [http-nio-8080-exec-4] m.m.a.RequestResponseBodyMethodProcessor : Read "application/json;charset=UTF-8" to [[[Ljava.lang.String;@2d54ae9e]]
2025-10-10T08:19:17.201-05:00 DEBUG 14708 --- [wms-backend] [http-nio-8080-exec-4] o.s.w.s.m.m.a.HttpEntityMethodProcessor  : Using 'application/json', given [application/json, text/plain, */*] and supported [application/json, application/*+json, application/yaml, application/xml;charset=UTF-8, text/xml;charset=UTF-8, application/*+xml;charset=UTF-8]
2025-10-10T08:19:17.201-05:00 DEBUG 14708 --- [wms-backend] [http-nio-8080-exec-4] o.s.w.s.m.m.a.HttpEntityMethodProcessor  : Writing [1]
2025-10-10T08:19:17.202-05:00 DEBUG 14708 --- [wms-backend] [http-nio-8080-exec-4] o.s.web.servlet.DispatcherServlet        : Completed 200 OK
2025-10-10T08:19:17.218-05:00 DEBUG 14708 --- [wms-backend] [http-nio-8080-exec-6] o.s.web.servlet.DispatcherServlet        : GET "/client/accesorio/searchPackingCodigoSapAccesory?estado=EMPAQUE&palletId=674&codigoSapId=20", parameters={masked}
2025-10-10T08:19:17.218-05:00 DEBUG 14708 --- [wms-backend] [http-nio-8080-exec-6] s.w.s.m.m.a.RequestMappingHandlerMapping : Mapped to com.woden.wms_backend.controllers.ClientesControllers.AccesorioController#searchPackingCodigoSapAccesory(String, Integer, Integer)
2025-10-10T08:19:17.219-05:00 DEBUG 14708 --- [wms-backend] [http-nio-8080-exec-10] o.s.web.servlet.DispatcherServlet        : GET "/client/accesorio/searchPackingCodigoSapAccesory?estado=EMPACADO&palletId=674&codigoSapId=20", parameters={masked}
2025-10-10T08:19:17.219-05:00 DEBUG 14708 --- [wms-backend] [http-nio-8080-exec-10] s.w.s.m.m.a.RequestMappingHandlerMapping : Mapped to com.woden.wms_backend.controllers.ClientesControllers.AccesorioController#searchPackingCodigoSapAccesory(String, Integer, Integer)
2025-10-10T08:19:17.447-05:00 DEBUG 14708 --- [wms-backend] [http-nio-8080-exec-6] o.s.w.s.m.m.a.HttpEntityMethodProcessor  : Using 'application/json', given [application/json, text/plain, */*] and supported [application/json, application/*+json, application/yaml, application/xml;charset=UTF-8, text/xml;charset=UTF-8, application/*+xml;charset=UTF-8]
2025-10-10T08:19:17.447-05:00 DEBUG 14708 --- [wms-backend] [http-nio-8080-exec-10] o.s.w.s.m.m.a.HttpEntityMethodProcessor  : Using 'application/json', given [application/json, text/plain, */*] and supported [application/json, application/*+json, application/yaml, application/xml;charset=UTF-8, text/xml;charset=UTF-8, application/*+xml;charset=UTF-8]
2025-10-10T08:19:17.447-05:00 DEBUG 14708 --- [wms-backend] [http-nio-8080-exec-6] o.s.w.s.m.m.a.HttpEntityMethodProcessor  : Writing [[{descripcion=CABLE HDMI JUMPER, codigo=ACC0000540, reacondicionados=13, nuevos=0, familia=CABLE}, { (truncated)...]
2025-10-10T08:19:17.447-05:00 DEBUG 14708 --- [wms-backend] [http-nio-8080-exec-10] o.s.w.s.m.m.a.HttpEntityMethodProcessor  : Writing [[{descripcion=REMOTE CONTROL DTH, codigo=06010740002, reacondicionados=0, nuevos=1, familia=CONTROL} (truncated)...]
2025-10-10T08:19:17.447-05:00 DEBUG 14708 --- [wms-backend] [http-nio-8080-exec-10] o.s.web.servlet.DispatcherServlet        : Completed 200 OK
2025-10-10T08:19:17.447-05:00 DEBUG 14708 --- [wms-backend] [http-nio-8080-exec-6] o.s.web.servlet.DispatcherServlet        : Completed 200 OK
2025-10-10T08:19:17.471-05:00 DEBUG 14708 --- [wms-backend] [http-nio-8080-exec-5] o.s.web.servlet.DispatcherServlet        : GET "/client/accesorio/getPackedAccesoriesSerials?codigoSap=06010740002&tipoAccesorio=reacondicionado&palletId=674", parameters={masked}
2025-10-10T08:19:17.471-05:00 DEBUG 14708 --- [wms-backend] [http-nio-8080-exec-5] s.w.s.m.m.a.RequestMappingHandlerMapping : Mapped to com.woden.wms_backend.controllers.ClientesControllers.AccesorioController#getPackedAccesoriesSerials(String, String, Integer)
2025-10-10T08:19:17.471-05:00 DEBUG 14708 --- [wms-backend] [http-nio-8080-exec-1] o.s.web.servlet.DispatcherServlet        : GET "/client/accesorio/getPackedAccesoriesSerials?codigoSap=06010740002&tipoAccesorio=nuevo&palletId=674", parameters={masked}
2025-10-10T08:19:17.471-05:00 DEBUG 14708 --- [wms-backend] [http-nio-8080-exec-1] s.w.s.m.m.a.RequestMappingHandlerMapping : Mapped to com.woden.wms_backend.controllers.ClientesControllers.AccesorioController#getPackedAccesoriesSerials(String, String, Integer)
2025-10-10T08:19:17.474-05:00 DEBUG 14708 --- [wms-backend] [http-nio-8080-exec-6] o.s.web.servlet.DispatcherServlet        : GET "/client/accesorio/getPackedAccesoriesSerials?codigoSap=ACC0000540&tipoAccesorio=reacondicionado&palletId=674", parameters={masked}
2025-10-10T08:19:17.474-05:00 DEBUG 14708 --- [wms-backend] [http-nio-8080-exec-9] o.s.web.servlet.DispatcherServlet        : GET "/client/accesorio/getPackedAccesoriesSerials?codigoSap=HME0004232&tipoAccesorio=reacondicionado&palletId=674", parameters={masked}
2025-10-10T08:19:17.474-05:00 DEBUG 14708 --- [wms-backend] [http-nio-8080-exec-2] o.s.web.servlet.DispatcherServlet        : GET "/client/accesorio/getPackedAccesoriesSerials?codigoSap=HME0004232&tipoAccesorio=nuevo&palletId=674", parameters={masked}
2025-10-10T08:19:17.474-05:00 DEBUG 14708 --- [wms-backend] [http-nio-8080-exec-10] o.s.web.servlet.DispatcherServlet        : GET "/client/accesorio/getPackedAccesoriesSerials?codigoSap=ACC0000540&tipoAccesorio=nuevo&palletId=674", parameters={masked}
2025-10-10T08:19:17.474-05:00 DEBUG 14708 --- [wms-backend] [http-nio-8080-exec-6] s.w.s.m.m.a.RequestMappingHandlerMapping : Mapped to com.woden.wms_backend.controllers.ClientesControllers.AccesorioController#getPackedAccesoriesSerials(String, String, Integer)
2025-10-10T08:19:17.474-05:00 DEBUG 14708 --- [wms-backend] [http-nio-8080-exec-2] s.w.s.m.m.a.RequestMappingHandlerMapping : Mapped to com.woden.wms_backend.controllers.ClientesControllers.AccesorioController#getPackedAccesoriesSerials(String, String, Integer)
2025-10-10T08:19:17.474-05:00 DEBUG 14708 --- [wms-backend] [http-nio-8080-exec-10] s.w.s.m.m.a.RequestMappingHandlerMapping : Mapped to com.woden.wms_backend.controllers.ClientesControllers.AccesorioController#getPackedAccesoriesSerials(String, String, Integer)
2025-10-10T08:19:17.474-05:00 DEBUG 14708 --- [wms-backend] [http-nio-8080-exec-9] s.w.s.m.m.a.RequestMappingHandlerMapping : Mapped to com.woden.wms_backend.controllers.ClientesControllers.AccesorioController#getPackedAccesoriesSerials(String, String, Integer)
2025-10-10T08:19:17.577-05:00 DEBUG 14708 --- [wms-backend] [http-nio-8080-exec-1] o.s.w.s.m.m.a.HttpEntityMethodProcessor  : Using 'application/json', given [application/json, text/plain, */*] and supported [application/json, application/*+json, application/yaml, application/xml;charset=UTF-8, text/xml;charset=UTF-8, application/*+xml;charset=UTF-8]
2025-10-10T08:19:17.577-05:00 DEBUG 14708 --- [wms-backend] [http-nio-8080-exec-1] o.s.w.s.m.m.a.HttpEntityMethodProcessor  : Writing [0]
2025-10-10T08:19:17.579-05:00 DEBUG 14708 --- [wms-backend] [http-nio-8080-exec-1] o.s.web.servlet.DispatcherServlet        : Completed 200 OK
2025-10-10T08:19:17.584-05:00 DEBUG 14708 --- [wms-backend] [http-nio-8080-exec-10] o.s.w.s.m.m.a.HttpEntityMethodProcessor  : Using 'application/json', given [application/json, text/plain, */*] and supported [application/json, application/*+json, application/yaml, application/xml;charset=UTF-8, text/xml;charset=UTF-8, application/*+xml;charset=UTF-8]
2025-10-10T08:19:17.584-05:00 DEBUG 14708 --- [wms-backend] [http-nio-8080-exec-10] o.s.w.s.m.m.a.HttpEntityMethodProcessor  : Writing [0]
2025-10-10T08:19:17.585-05:00 DEBUG 14708 --- [wms-backend] [http-nio-8080-exec-9] o.s.w.s.m.m.a.HttpEntityMethodProcessor  : Using 'application/json', given [application/json, text/plain, */*] and supported [application/json, application/*+json, application/yaml, application/xml;charset=UTF-8, text/xml;charset=UTF-8, application/*+xml;charset=UTF-8]
2025-10-10T08:19:17.585-05:00 DEBUG 14708 --- [wms-backend] [http-nio-8080-exec-10] o.s.web.servlet.DispatcherServlet        : Completed 200 OK
2025-10-10T08:19:17.585-05:00 DEBUG 14708 --- [wms-backend] [http-nio-8080-exec-9] o.s.w.s.m.m.a.HttpEntityMethodProcessor  : Writing [1]
2025-10-10T08:19:17.586-05:00 DEBUG 14708 --- [wms-backend] [http-nio-8080-exec-9] o.s.web.servlet.DispatcherServlet        : Completed 200 OK
2025-10-10T08:19:17.679-05:00 DEBUG 14708 --- [wms-backend] [http-nio-8080-exec-5] o.s.w.s.m.m.a.HttpEntityMethodProcessor  : Using 'application/json', given [application/json, text/plain, */*] and supported [application/json, application/*+json, application/yaml, application/xml;charset=UTF-8, text/xml;charset=UTF-8, application/*+xml;charset=UTF-8]
2025-10-10T08:19:17.679-05:00 DEBUG 14708 --- [wms-backend] [http-nio-8080-exec-2] o.s.w.s.m.m.a.HttpEntityMethodProcessor  : Using 'application/json', given [application/json, text/plain, */*] and supported [application/json, application/*+json, application/yaml, application/xml;charset=UTF-8, text/xml;charset=UTF-8, application/*+xml;charset=UTF-8]
2025-10-10T08:19:17.679-05:00 DEBUG 14708 --- [wms-backend] [http-nio-8080-exec-5] o.s.w.s.m.m.a.HttpEntityMethodProcessor  : Writing [0]
2025-10-10T08:19:17.679-05:00 DEBUG 14708 --- [wms-backend] [http-nio-8080-exec-2] o.s.w.s.m.m.a.HttpEntityMethodProcessor  : Writing [0]
2025-10-10T08:19:17.679-05:00 DEBUG 14708 --- [wms-backend] [http-nio-8080-exec-5] o.s.web.servlet.DispatcherServlet        : Completed 200 OK
2025-10-10T08:19:17.679-05:00 DEBUG 14708 --- [wms-backend] [http-nio-8080-exec-2] o.s.web.servlet.DispatcherServlet        : Completed 200 OK
2025-10-10T08:19:17.689-05:00 DEBUG 14708 --- [wms-backend] [http-nio-8080-exec-6] o.s.w.s.m.m.a.HttpEntityMethodProcessor  : Using 'application/json', given [application/json, text/plain, */*] and supported [application/json, application/*+json, application/yaml, application/xml;charset=UTF-8, text/xml;charset=UTF-8, application/*+xml;charset=UTF-8]
2025-10-10T08:19:17.689-05:00 DEBUG 14708 --- [wms-backend] [http-nio-8080-exec-6] o.s.w.s.m.m.a.HttpEntityMethodProcessor  : Writing [0]
2025-10-10T08:19:17.690-05:00 DEBUG 14708 --- [wms-backend] [http-nio-8080-exec-6] o.s.web.servlet.DispatcherServlet        : Completed 200 OK
2025-10-10T08:19:18.692-05:00 DEBUG 14708 --- [wms-backend] [http-nio-8080-exec-4] o.s.web.servlet.DispatcherServlet        : GET "/general/version", parameters={}
2025-10-10T08:19:18.692-05:00 DEBUG 14708 --- [wms-backend] [http-nio-8080-exec-4] s.w.s.m.m.a.RequestMappingHandlerMapping : Mapped to com.woden.wms_backend.controllers.WmsWdGeneral.VersionController#getVersion()
2025-10-10T08:19:18.693-05:00 DEBUG 14708 --- [wms-backend] [http-nio-8080-exec-4] o.s.w.s.m.m.a.HttpEntityMethodProcessor  : Using 'application/json', given [application/json, text/plain, */*] and supported [text/plain, */*, application/json, application/*+json, application/yaml, application/xml;charset=UTF-8, text/xml;charset=UTF-8, application/*+xml;charset=UTF-8]
2025-10-10T08:19:18.693-05:00 DEBUG 14708 --- [wms-backend] [http-nio-8080-exec-4] o.s.w.s.m.m.a.HttpEntityMethodProcessor  : Writing ["1.0.1.48"]
2025-10-10T08:19:18.694-05:00 DEBUG 14708 --- [wms-backend] [http-nio-8080-exec-4] o.s.web.servlet.DispatcherServlet        : Completed 200 OK
2025-10-10T08:19:26.659-05:00 DEBUG 14708 --- [wms-backend] [http-nio-8080-exec-8] o.s.web.servlet.DispatcherServlet        : POST "/client/accesorio/updatePackingBatch", parameters={}
2025-10-10T08:19:26.659-05:00 DEBUG 14708 --- [wms-backend] [http-nio-8080-exec-8] s.w.s.m.m.a.RequestMappingHandlerMapping : Mapped to com.woden.wms_backend.controllers.ClientesControllers.AccesorioController#updatePackingBatch(List)
2025-10-10T08:19:26.663-05:00 DEBUG 14708 --- [wms-backend] [http-nio-8080-exec-8] m.m.a.RequestResponseBodyMethodProcessor : Read "application/json;charset=UTF-8" to [[[Ljava.lang.String;@7e5982ed, [Ljava.lang.String;@7f5a927]]
2025-10-10T08:19:27.643-05:00 DEBUG 14708 --- [wms-backend] [http-nio-8080-exec-8] o.s.w.s.m.m.a.HttpEntityMethodProcessor  : Using 'application/json', given [application/json, text/plain, */*] and supported [application/json, application/*+json, application/yaml, application/xml;charset=UTF-8, text/xml;charset=UTF-8, application/*+xml;charset=UTF-8]
2025-10-10T08:19:27.643-05:00 DEBUG 14708 --- [wms-backend] [http-nio-8080-exec-8] o.s.w.s.m.m.a.HttpEntityMethodProcessor  : Writing [1]
2025-10-10T08:19:27.643-05:00 DEBUG 14708 --- [wms-backend] [http-nio-8080-exec-8] o.s.web.servlet.DispatcherServlet        : Completed 200 OK
2025-10-10T08:19:27.659-05:00 DEBUG 14708 --- [wms-backend] [http-nio-8080-exec-10] o.s.web.servlet.DispatcherServlet        : GET "/client/accesorio/searchPackingCodigoSapAccesory?estado=EMPACADO&palletId=674&codigoSapId=20", parameters={masked}
2025-10-10T08:19:27.659-05:00 DEBUG 14708 --- [wms-backend] [http-nio-8080-exec-9] o.s.web.servlet.DispatcherServlet        : GET "/client/accesorio/searchPackingCodigoSapAccesory?estado=EMPAQUE&palletId=674&codigoSapId=20", parameters={masked}
2025-10-10T08:19:27.660-05:00 DEBUG 14708 --- [wms-backend] [http-nio-8080-exec-10] s.w.s.m.m.a.RequestMappingHandlerMapping : Mapped to com.woden.wms_backend.controllers.ClientesControllers.AccesorioController#searchPackingCodigoSapAccesory(String, Integer, Integer)
2025-10-10T08:19:27.660-05:00 DEBUG 14708 --- [wms-backend] [http-nio-8080-exec-9] s.w.s.m.m.a.RequestMappingHandlerMapping : Mapped to com.woden.wms_backend.controllers.ClientesControllers.AccesorioController#searchPackingCodigoSapAccesory(String, Integer, Integer)
2025-10-10T08:19:27.866-05:00 DEBUG 14708 --- [wms-backend] [http-nio-8080-exec-10] o.s.w.s.m.m.a.HttpEntityMethodProcessor  : Using 'application/json', given [application/json, text/plain, */*] and supported [application/json, application/*+json, application/yaml, application/xml;charset=UTF-8, text/xml;charset=UTF-8, application/*+xml;charset=UTF-8]
2025-10-10T08:19:27.866-05:00 DEBUG 14708 --- [wms-backend] [http-nio-8080-exec-10] o.s.w.s.m.m.a.HttpEntityMethodProcessor  : Writing [[{descripcion=REMOTE CONTROL DTH, codigo=06010740002, reacondicionados=0, nuevos=1, familia=CONTROL} (truncated)...]
2025-10-10T08:19:27.866-05:00 DEBUG 14708 --- [wms-backend] [http-nio-8080-exec-10] o.s.web.servlet.DispatcherServlet        : Completed 200 OK
2025-10-10T08:19:27.889-05:00 DEBUG 14708 --- [wms-backend] [http-nio-8080-exec-9] o.s.w.s.m.m.a.HttpEntityMethodProcessor  : Using 'application/json', given [application/json, text/plain, */*] and supported [application/json, application/*+json, application/yaml, application/xml;charset=UTF-8, text/xml;charset=UTF-8, application/*+xml;charset=UTF-8]
2025-10-10T08:19:27.890-05:00 DEBUG 14708 --- [wms-backend] [http-nio-8080-exec-9] o.s.w.s.m.m.a.HttpEntityMethodProcessor  : Writing [[{descripcion=CABLE HDMI JUMPER, codigo=ACC0000540, reacondicionados=13, nuevos=0, familia=CABLE}, { (truncated)...]
2025-10-10T08:19:27.890-05:00 DEBUG 14708 --- [wms-backend] [http-nio-8080-exec-9] o.s.web.servlet.DispatcherServlet        : Completed 200 OK
2025-10-10T08:19:27.890-05:00 DEBUG 14708 --- [wms-backend] [http-nio-8080-exec-10] o.s.web.servlet.DispatcherServlet        : GET "/client/accesorio/getPackedAccesoriesSerials?codigoSap=ACC0000540&tipoAccesorio=nuevo&palletId=674", parameters={masked}
2025-10-10T08:19:27.890-05:00 DEBUG 14708 --- [wms-backend] [http-nio-8080-exec-8] o.s.web.servlet.DispatcherServlet        : GET "/client/accesorio/getPackedAccesoriesSerials?codigoSap=06010740002&tipoAccesorio=nuevo&palletId=674", parameters={masked}
2025-10-10T08:19:27.890-05:00 DEBUG 14708 --- [wms-backend] [http-nio-8080-exec-8] s.w.s.m.m.a.RequestMappingHandlerMapping : Mapped to com.woden.wms_backend.controllers.ClientesControllers.AccesorioController#getPackedAccesoriesSerials(String, String, Integer)
2025-10-10T08:19:27.890-05:00 DEBUG 14708 --- [wms-backend] [http-nio-8080-exec-10] s.w.s.m.m.a.RequestMappingHandlerMapping : Mapped to com.woden.wms_backend.controllers.ClientesControllers.AccesorioController#getPackedAccesoriesSerials(String, String, Integer)
2025-10-10T08:19:27.928-05:00 DEBUG 14708 --- [wms-backend] [http-nio-8080-exec-3] o.s.web.servlet.DispatcherServlet        : GET "/client/accesorio/getPackedAccesoriesSerials?codigoSap=HME0004232&tipoAccesorio=nuevo&palletId=674", parameters={masked}
2025-10-10T08:19:27.928-05:00 DEBUG 14708 --- [wms-backend] [http-nio-8080-exec-2] o.s.web.servlet.DispatcherServlet        : GET "/client/accesorio/getPackedAccesoriesSerials?codigoSap=ACC0000540&tipoAccesorio=reacondicionado&palletId=674", parameters={masked}
2025-10-10T08:19:27.928-05:00 DEBUG 14708 --- [wms-backend] [http-nio-8080-exec-4] o.s.web.servlet.DispatcherServlet        : GET "/client/accesorio/getPackedAccesoriesSerials?codigoSap=06010740002&tipoAccesorio=reacondicionado&palletId=674", parameters={masked}
2025-10-10T08:19:27.928-05:00 DEBUG 14708 --- [wms-backend] [http-nio-8080-exec-5] o.s.web.servlet.DispatcherServlet        : GET "/client/accesorio/getPackedAccesoriesSerials?codigoSap=HME0004064&tipoAccesorio=nuevo&palletId=674", parameters={masked}
2025-10-10T08:19:27.928-05:00 DEBUG 14708 --- [wms-backend] [http-nio-8080-exec-3] s.w.s.m.m.a.RequestMappingHandlerMapping : Mapped to com.woden.wms_backend.controllers.ClientesControllers.AccesorioController#getPackedAccesoriesSerials(String, String, Integer)
2025-10-10T08:19:27.928-05:00 DEBUG 14708 --- [wms-backend] [http-nio-8080-exec-2] s.w.s.m.m.a.RequestMappingHandlerMapping : Mapped to com.woden.wms_backend.controllers.ClientesControllers.AccesorioController#getPackedAccesoriesSerials(String, String, Integer)
2025-10-10T08:19:27.928-05:00 DEBUG 14708 --- [wms-backend] [http-nio-8080-exec-4] s.w.s.m.m.a.RequestMappingHandlerMapping : Mapped to com.woden.wms_backend.controllers.ClientesControllers.AccesorioController#getPackedAccesoriesSerials(String, String, Integer)
2025-10-10T08:19:27.928-05:00 DEBUG 14708 --- [wms-backend] [http-nio-8080-exec-5] s.w.s.m.m.a.RequestMappingHandlerMapping : Mapped to com.woden.wms_backend.controllers.ClientesControllers.AccesorioController#getPackedAccesoriesSerials(String, String, Integer)
2025-10-10T08:19:27.999-05:00 DEBUG 14708 --- [wms-backend] [http-nio-8080-exec-10] o.s.w.s.m.m.a.HttpEntityMethodProcessor  : Using 'application/json', given [application/json, text/plain, */*] and supported [application/json, application/*+json, application/yaml, application/xml;charset=UTF-8, text/xml;charset=UTF-8, application/*+xml;charset=UTF-8]
2025-10-10T08:19:27.999-05:00 DEBUG 14708 --- [wms-backend] [http-nio-8080-exec-10] o.s.w.s.m.m.a.HttpEntityMethodProcessor  : Writing [0]
2025-10-10T08:19:27.999-05:00 DEBUG 14708 --- [wms-backend] [http-nio-8080-exec-8] o.s.w.s.m.m.a.HttpEntityMethodProcessor  : Using 'application/json', given [application/json, text/plain, */*] and supported [application/json, application/*+json, application/yaml, application/xml;charset=UTF-8, text/xml;charset=UTF-8, application/*+xml;charset=UTF-8]
2025-10-10T08:19:27.999-05:00 DEBUG 14708 --- [wms-backend] [http-nio-8080-exec-8] o.s.w.s.m.m.a.HttpEntityMethodProcessor  : Writing [0]
2025-10-10T08:19:28.000-05:00 DEBUG 14708 --- [wms-backend] [http-nio-8080-exec-10] o.s.web.servlet.DispatcherServlet        : Completed 200 OK
2025-10-10T08:19:28.000-05:00 DEBUG 14708 --- [wms-backend] [http-nio-8080-exec-8] o.s.web.servlet.DispatcherServlet        : Completed 200 OK
2025-10-10T08:19:28.003-05:00 DEBUG 14708 --- [wms-backend] [http-nio-8080-exec-7] o.s.web.servlet.DispatcherServlet        : GET "/client/accesorio/getPackedAccesoriesSerials?codigoSap=HME0004232&tipoAccesorio=reacondicionado&palletId=674", parameters={masked}
2025-10-10T08:19:28.003-05:00 DEBUG 14708 --- [wms-backend] [http-nio-8080-exec-1] o.s.web.servlet.DispatcherServlet        : GET "/client/accesorio/getPackedAccesoriesSerials?codigoSap=HME0004064&tipoAccesorio=reacondicionado&palletId=674", parameters={masked}
2025-10-10T08:19:28.003-05:00 DEBUG 14708 --- [wms-backend] [http-nio-8080-exec-7] s.w.s.m.m.a.RequestMappingHandlerMapping : Mapped to com.woden.wms_backend.controllers.ClientesControllers.AccesorioController#getPackedAccesoriesSerials(String, String, Integer)
2025-10-10T08:19:28.003-05:00 DEBUG 14708 --- [wms-backend] [http-nio-8080-exec-1] s.w.s.m.m.a.RequestMappingHandlerMapping : Mapped to com.woden.wms_backend.controllers.ClientesControllers.AccesorioController#getPackedAccesoriesSerials(String, String, Integer)
2025-10-10T08:19:28.037-05:00 DEBUG 14708 --- [wms-backend] [http-nio-8080-exec-3] o.s.w.s.m.m.a.HttpEntityMethodProcessor  : Using 'application/json', given [application/json, text/plain, */*] and supported [application/json, application/*+json, application/yaml, application/xml;charset=UTF-8, text/xml;charset=UTF-8, application/*+xml;charset=UTF-8]
2025-10-10T08:19:28.037-05:00 DEBUG 14708 --- [wms-backend] [http-nio-8080-exec-3] o.s.w.s.m.m.a.HttpEntityMethodProcessor  : Writing [0]
2025-10-10T08:19:28.038-05:00 DEBUG 14708 --- [wms-backend] [http-nio-8080-exec-3] o.s.web.servlet.DispatcherServlet        : Completed 200 OK
2025-10-10T08:19:28.099-05:00 DEBUG 14708 --- [wms-backend] [http-nio-8080-exec-1] o.s.w.s.m.m.a.HttpEntityMethodProcessor  : Using 'application/json', given [application/json, text/plain, */*] and supported [application/json, application/*+json, application/yaml, application/xml;charset=UTF-8, text/xml;charset=UTF-8, application/*+xml;charset=UTF-8]
2025-10-10T08:19:28.099-05:00 DEBUG 14708 --- [wms-backend] [http-nio-8080-exec-1] o.s.w.s.m.m.a.HttpEntityMethodProcessor  : Writing [0]
2025-10-10T08:19:28.099-05:00 DEBUG 14708 --- [wms-backend] [http-nio-8080-exec-1] o.s.web.servlet.DispatcherServlet        : Completed 200 OK
2025-10-10T08:19:28.119-05:00 DEBUG 14708 --- [wms-backend] [http-nio-8080-exec-7] o.s.w.s.m.m.a.HttpEntityMethodProcessor  : Using 'application/json', given [application/json, text/plain, */*] and supported [application/json, application/*+json, application/yaml, application/xml;charset=UTF-8, text/xml;charset=UTF-8, application/*+xml;charset=UTF-8]
2025-10-10T08:19:28.121-05:00 DEBUG 14708 --- [wms-backend] [http-nio-8080-exec-7] o.s.w.s.m.m.a.HttpEntityMethodProcessor  : Writing [1]
2025-10-10T08:19:28.121-05:00 DEBUG 14708 --- [wms-backend] [http-nio-8080-exec-7] o.s.web.servlet.DispatcherServlet        : Completed 200 OK
2025-10-10T08:19:28.139-05:00 DEBUG 14708 --- [wms-backend] [http-nio-8080-exec-5] o.s.w.s.m.m.a.HttpEntityMethodProcessor  : Using 'application/json', given [application/json, text/plain, */*] and supported [application/json, application/*+json, application/yaml, application/xml;charset=UTF-8, text/xml;charset=UTF-8, application/*+xml;charset=UTF-8]
2025-10-10T08:19:28.139-05:00 DEBUG 14708 --- [wms-backend] [http-nio-8080-exec-2] o.s.w.s.m.m.a.HttpEntityMethodProcessor  : Using 'application/json', given [application/json, text/plain, */*] and supported [application/json, application/*+json, application/yaml, application/xml;charset=UTF-8, text/xml;charset=UTF-8, application/*+xml;charset=UTF-8]
2025-10-10T08:19:28.140-05:00 DEBUG 14708 --- [wms-backend] [http-nio-8080-exec-5] o.s.w.s.m.m.a.HttpEntityMethodProcessor  : Writing [2]
2025-10-10T08:19:28.140-05:00 DEBUG 14708 --- [wms-backend] [http-nio-8080-exec-2] o.s.w.s.m.m.a.HttpEntityMethodProcessor  : Writing [0]
2025-10-10T08:19:28.140-05:00 DEBUG 14708 --- [wms-backend] [http-nio-8080-exec-4] o.s.w.s.m.m.a.HttpEntityMethodProcessor  : Using 'application/json', given [application/json, text/plain, */*] and supported [application/json, application/*+json, application/yaml, application/xml;charset=UTF-8, text/xml;charset=UTF-8, application/*+xml;charset=UTF-8]
2025-10-10T08:19:28.140-05:00 DEBUG 14708 --- [wms-backend] [http-nio-8080-exec-4] o.s.w.s.m.m.a.HttpEntityMethodProcessor  : Writing [0]
2025-10-10T08:19:28.140-05:00 DEBUG 14708 --- [wms-backend] [http-nio-8080-exec-4] o.s.web.servlet.DispatcherServlet        : Completed 200 OK
2025-10-10T08:19:28.140-05:00 DEBUG 14708 --- [wms-backend] [http-nio-8080-exec-5] o.s.web.servlet.DispatcherServlet        : Completed 200 OK
2025-10-10T08:19:28.140-05:00 DEBUG 14708 --- [wms-backend] [http-nio-8080-exec-2] o.s.web.servlet.DispatcherServlet        : Completed 200 OK
2025-10-10T08:19:28.686-05:00 DEBUG 14708 --- [wms-backend] [http-nio-8080-exec-6] o.s.web.servlet.DispatcherServlet        : GET "/general/version", parameters={}
2025-10-10T08:19:28.687-05:00 DEBUG 14708 --- [wms-backend] [http-nio-8080-exec-6] s.w.s.m.m.a.RequestMappingHandlerMapping : Mapped to com.woden.wms_backend.controllers.WmsWdGeneral.VersionController#getVersion()
2025-10-10T08:19:28.687-05:00 DEBUG 14708 --- [wms-backend] [http-nio-8080-exec-6] o.s.w.s.m.m.a.HttpEntityMethodProcessor  : Using 'application/json', given [application/json, text/plain, */*] and supported [text/plain, */*, application/json, application/*+json, application/yaml, application/xml;charset=UTF-8, text/xml;charset=UTF-8, application/*+xml;charset=UTF-8]
2025-10-10T08:19:28.688-05:00 DEBUG 14708 --- [wms-backend] [http-nio-8080-exec-6] o.s.w.s.m.m.a.HttpEntityMethodProcessor  : Writing ["1.0.1.48"]
2025-10-10T08:19:28.689-05:00 DEBUG 14708 --- [wms-backend] [http-nio-8080-exec-6] o.s.web.servlet.DispatcherServlet        : Completed 200 OK
2025-10-10T08:19:39.215-05:00 DEBUG 14708 --- [wms-backend] [http-nio-8080-exec-9] o.s.web.servlet.DispatcherServlet        : GET "/general/version", parameters={}
2025-10-10T08:19:39.215-05:00 DEBUG 14708 --- [wms-backend] [http-nio-8080-exec-9] s.w.s.m.m.a.RequestMappingHandlerMapping : Mapped to com.woden.wms_backend.controllers.WmsWdGeneral.VersionController#getVersion()
2025-10-10T08:19:39.215-05:00 DEBUG 14708 --- [wms-backend] [http-nio-8080-exec-9] o.s.w.s.m.m.a.HttpEntityMethodProcessor  : Using 'application/json', given [application/json, text/plain, */*] and supported [text/plain, */*, application/json, application/*+json, application/yaml, application/xml;charset=UTF-8, text/xml;charset=UTF-8, application/*+xml;charset=UTF-8]
2025-10-10T08:19:39.215-05:00 DEBUG 14708 --- [wms-backend] [http-nio-8080-exec-9] o.s.w.s.m.m.a.HttpEntityMethodProcessor  : Writing ["1.0.1.48"]
2025-10-10T08:19:39.217-05:00 DEBUG 14708 --- [wms-backend] [http-nio-8080-exec-9] o.s.web.servlet.DispatcherServlet        : Completed 200 OK
2025-10-10T08:19:49.216-05:00 DEBUG 14708 --- [wms-backend] [http-nio-8080-exec-10] o.s.web.servlet.DispatcherServlet        : GET "/general/version", parameters={}
2025-10-10T08:19:49.216-05:00 DEBUG 14708 --- [wms-backend] [http-nio-8080-exec-10] s.w.s.m.m.a.RequestMappingHandlerMapping : Mapped to com.woden.wms_backend.controllers.WmsWdGeneral.VersionController#getVersion()
2025-10-10T08:19:49.216-05:00 DEBUG 14708 --- [wms-backend] [http-nio-8080-exec-10] o.s.w.s.m.m.a.HttpEntityMethodProcessor  : Using 'application/json', given [application/json, text/plain, */*] and supported [text/plain, */*, application/json, application/*+json, application/yaml, application/xml;charset=UTF-8, text/xml;charset=UTF-8, application/*+xml;charset=UTF-8]
2025-10-10T08:19:49.216-05:00 DEBUG 14708 --- [wms-backend] [http-nio-8080-exec-10] o.s.w.s.m.m.a.HttpEntityMethodProcessor  : Writing ["1.0.1.48"]
2025-10-10T08:19:49.216-05:00 DEBUG 14708 --- [wms-backend] [http-nio-8080-exec-10] o.s.web.servlet.DispatcherServlet        : Completed 200 OK
2025-10-10T08:19:59.211-05:00 DEBUG 14708 --- [wms-backend] [http-nio-8080-exec-8] o.s.web.servlet.DispatcherServlet        : GET "/general/version", parameters={}
2025-10-10T08:19:59.211-05:00 DEBUG 14708 --- [wms-backend] [http-nio-8080-exec-8] s.w.s.m.m.a.RequestMappingHandlerMapping : Mapped to com.woden.wms_backend.controllers.WmsWdGeneral.VersionController#getVersion()
2025-10-10T08:19:59.211-05:00 DEBUG 14708 --- [wms-backend] [http-nio-8080-exec-8] o.s.w.s.m.m.a.HttpEntityMethodProcessor  : Using 'application/json', given [application/json, text/plain, */*] and supported [text/plain, */*, application/json, application/*+json, application/yaml, application/xml;charset=UTF-8, text/xml;charset=UTF-8, application/*+xml;charset=UTF-8]
2025-10-10T08:19:59.211-05:00 DEBUG 14708 --- [wms-backend] [http-nio-8080-exec-8] o.s.w.s.m.m.a.HttpEntityMethodProcessor  : Writing ["1.0.1.48"]
2025-10-10T08:19:59.222-05:00 DEBUG 14708 --- [wms-backend] [http-nio-8080-exec-8] o.s.web.servlet.DispatcherServlet        : Completed 200 OK
2025-10-10T08:20:09.214-05:00 DEBUG 14708 --- [wms-backend] [http-nio-8080-exec-3] o.s.web.servlet.DispatcherServlet        : GET "/general/version", parameters={}
2025-10-10T08:20:09.214-05:00 DEBUG 14708 --- [wms-backend] [http-nio-8080-exec-3] s.w.s.m.m.a.RequestMappingHandlerMapping : Mapped to com.woden.wms_backend.controllers.WmsWdGeneral.VersionController#getVersion()
2025-10-10T08:20:09.220-05:00 DEBUG 14708 --- [wms-backend] [http-nio-8080-exec-3] o.s.w.s.m.m.a.HttpEntityMethodProcessor  : Using 'application/json', given [application/json, text/plain, */*] and supported [text/plain, */*, application/json, application/*+json, application/yaml, application/xml;charset=UTF-8, text/xml;charset=UTF-8, application/*+xml;charset=UTF-8]
2025-10-10T08:20:09.220-05:00 DEBUG 14708 --- [wms-backend] [http-nio-8080-exec-3] o.s.w.s.m.m.a.HttpEntityMethodProcessor  : Writing ["1.0.1.48"]
2025-10-10T08:20:09.220-05:00 DEBUG 14708 --- [wms-backend] [http-nio-8080-exec-3] o.s.web.servlet.DispatcherServlet        : Completed 200 OK
2025-10-10T08:20:18.695-05:00 DEBUG 14708 --- [wms-backend] [http-nio-8080-exec-1] o.s.web.servlet.DispatcherServlet        : GET "/general/version", parameters={}
2025-10-10T08:20:18.695-05:00 DEBUG 14708 --- [wms-backend] [http-nio-8080-exec-1] s.w.s.m.m.a.RequestMappingHandlerMapping : Mapped to com.woden.wms_backend.controllers.WmsWdGeneral.VersionController#getVersion()
2025-10-10T08:20:18.696-05:00 DEBUG 14708 --- [wms-backend] [http-nio-8080-exec-1] o.s.w.s.m.m.a.HttpEntityMethodProcessor  : Using 'application/json', given [application/json, text/plain, */*] and supported [text/plain, */*, application/json, application/*+json, application/yaml, application/xml;charset=UTF-8, text/xml;charset=UTF-8, application/*+xml;charset=UTF-8]
2025-10-10T08:20:18.696-05:00 DEBUG 14708 --- [wms-backend] [http-nio-8080-exec-1] o.s.w.s.m.m.a.HttpEntityMethodProcessor  : Writing ["1.0.1.48"]
2025-10-10T08:20:18.696-05:00 DEBUG 14708 --- [wms-backend] [http-nio-8080-exec-1] o.s.web.servlet.DispatcherServlet        : Completed 200 OK
2025-10-10T08:20:29.224-05:00 DEBUG 14708 --- [wms-backend] [http-nio-8080-exec-9] o.s.web.servlet.DispatcherServlet        : GET "/general/version", parameters={}
2025-10-10T08:20:29.224-05:00 DEBUG 14708 --- [wms-backend] [http-nio-8080-exec-9] s.w.s.m.m.a.RequestMappingHandlerMapping : Mapped to com.woden.wms_backend.controllers.WmsWdGeneral.VersionController#getVersion()
2025-10-10T08:20:29.226-05:00 DEBUG 14708 --- [wms-backend] [http-nio-8080-exec-9] o.s.w.s.m.m.a.HttpEntityMethodProcessor  : Using 'application/json', given [application/json, text/plain, */*] and supported [text/plain, */*, application/json, application/*+json, application/yaml, application/xml;charset=UTF-8, text/xml;charset=UTF-8, application/*+xml;charset=UTF-8]
2025-10-10T08:20:29.226-05:00 DEBUG 14708 --- [wms-backend] [http-nio-8080-exec-9] o.s.w.s.m.m.a.HttpEntityMethodProcessor  : Writing ["1.0.1.48"]
2025-10-10T08:20:29.227-05:00 DEBUG 14708 --- [wms-backend] [http-nio-8080-exec-9] o.s.web.servlet.DispatcherServlet        : Completed 200 OK
2025-10-10T08:20:39.218-05:00 DEBUG 14708 --- [wms-backend] [http-nio-8080-exec-10] o.s.web.servlet.DispatcherServlet        : GET "/general/version", parameters={}
2025-10-10T08:20:39.218-05:00 DEBUG 14708 --- [wms-backend] [http-nio-8080-exec-10] s.w.s.m.m.a.RequestMappingHandlerMapping : Mapped to com.woden.wms_backend.controllers.WmsWdGeneral.VersionController#getVersion()
2025-10-10T08:20:39.218-05:00 DEBUG 14708 --- [wms-backend] [http-nio-8080-exec-10] o.s.w.s.m.m.a.HttpEntityMethodProcessor  : Using 'application/json', given [application/json, text/plain, */*] and supported [text/plain, */*, application/json, application/*+json, application/yaml, application/xml;charset=UTF-8, text/xml;charset=UTF-8, application/*+xml;charset=UTF-8]
2025-10-10T08:20:39.218-05:00 DEBUG 14708 --- [wms-backend] [http-nio-8080-exec-10] o.s.w.s.m.m.a.HttpEntityMethodProcessor  : Writing ["1.0.1.48"]
2025-10-10T08:20:39.218-05:00 DEBUG 14708 --- [wms-backend] [http-nio-8080-exec-10] o.s.web.servlet.DispatcherServlet        : Completed 200 OK
2025-10-10T08:20:49.221-05:00 DEBUG 14708 --- [wms-backend] [http-nio-8080-exec-8] o.s.web.servlet.DispatcherServlet        : GET "/general/version", parameters={}
2025-10-10T08:20:49.221-05:00 DEBUG 14708 --- [wms-backend] [http-nio-8080-exec-8] s.w.s.m.m.a.RequestMappingHandlerMapping : Mapped to com.woden.wms_backend.controllers.WmsWdGeneral.VersionController#getVersion()
2025-10-10T08:20:49.222-05:00 DEBUG 14708 --- [wms-backend] [http-nio-8080-exec-8] o.s.w.s.m.m.a.HttpEntityMethodProcessor  : Using 'application/json', given [application/json, text/plain, */*] and supported [text/plain, */*, application/json, application/*+json, application/yaml, application/xml;charset=UTF-8, text/xml;charset=UTF-8, application/*+xml;charset=UTF-8]
2025-10-10T08:20:49.222-05:00 DEBUG 14708 --- [wms-backend] [http-nio-8080-exec-8] o.s.w.s.m.m.a.HttpEntityMethodProcessor  : Writing ["1.0.1.48"]
2025-10-10T08:20:49.223-05:00 DEBUG 14708 --- [wms-backend] [http-nio-8080-exec-8] o.s.web.servlet.DispatcherServlet        : Completed 200 OK
2025-10-10T08:20:58.694-05:00 DEBUG 14708 --- [wms-backend] [http-nio-8080-exec-3] o.s.web.servlet.DispatcherServlet        : GET "/general/version", parameters={}
2025-10-10T08:20:58.694-05:00 DEBUG 14708 --- [wms-backend] [http-nio-8080-exec-3] s.w.s.m.m.a.RequestMappingHandlerMapping : Mapped to com.woden.wms_backend.controllers.WmsWdGeneral.VersionController#getVersion()
2025-10-10T08:20:58.696-05:00 DEBUG 14708 --- [wms-backend] [http-nio-8080-exec-3] o.s.w.s.m.m.a.HttpEntityMethodProcessor  : Using 'application/json', given [application/json, text/plain, */*] and supported [text/plain, */*, application/json, application/*+json, application/yaml, application/xml;charset=UTF-8, text/xml;charset=UTF-8, application/*+xml;charset=UTF-8]
2025-10-10T08:20:58.696-05:00 DEBUG 14708 --- [wms-backend] [http-nio-8080-exec-3] o.s.w.s.m.m.a.HttpEntityMethodProcessor  : Writing ["1.0.1.48"]
2025-10-10T08:20:58.698-05:00 DEBUG 14708 --- [wms-backend] [http-nio-8080-exec-3] o.s.web.servlet.DispatcherServlet        : Completed 200 OK
2025-10-10T08:21:09.221-05:00 DEBUG 14708 --- [wms-backend] [http-nio-8080-exec-1] o.s.web.servlet.DispatcherServlet        : GET "/general/version", parameters={}
2025-10-10T08:21:09.221-05:00 DEBUG 14708 --- [wms-backend] [http-nio-8080-exec-1] s.w.s.m.m.a.RequestMappingHandlerMapping : Mapped to com.woden.wms_backend.controllers.WmsWdGeneral.VersionController#getVersion()
2025-10-10T08:21:09.221-05:00 DEBUG 14708 --- [wms-backend] [http-nio-8080-exec-1] o.s.w.s.m.m.a.HttpEntityMethodProcessor  : Using 'application/json', given [application/json, text/plain, */*] and supported [text/plain, */*, application/json, application/*+json, application/yaml, application/xml;charset=UTF-8, text/xml;charset=UTF-8, application/*+xml;charset=UTF-8]
2025-10-10T08:21:09.221-05:00 DEBUG 14708 --- [wms-backend] [http-nio-8080-exec-1] o.s.w.s.m.m.a.HttpEntityMethodProcessor  : Writing ["1.0.1.48"]
2025-10-10T08:21:09.224-05:00 DEBUG 14708 --- [wms-backend] [http-nio-8080-exec-1] o.s.web.servlet.DispatcherServlet        : Completed 200 OK
2025-10-10T08:21:18.692-05:00 DEBUG 14708 --- [wms-backend] [http-nio-8080-exec-7] o.s.web.servlet.DispatcherServlet        : GET "/general/version", parameters={}
2025-10-10T08:21:18.692-05:00 DEBUG 14708 --- [wms-backend] [http-nio-8080-exec-7] s.w.s.m.m.a.RequestMappingHandlerMapping : Mapped to com.woden.wms_backend.controllers.WmsWdGeneral.VersionController#getVersion()
2025-10-10T08:21:18.692-05:00 DEBUG 14708 --- [wms-backend] [http-nio-8080-exec-7] o.s.w.s.m.m.a.HttpEntityMethodProcessor  : Using 'application/json', given [application/json, text/plain, */*] and supported [text/plain, */*, application/json, application/*+json, application/yaml, application/xml;charset=UTF-8, text/xml;charset=UTF-8, application/*+xml;charset=UTF-8]
2025-10-10T08:21:18.692-05:00 DEBUG 14708 --- [wms-backend] [http-nio-8080-exec-7] o.s.w.s.m.m.a.HttpEntityMethodProcessor  : Writing ["1.0.1.48"]
2025-10-10T08:21:18.700-05:00 DEBUG 14708 --- [wms-backend] [http-nio-8080-exec-7] o.s.web.servlet.DispatcherServlet        : Completed 200 OK
2025-10-10T08:21:29.219-05:00 DEBUG 14708 --- [wms-backend] [http-nio-8080-exec-2] o.s.web.servlet.DispatcherServlet        : GET "/general/version", parameters={}
2025-10-10T08:21:29.219-05:00 DEBUG 14708 --- [wms-backend] [http-nio-8080-exec-2] s.w.s.m.m.a.RequestMappingHandlerMapping : Mapped to com.woden.wms_backend.controllers.WmsWdGeneral.VersionController#getVersion()
2025-10-10T08:21:29.219-05:00 DEBUG 14708 --- [wms-backend] [http-nio-8080-exec-2] o.s.w.s.m.m.a.HttpEntityMethodProcessor  : Using 'application/json', given [application/json, text/plain, */*] and supported [text/plain, */*, application/json, application/*+json, application/yaml, application/xml;charset=UTF-8, text/xml;charset=UTF-8, application/*+xml;charset=UTF-8]
2025-10-10T08:21:29.221-05:00 DEBUG 14708 --- [wms-backend] [http-nio-8080-exec-2] o.s.w.s.m.m.a.HttpEntityMethodProcessor  : Writing ["1.0.1.48"]
2025-10-10T08:21:29.221-05:00 DEBUG 14708 --- [wms-backend] [http-nio-8080-exec-2] o.s.web.servlet.DispatcherServlet        : Completed 200 OK
2025-10-10T08:21:39.210-05:00 DEBUG 14708 --- [wms-backend] [http-nio-8080-exec-5] o.s.web.servlet.DispatcherServlet        : GET "/general/version", parameters={}
2025-10-10T08:21:39.210-05:00 DEBUG 14708 --- [wms-backend] [http-nio-8080-exec-5] s.w.s.m.m.a.RequestMappingHandlerMapping : Mapped to com.woden.wms_backend.controllers.WmsWdGeneral.VersionController#getVersion()
2025-10-10T08:21:39.211-05:00 DEBUG 14708 --- [wms-backend] [http-nio-8080-exec-5] o.s.w.s.m.m.a.HttpEntityMethodProcessor  : Using 'application/json', given [application/json, text/plain, */*] and supported [text/plain, */*, application/json, application/*+json, application/yaml, application/xml;charset=UTF-8, text/xml;charset=UTF-8, application/*+xml;charset=UTF-8]
2025-10-10T08:21:39.211-05:00 DEBUG 14708 --- [wms-backend] [http-nio-8080-exec-5] o.s.w.s.m.m.a.HttpEntityMethodProcessor  : Writing ["1.0.1.48"]
2025-10-10T08:21:39.212-05:00 DEBUG 14708 --- [wms-backend] [http-nio-8080-exec-5] o.s.web.servlet.DispatcherServlet        : Completed 200 OK
2025-10-10T08:21:49.210-05:00 DEBUG 14708 --- [wms-backend] [http-nio-8080-exec-4] o.s.web.servlet.DispatcherServlet        : GET "/general/version", parameters={}
2025-10-10T08:21:49.210-05:00 DEBUG 14708 --- [wms-backend] [http-nio-8080-exec-4] s.w.s.m.m.a.RequestMappingHandlerMapping : Mapped to com.woden.wms_backend.controllers.WmsWdGeneral.VersionController#getVersion()
2025-10-10T08:21:49.210-05:00 DEBUG 14708 --- [wms-backend] [http-nio-8080-exec-4] o.s.w.s.m.m.a.HttpEntityMethodProcessor  : Using 'application/json', given [application/json, text/plain, */*] and supported [text/plain, */*, application/json, application/*+json, application/yaml, application/xml;charset=UTF-8, text/xml;charset=UTF-8, application/*+xml;charset=UTF-8]
2025-10-10T08:21:49.210-05:00 DEBUG 14708 --- [wms-backend] [http-nio-8080-exec-4] o.s.w.s.m.m.a.HttpEntityMethodProcessor  : Writing ["1.0.1.48"]
2025-10-10T08:21:49.218-05:00 DEBUG 14708 --- [wms-backend] [http-nio-8080-exec-4] o.s.web.servlet.DispatcherServlet        : Completed 200 OK
2025-10-10T08:21:59.220-05:00 DEBUG 14708 --- [wms-backend] [http-nio-8080-exec-6] o.s.web.servlet.DispatcherServlet        : GET "/general/version", parameters={}
2025-10-10T08:21:59.220-05:00 DEBUG 14708 --- [wms-backend] [http-nio-8080-exec-6] s.w.s.m.m.a.RequestMappingHandlerMapping : Mapped to com.woden.wms_backend.controllers.WmsWdGeneral.VersionController#getVersion()
2025-10-10T08:21:59.220-05:00 DEBUG 14708 --- [wms-backend] [http-nio-8080-exec-6] o.s.w.s.m.m.a.HttpEntityMethodProcessor  : Using 'application/json', given [application/json, text/plain, */*] and supported [text/plain, */*, application/json, application/*+json, application/yaml, application/xml;charset=UTF-8, text/xml;charset=UTF-8, application/*+xml;charset=UTF-8]
2025-10-10T08:21:59.220-05:00 DEBUG 14708 --- [wms-backend] [http-nio-8080-exec-6] o.s.w.s.m.m.a.HttpEntityMethodProcessor  : Writing ["1.0.1.48"]
2025-10-10T08:21:59.222-05:00 DEBUG 14708 --- [wms-backend] [http-nio-8080-exec-6] o.s.web.servlet.DispatcherServlet        : Completed 200 OK
2025-10-10T08:22:09.216-05:00 DEBUG 14708 --- [wms-backend] [http-nio-8080-exec-9] o.s.web.servlet.DispatcherServlet        : GET "/general/version", parameters={}
2025-10-10T08:22:09.216-05:00 DEBUG 14708 --- [wms-backend] [http-nio-8080-exec-9] s.w.s.m.m.a.RequestMappingHandlerMapping : Mapped to com.woden.wms_backend.controllers.WmsWdGeneral.VersionController#getVersion()
2025-10-10T08:22:09.216-05:00 DEBUG 14708 --- [wms-backend] [http-nio-8080-exec-9] o.s.w.s.m.m.a.HttpEntityMethodProcessor  : Using 'application/json', given [application/json, text/plain, */*] and supported [text/plain, */*, application/json, application/*+json, application/yaml, application/xml;charset=UTF-8, text/xml;charset=UTF-8, application/*+xml;charset=UTF-8]
2025-10-10T08:22:09.216-05:00 DEBUG 14708 --- [wms-backend] [http-nio-8080-exec-9] o.s.w.s.m.m.a.HttpEntityMethodProcessor  : Writing ["1.0.1.48"]
2025-10-10T08:22:09.228-05:00 DEBUG 14708 --- [wms-backend] [http-nio-8080-exec-9] o.s.web.servlet.DispatcherServlet        : Completed 200 OK
2025-10-10T08:22:19.221-05:00 DEBUG 14708 --- [wms-backend] [http-nio-8080-exec-10] o.s.web.servlet.DispatcherServlet        : GET "/general/version", parameters={}
2025-10-10T08:22:19.221-05:00 DEBUG 14708 --- [wms-backend] [http-nio-8080-exec-10] s.w.s.m.m.a.RequestMappingHandlerMapping : Mapped to com.woden.wms_backend.controllers.WmsWdGeneral.VersionController#getVersion()
2025-10-10T08:22:19.221-05:00 DEBUG 14708 --- [wms-backend] [http-nio-8080-exec-10] o.s.w.s.m.m.a.HttpEntityMethodProcessor  : Using 'application/json', given [application/json, text/plain, */*] and supported [text/plain, */*, application/json, application/*+json, application/yaml, application/xml;charset=UTF-8, text/xml;charset=UTF-8, application/*+xml;charset=UTF-8]
2025-10-10T08:22:19.221-05:00 DEBUG 14708 --- [wms-backend] [http-nio-8080-exec-10] o.s.w.s.m.m.a.HttpEntityMethodProcessor  : Writing ["1.0.1.48"]
2025-10-10T08:22:19.221-05:00 DEBUG 14708 --- [wms-backend] [http-nio-8080-exec-10] o.s.web.servlet.DispatcherServlet        : Completed 200 OK
2025-10-10T08:23:22.276-05:00 DEBUG 14708 --- [wms-backend] [http-nio-8080-exec-3] o.s.web.servlet.DispatcherServlet        : GET "/general/version", parameters={}
2025-10-10T08:23:22.276-05:00 DEBUG 14708 --- [wms-backend] [http-nio-8080-exec-3] s.w.s.m.m.a.RequestMappingHandlerMapping : Mapped to com.woden.wms_backend.controllers.WmsWdGeneral.VersionController#getVersion()
2025-10-10T08:23:22.277-05:00 DEBUG 14708 --- [wms-backend] [http-nio-8080-exec-3] o.s.w.s.m.m.a.HttpEntityMethodProcessor  : Using 'application/json', given [application/json, text/plain, */*] and supported [text/plain, */*, application/json, application/*+json, application/yaml, application/xml;charset=UTF-8, text/xml;charset=UTF-8, application/*+xml;charset=UTF-8]
2025-10-10T08:23:22.277-05:00 DEBUG 14708 --- [wms-backend] [http-nio-8080-exec-3] o.s.w.s.m.m.a.HttpEntityMethodProcessor  : Writing ["1.0.1.48"]
2025-10-10T08:23:22.278-05:00 DEBUG 14708 --- [wms-backend] [http-nio-8080-exec-3] o.s.web.servlet.DispatcherServlet        : Completed 200 OK
2025-10-10T08:24:22.219-05:00 DEBUG 14708 --- [wms-backend] [http-nio-8080-exec-1] o.s.web.servlet.DispatcherServlet        : GET "/general/version", parameters={}
2025-10-10T08:24:22.219-05:00 DEBUG 14708 --- [wms-backend] [http-nio-8080-exec-1] s.w.s.m.m.a.RequestMappingHandlerMapping : Mapped to com.woden.wms_backend.controllers.WmsWdGeneral.VersionController#getVersion()
2025-10-10T08:24:22.219-05:00 DEBUG 14708 --- [wms-backend] [http-nio-8080-exec-1] o.s.w.s.m.m.a.HttpEntityMethodProcessor  : Using 'application/json', given [application/json, text/plain, */*] and supported [text/plain, */*, application/json, application/*+json, application/yaml, application/xml;charset=UTF-8, text/xml;charset=UTF-8, application/*+xml;charset=UTF-8]
2025-10-10T08:24:22.219-05:00 DEBUG 14708 --- [wms-backend] [http-nio-8080-exec-1] o.s.w.s.m.m.a.HttpEntityMethodProcessor  : Writing ["1.0.1.48"]
2025-10-10T08:24:22.220-05:00 DEBUG 14708 --- [wms-backend] [http-nio-8080-exec-1] o.s.web.servlet.DispatcherServlet        : Completed 200 OK
2025-10-10T08:24:30.929-05:00 DEBUG 14708 --- [wms-backend] [http-nio-8080-exec-7] o.s.web.servlet.DispatcherServlet        : GET "/general/version", parameters={}
2025-10-10T08:24:30.929-05:00 DEBUG 14708 --- [wms-backend] [http-nio-8080-exec-7] s.w.s.m.m.a.RequestMappingHandlerMapping : Mapped to com.woden.wms_backend.controllers.WmsWdGeneral.VersionController#getVersion()
2025-10-10T08:24:30.930-05:00 DEBUG 14708 --- [wms-backend] [http-nio-8080-exec-7] o.s.w.s.m.m.a.HttpEntityMethodProcessor  : Using 'application/json', given [application/json, text/plain, */*] and supported [text/plain, */*, application/json, application/*+json, application/yaml, application/xml;charset=UTF-8, text/xml;charset=UTF-8, application/*+xml;charset=UTF-8]
2025-10-10T08:24:30.930-05:00 DEBUG 14708 --- [wms-backend] [http-nio-8080-exec-7] o.s.w.s.m.m.a.HttpEntityMethodProcessor  : Writing ["1.0.1.48"]
2025-10-10T08:24:30.931-05:00 DEBUG 14708 --- [wms-backend] [http-nio-8080-exec-7] o.s.web.servlet.DispatcherServlet        : Completed 200 OK
2025-10-10T08:24:38.701-05:00 DEBUG 14708 --- [wms-backend] [http-nio-8080-exec-2] o.s.web.servlet.DispatcherServlet        : GET "/general/version", parameters={}
2025-10-10T08:24:38.701-05:00 DEBUG 14708 --- [wms-backend] [http-nio-8080-exec-2] s.w.s.m.m.a.RequestMappingHandlerMapping : Mapped to com.woden.wms_backend.controllers.WmsWdGeneral.VersionController#getVersion()
2025-10-10T08:24:38.702-05:00 DEBUG 14708 --- [wms-backend] [http-nio-8080-exec-2] o.s.w.s.m.m.a.HttpEntityMethodProcessor  : Using 'application/json', given [application/json, text/plain, */*] and supported [text/plain, */*, application/json, application/*+json, application/yaml, application/xml;charset=UTF-8, text/xml;charset=UTF-8, application/*+xml;charset=UTF-8]
2025-10-10T08:24:38.702-05:00 DEBUG 14708 --- [wms-backend] [http-nio-8080-exec-2] o.s.w.s.m.m.a.HttpEntityMethodProcessor  : Writing ["1.0.1.48"]
2025-10-10T08:24:38.704-05:00 DEBUG 14708 --- [wms-backend] [http-nio-8080-exec-2] o.s.web.servlet.DispatcherServlet        : Completed 200 OK
2025-10-10T08:24:48.701-05:00 DEBUG 14708 --- [wms-backend] [http-nio-8080-exec-5] o.s.web.servlet.DispatcherServlet        : GET "/general/version", parameters={}
2025-10-10T08:24:48.702-05:00 DEBUG 14708 --- [wms-backend] [http-nio-8080-exec-5] s.w.s.m.m.a.RequestMappingHandlerMapping : Mapped to com.woden.wms_backend.controllers.WmsWdGeneral.VersionController#getVersion()
2025-10-10T08:24:48.702-05:00 DEBUG 14708 --- [wms-backend] [http-nio-8080-exec-5] o.s.w.s.m.m.a.HttpEntityMethodProcessor  : Using 'application/json', given [application/json, text/plain, */*] and supported [text/plain, */*, application/json, application/*+json, application/yaml, application/xml;charset=UTF-8, text/xml;charset=UTF-8, application/*+xml;charset=UTF-8]
2025-10-10T08:24:48.702-05:00 DEBUG 14708 --- [wms-backend] [http-nio-8080-exec-5] o.s.w.s.m.m.a.HttpEntityMethodProcessor  : Writing ["1.0.1.48"]
2025-10-10T08:24:48.703-05:00 DEBUG 14708 --- [wms-backend] [http-nio-8080-exec-5] o.s.web.servlet.DispatcherServlet        : Completed 200 OK
2025-10-10T08:24:58.692-05:00 DEBUG 14708 --- [wms-backend] [http-nio-8080-exec-4] o.s.web.servlet.DispatcherServlet        : GET "/general/version", parameters={}
2025-10-10T08:24:58.694-05:00 DEBUG 14708 --- [wms-backend] [http-nio-8080-exec-4] s.w.s.m.m.a.RequestMappingHandlerMapping : Mapped to com.woden.wms_backend.controllers.WmsWdGeneral.VersionController#getVersion()
2025-10-10T08:24:58.694-05:00 DEBUG 14708 --- [wms-backend] [http-nio-8080-exec-4] o.s.w.s.m.m.a.HttpEntityMethodProcessor  : Using 'application/json', given [application/json, text/plain, */*] and supported [text/plain, */*, application/json, application/*+json, application/yaml, application/xml;charset=UTF-8, text/xml;charset=UTF-8, application/*+xml;charset=UTF-8]
2025-10-10T08:24:58.694-05:00 DEBUG 14708 --- [wms-backend] [http-nio-8080-exec-4] o.s.w.s.m.m.a.HttpEntityMethodProcessor  : Writing ["1.0.1.48"]
2025-10-10T08:24:58.694-05:00 DEBUG 14708 --- [wms-backend] [http-nio-8080-exec-4] o.s.web.servlet.DispatcherServlet        : Completed 200 OK
2025-10-10T08:25:03.509-05:00 DEBUG 14708 --- [wms-backend] [http-nio-8080-exec-9] o.s.web.servlet.DispatcherServlet        : GET "/client/pallets/getModel/674", parameters={}
2025-10-10T08:25:03.509-05:00 DEBUG 14708 --- [wms-backend] [http-nio-8080-exec-9] s.w.s.m.m.a.RequestMappingHandlerMapping : Mapped to com.woden.wms_backend.controllers.ClientesControllers.PalletController#getPalletById(int)
2025-10-10T08:25:03.727-05:00 DEBUG 14708 --- [wms-backend] [http-nio-8080-exec-9] o.s.w.s.m.m.a.HttpEntityMethodProcessor  : Using 'application/json', given [application/json, text/plain, */*] and supported [application/json, application/*+json, application/yaml, application/xml;charset=UTF-8, text/xml;charset=UTF-8, application/*+xml;charset=UTF-8]
2025-10-10T08:25:03.727-05:00 DEBUG 14708 --- [wms-backend] [http-nio-8080-exec-9] o.s.w.s.m.m.a.HttpEntityMethodProcessor  : Writing [PalletModel(id=674, numero=250909163635, posicionId=null, posicion=null, codigoSapId=20, codigoSap=M (truncated)...]
2025-10-10T08:25:03.727-05:00 DEBUG 14708 --- [wms-backend] [http-nio-8080-exec-9] o.s.web.servlet.DispatcherServlet        : Completed 200 OK
2025-10-10T08:25:03.739-05:00 DEBUG 14708 --- [wms-backend] [http-nio-8080-exec-8] o.s.web.servlet.DispatcherServlet        : GET "/client/cajaEmpaque/searchPalletBoxEntry?estado=EMPAQUE&palletId=674&cajaEmpaqueId=661", parameters={masked}
2025-10-10T08:25:03.739-05:00 DEBUG 14708 --- [wms-backend] [http-nio-8080-exec-8] s.w.s.m.m.a.RequestMappingHandlerMapping : Mapped to com.woden.wms_backend.controllers.ClientesControllers.CajaEmpaqueController#SearchPalletBoxEntry(String, Integer, Integer)
2025-10-10T08:25:03.947-05:00 DEBUG 14708 --- [wms-backend] [http-nio-8080-exec-8] o.s.w.s.m.m.a.HttpEntityMethodProcessor  : Using 'application/json', given [application/json, text/plain, */*] and supported [application/json, application/*+json, application/yaml, application/xml;charset=UTF-8, text/xml;charset=UTF-8, application/*+xml;charset=UTF-8]
2025-10-10T08:25:03.947-05:00 DEBUG 14708 --- [wms-backend] [http-nio-8080-exec-8] o.s.w.s.m.m.a.HttpEntityMethodProcessor  : Writing [[{descripcion=DVB HFC1003, serial3=, codigo=HME0002786, serial=7366514514, lote=, numeroSmartcard=0, (truncated)...]
2025-10-10T08:25:03.948-05:00 DEBUG 14708 --- [wms-backend] [http-nio-8080-exec-8] o.s.web.servlet.DispatcherServlet        : Completed 200 OK
2025-10-10T08:25:05.502-05:00 DEBUG 14708 --- [wms-backend] [http-nio-8080-exec-1] o.s.web.servlet.DispatcherServlet        : GET "/client/cajaEmpaque/pallet/674", parameters={}
2025-10-10T08:25:05.503-05:00 DEBUG 14708 --- [wms-backend] [http-nio-8080-exec-1] s.w.s.m.m.a.RequestMappingHandlerMapping : Mapped to com.woden.wms_backend.controllers.ClientesControllers.CajaEmpaqueController#getSerialesByPallet(Integer)
2025-10-10T08:25:06.008-05:00 DEBUG 14708 --- [wms-backend] [http-nio-8080-exec-1] o.s.w.s.m.m.a.HttpEntityMethodProcessor  : Using 'application/json', given [application/json, text/plain, */*] and supported [application/json, application/*+json, application/yaml, application/xml;charset=UTF-8, text/xml;charset=UTF-8, application/*+xml;charset=UTF-8]
2025-10-10T08:25:06.008-05:00 DEBUG 14708 --- [wms-backend] [http-nio-8080-exec-1] o.s.w.s.m.m.a.HttpEntityMethodProcessor  : Writing [[7366514514, OOPP, NMNM]]
2025-10-10T08:25:06.008-05:00 DEBUG 14708 --- [wms-backend] [http-nio-8080-exec-1] o.s.web.servlet.DispatcherServlet        : Completed 200 OK
2025-10-10T08:25:06.019-05:00 DEBUG 14708 --- [wms-backend] [http-nio-8080-exec-5] o.s.web.servlet.DispatcherServlet        : GET "/client/accesorio/searchPackingCodigoSapAccesory?estado=EMPAQUE&palletId=674&codigoSapId=20", parameters={masked}
2025-10-10T08:25:06.019-05:00 DEBUG 14708 --- [wms-backend] [http-nio-8080-exec-5] s.w.s.m.m.a.RequestMappingHandlerMapping : Mapped to com.woden.wms_backend.controllers.ClientesControllers.AccesorioController#searchPackingCodigoSapAccesory(String, Integer, Integer)
2025-10-10T08:25:06.020-05:00 DEBUG 14708 --- [wms-backend] [http-nio-8080-exec-4] o.s.web.servlet.DispatcherServlet        : GET "/client/accesorio/searchPackingCodigoSapAccesory?estado=EMPACADO&palletId=674&codigoSapId=20", parameters={masked}
2025-10-10T08:25:06.020-05:00 DEBUG 14708 --- [wms-backend] [http-nio-8080-exec-4] s.w.s.m.m.a.RequestMappingHandlerMapping : Mapped to com.woden.wms_backend.controllers.ClientesControllers.AccesorioController#searchPackingCodigoSapAccesory(String, Integer, Integer)
2025-10-10T08:25:06.245-05:00 DEBUG 14708 --- [wms-backend] [http-nio-8080-exec-5] o.s.w.s.m.m.a.HttpEntityMethodProcessor  : Using 'application/json', given [application/json, text/plain, */*] and supported [application/json, application/*+json, application/yaml, application/xml;charset=UTF-8, text/xml;charset=UTF-8, application/*+xml;charset=UTF-8]
2025-10-10T08:25:06.246-05:00 DEBUG 14708 --- [wms-backend] [http-nio-8080-exec-5] o.s.w.s.m.m.a.HttpEntityMethodProcessor  : Writing [[{descripcion=CABLE HDMI JUMPER, codigo=ACC0000540, reacondicionados=13, nuevos=0, familia=CABLE}, { (truncated)...]
2025-10-10T08:25:06.249-05:00 DEBUG 14708 --- [wms-backend] [http-nio-8080-exec-5] o.s.web.servlet.DispatcherServlet        : Completed 200 OK
2025-10-10T08:25:06.265-05:00 DEBUG 14708 --- [wms-backend] [http-nio-8080-exec-4] o.s.w.s.m.m.a.HttpEntityMethodProcessor  : Using 'application/json', given [application/json, text/plain, */*] and supported [application/json, application/*+json, application/yaml, application/xml;charset=UTF-8, text/xml;charset=UTF-8, application/*+xml;charset=UTF-8]
2025-10-10T08:25:06.265-05:00 DEBUG 14708 --- [wms-backend] [http-nio-8080-exec-4] o.s.w.s.m.m.a.HttpEntityMethodProcessor  : Writing [[{descripcion=REMOTE CONTROL DTH, codigo=06010740002, reacondicionados=0, nuevos=1, familia=CONTROL} (truncated)...]
2025-10-10T08:25:06.266-05:00 DEBUG 14708 --- [wms-backend] [http-nio-8080-exec-4] o.s.web.servlet.DispatcherServlet        : Completed 200 OK
2025-10-10T08:25:06.287-05:00 DEBUG 14708 --- [wms-backend] [http-nio-8080-exec-5] o.s.web.servlet.DispatcherServlet        : GET "/client/accesorio/getPackedAccesoriesSerials?codigoSap=06010740002&tipoAccesorio=nuevo&palletId=674", parameters={masked}
2025-10-10T08:25:06.287-05:00 DEBUG 14708 --- [wms-backend] [http-nio-8080-exec-5] s.w.s.m.m.a.RequestMappingHandlerMapping : Mapped to com.woden.wms_backend.controllers.ClientesControllers.AccesorioController#getPackedAccesoriesSerials(String, String, Integer)
2025-10-10T08:25:06.287-05:00 DEBUG 14708 --- [wms-backend] [http-nio-8080-exec-4] o.s.web.servlet.DispatcherServlet        : GET "/client/accesorio/getPackedAccesoriesSerials?codigoSap=06010740002&tipoAccesorio=reacondicionado&palletId=674", parameters={masked}
2025-10-10T08:25:06.287-05:00 DEBUG 14708 --- [wms-backend] [http-nio-8080-exec-4] s.w.s.m.m.a.RequestMappingHandlerMapping : Mapped to com.woden.wms_backend.controllers.ClientesControllers.AccesorioController#getPackedAccesoriesSerials(String, String, Integer)
2025-10-10T08:25:06.288-05:00 DEBUG 14708 --- [wms-backend] [http-nio-8080-exec-6] o.s.web.servlet.DispatcherServlet        : GET "/client/accesorio/getPackedAccesoriesSerials?codigoSap=ACC0000540&tipoAccesorio=nuevo&palletId=674", parameters={masked}
2025-10-10T08:25:06.288-05:00 DEBUG 14708 --- [wms-backend] [http-nio-8080-exec-9] o.s.web.servlet.DispatcherServlet        : GET "/client/accesorio/getPackedAccesoriesSerials?codigoSap=ACC0000540&tipoAccesorio=reacondicionado&palletId=674", parameters={masked}
2025-10-10T08:25:06.288-05:00 DEBUG 14708 --- [wms-backend] [http-nio-8080-exec-6] s.w.s.m.m.a.RequestMappingHandlerMapping : Mapped to com.woden.wms_backend.controllers.ClientesControllers.AccesorioController#getPackedAccesoriesSerials(String, String, Integer)
2025-10-10T08:25:06.288-05:00 DEBUG 14708 --- [wms-backend] [http-nio-8080-exec-10] o.s.web.servlet.DispatcherServlet        : GET "/client/accesorio/getPackedAccesoriesSerials?codigoSap=HME0004232&tipoAccesorio=nuevo&palletId=674", parameters={masked}
2025-10-10T08:25:06.288-05:00 DEBUG 14708 --- [wms-backend] [http-nio-8080-exec-10] s.w.s.m.m.a.RequestMappingHandlerMapping : Mapped to com.woden.wms_backend.controllers.ClientesControllers.AccesorioController#getPackedAccesoriesSerials(String, String, Integer)
2025-10-10T08:25:06.288-05:00 DEBUG 14708 --- [wms-backend] [http-nio-8080-exec-9] s.w.s.m.m.a.RequestMappingHandlerMapping : Mapped to com.woden.wms_backend.controllers.ClientesControllers.AccesorioController#getPackedAccesoriesSerials(String, String, Integer)
2025-10-10T08:25:06.289-05:00 DEBUG 14708 --- [wms-backend] [http-nio-8080-exec-8] o.s.web.servlet.DispatcherServlet        : GET "/client/accesorio/getPackedAccesoriesSerials?codigoSap=HME0004064&tipoAccesorio=reacondicionado&palletId=674", parameters={masked}
2025-10-10T08:25:06.289-05:00 DEBUG 14708 --- [wms-backend] [http-nio-8080-exec-8] s.w.s.m.m.a.RequestMappingHandlerMapping : Mapped to com.woden.wms_backend.controllers.ClientesControllers.AccesorioController#getPackedAccesoriesSerials(String, String, Integer)
2025-10-10T08:25:06.401-05:00 DEBUG 14708 --- [wms-backend] [http-nio-8080-exec-10] o.s.w.s.m.m.a.HttpEntityMethodProcessor  : Using 'application/json', given [application/json, text/plain, */*] and supported [application/json, application/*+json, application/yaml, application/xml;charset=UTF-8, text/xml;charset=UTF-8, application/*+xml;charset=UTF-8]
2025-10-10T08:25:06.401-05:00 DEBUG 14708 --- [wms-backend] [http-nio-8080-exec-10] o.s.w.s.m.m.a.HttpEntityMethodProcessor  : Writing [0]
2025-10-10T08:25:06.403-05:00 DEBUG 14708 --- [wms-backend] [http-nio-8080-exec-4] o.s.w.s.m.m.a.HttpEntityMethodProcessor  : Using 'application/json', given [application/json, text/plain, */*] and supported [application/json, application/*+json, application/yaml, application/xml;charset=UTF-8, text/xml;charset=UTF-8, application/*+xml;charset=UTF-8]
2025-10-10T08:25:06.403-05:00 DEBUG 14708 --- [wms-backend] [http-nio-8080-exec-4] o.s.w.s.m.m.a.HttpEntityMethodProcessor  : Writing [0]
2025-10-10T08:25:06.403-05:00 DEBUG 14708 --- [wms-backend] [http-nio-8080-exec-10] o.s.web.servlet.DispatcherServlet        : Completed 200 OK
2025-10-10T08:25:06.404-05:00 DEBUG 14708 --- [wms-backend] [http-nio-8080-exec-4] o.s.web.servlet.DispatcherServlet        : Completed 200 OK
2025-10-10T08:25:06.405-05:00 DEBUG 14708 --- [wms-backend] [http-nio-8080-exec-5] o.s.w.s.m.m.a.HttpEntityMethodProcessor  : Using 'application/json', given [application/json, text/plain, */*] and supported [application/json, application/*+json, application/yaml, application/xml;charset=UTF-8, text/xml;charset=UTF-8, application/*+xml;charset=UTF-8]
2025-10-10T08:25:06.406-05:00 DEBUG 14708 --- [wms-backend] [http-nio-8080-exec-5] o.s.w.s.m.m.a.HttpEntityMethodProcessor  : Writing [0]
2025-10-10T08:25:06.406-05:00 DEBUG 14708 --- [wms-backend] [http-nio-8080-exec-5] o.s.web.servlet.DispatcherServlet        : Completed 200 OK
2025-10-10T08:25:06.409-05:00 DEBUG 14708 --- [wms-backend] [http-nio-8080-exec-7] o.s.web.servlet.DispatcherServlet        : GET "/client/accesorio/getPackedAccesoriesSerials?codigoSap=HME0004064&tipoAccesorio=nuevo&palletId=674", parameters={masked}
2025-10-10T08:25:06.409-05:00 DEBUG 14708 --- [wms-backend] [http-nio-8080-exec-7] s.w.s.m.m.a.RequestMappingHandlerMapping : Mapped to com.woden.wms_backend.controllers.ClientesControllers.AccesorioController#getPackedAccesoriesSerials(String, String, Integer)
2025-10-10T08:25:06.411-05:00 DEBUG 14708 --- [wms-backend] [http-nio-8080-exec-1] o.s.web.servlet.DispatcherServlet        : GET "/client/accesorio/getPackedAccesoriesSerials?codigoSap=HME0004232&tipoAccesorio=reacondicionado&palletId=674", parameters={masked}
2025-10-10T08:25:06.411-05:00 DEBUG 14708 --- [wms-backend] [http-nio-8080-exec-1] s.w.s.m.m.a.RequestMappingHandlerMapping : Mapped to com.woden.wms_backend.controllers.ClientesControllers.AccesorioController#getPackedAccesoriesSerials(String, String, Integer)
2025-10-10T08:25:06.502-05:00 DEBUG 14708 --- [wms-backend] [http-nio-8080-exec-6] o.s.w.s.m.m.a.HttpEntityMethodProcessor  : Using 'application/json', given [application/json, text/plain, */*] and supported [application/json, application/*+json, application/yaml, application/xml;charset=UTF-8, text/xml;charset=UTF-8, application/*+xml;charset=UTF-8]
2025-10-10T08:25:06.502-05:00 DEBUG 14708 --- [wms-backend] [http-nio-8080-exec-9] o.s.w.s.m.m.a.HttpEntityMethodProcessor  : Using 'application/json', given [application/json, text/plain, */*] and supported [application/json, application/*+json, application/yaml, application/xml;charset=UTF-8, text/xml;charset=UTF-8, application/*+xml;charset=UTF-8]
2025-10-10T08:25:06.504-05:00 DEBUG 14708 --- [wms-backend] [http-nio-8080-exec-9] o.s.w.s.m.m.a.HttpEntityMethodProcessor  : Writing [0]
2025-10-10T08:25:06.504-05:00 DEBUG 14708 --- [wms-backend] [http-nio-8080-exec-6] o.s.w.s.m.m.a.HttpEntityMethodProcessor  : Writing [0]
2025-10-10T08:25:06.504-05:00 DEBUG 14708 --- [wms-backend] [http-nio-8080-exec-9] o.s.web.servlet.DispatcherServlet        : Completed 200 OK
2025-10-10T08:25:06.504-05:00 DEBUG 14708 --- [wms-backend] [http-nio-8080-exec-6] o.s.web.servlet.DispatcherServlet        : Completed 200 OK
2025-10-10T08:25:06.514-05:00 DEBUG 14708 --- [wms-backend] [http-nio-8080-exec-8] o.s.w.s.m.m.a.HttpEntityMethodProcessor  : Using 'application/json', given [application/json, text/plain, */*] and supported [application/json, application/*+json, application/yaml, application/xml;charset=UTF-8, text/xml;charset=UTF-8, application/*+xml;charset=UTF-8]
2025-10-10T08:25:06.514-05:00 DEBUG 14708 --- [wms-backend] [http-nio-8080-exec-8] o.s.w.s.m.m.a.HttpEntityMethodProcessor  : Writing [0]
2025-10-10T08:25:06.515-05:00 DEBUG 14708 --- [wms-backend] [http-nio-8080-exec-8] o.s.web.servlet.DispatcherServlet        : Completed 200 OK
2025-10-10T08:25:06.523-05:00 DEBUG 14708 --- [wms-backend] [http-nio-8080-exec-7] o.s.w.s.m.m.a.HttpEntityMethodProcessor  : Using 'application/json', given [application/json, text/plain, */*] and supported [application/json, application/*+json, application/yaml, application/xml;charset=UTF-8, text/xml;charset=UTF-8, application/*+xml;charset=UTF-8]
2025-10-10T08:25:06.523-05:00 DEBUG 14708 --- [wms-backend] [http-nio-8080-exec-7] o.s.w.s.m.m.a.HttpEntityMethodProcessor  : Writing [2]
2025-10-10T08:25:06.523-05:00 DEBUG 14708 --- [wms-backend] [http-nio-8080-exec-7] o.s.web.servlet.DispatcherServlet        : Completed 200 OK
2025-10-10T08:25:06.524-05:00 DEBUG 14708 --- [wms-backend] [http-nio-8080-exec-1] o.s.w.s.m.m.a.HttpEntityMethodProcessor  : Using 'application/json', given [application/json, text/plain, */*] and supported [application/json, application/*+json, application/yaml, application/xml;charset=UTF-8, text/xml;charset=UTF-8, application/*+xml;charset=UTF-8]
2025-10-10T08:25:06.524-05:00 DEBUG 14708 --- [wms-backend] [http-nio-8080-exec-1] o.s.w.s.m.m.a.HttpEntityMethodProcessor  : Writing [1]
2025-10-10T08:25:06.524-05:00 DEBUG 14708 --- [wms-backend] [http-nio-8080-exec-1] o.s.web.servlet.DispatcherServlet        : Completed 200 OK
2025-10-10T08:25:08.687-05:00 DEBUG 14708 --- [wms-backend] [http-nio-8080-exec-3] o.s.web.servlet.DispatcherServlet        : GET "/general/version", parameters={}
2025-10-10T08:25:08.687-05:00 DEBUG 14708 --- [wms-backend] [http-nio-8080-exec-3] s.w.s.m.m.a.RequestMappingHandlerMapping : Mapped to com.woden.wms_backend.controllers.WmsWdGeneral.VersionController#getVersion()
2025-10-10T08:25:08.687-05:00 DEBUG 14708 --- [wms-backend] [http-nio-8080-exec-3] o.s.w.s.m.m.a.HttpEntityMethodProcessor  : Using 'application/json', given [application/json, text/plain, */*] and supported [text/plain, */*, application/json, application/*+json, application/yaml, application/xml;charset=UTF-8, text/xml;charset=UTF-8, application/*+xml;charset=UTF-8]
2025-10-10T08:25:08.687-05:00 DEBUG 14708 --- [wms-backend] [http-nio-8080-exec-3] o.s.w.s.m.m.a.HttpEntityMethodProcessor  : Writing ["1.0.1.48"]
2025-10-10T08:25:08.688-05:00 DEBUG 14708 --- [wms-backend] [http-nio-8080-exec-3] o.s.web.servlet.DispatcherServlet        : Completed 200 OK
2025-10-10T08:25:09.508-05:00 DEBUG 14708 --- [wms-backend] [http-nio-8080-exec-10] o.s.web.servlet.DispatcherServlet        : POST "/client/accesorio/updatePackingBatch", parameters={}
2025-10-10T08:25:09.508-05:00 DEBUG 14708 --- [wms-backend] [http-nio-8080-exec-10] s.w.s.m.m.a.RequestMappingHandlerMapping : Mapped to com.woden.wms_backend.controllers.ClientesControllers.AccesorioController#updatePackingBatch(List)
2025-10-10T08:25:09.508-05:00 DEBUG 14708 --- [wms-backend] [http-nio-8080-exec-10] m.m.a.RequestResponseBodyMethodProcessor : Read "application/json;charset=UTF-8" to [[[Ljava.lang.String;@33b79a82, [Ljava.lang.String;@510bcede]]
2025-10-10T08:25:10.477-05:00 DEBUG 14708 --- [wms-backend] [http-nio-8080-exec-10] o.s.w.s.m.m.a.HttpEntityMethodProcessor  : Using 'application/json', given [application/json, text/plain, */*] and supported [application/json, application/*+json, application/yaml, application/xml;charset=UTF-8, text/xml;charset=UTF-8, application/*+xml;charset=UTF-8]
2025-10-10T08:25:10.477-05:00 DEBUG 14708 --- [wms-backend] [http-nio-8080-exec-10] o.s.w.s.m.m.a.HttpEntityMethodProcessor  : Writing [0]
2025-10-10T08:25:10.477-05:00 DEBUG 14708 --- [wms-backend] [http-nio-8080-exec-10] o.s.web.servlet.DispatcherServlet        : Completed 200 OK
2025-10-10T08:25:11.371-05:00 DEBUG 14708 --- [wms-backend] [http-nio-8080-exec-9] o.s.web.servlet.DispatcherServlet        : GET "/client/accesorio/searchPackingCodigoSapAccesory?estado=EMPACADO&palletId=674&codigoSapId=20", parameters={masked}
2025-10-10T08:25:11.371-05:00 DEBUG 14708 --- [wms-backend] [http-nio-8080-exec-9] s.w.s.m.m.a.RequestMappingHandlerMapping : Mapped to com.woden.wms_backend.controllers.ClientesControllers.AccesorioController#searchPackingCodigoSapAccesory(String, Integer, Integer)
2025-10-10T08:25:11.373-05:00 DEBUG 14708 --- [wms-backend] [http-nio-8080-exec-6] o.s.web.servlet.DispatcherServlet        : GET "/client/accesorio/searchPackingCodigoSapAccesory?estado=EMPAQUE&palletId=674&codigoSapId=20", parameters={masked}
2025-10-10T08:25:11.373-05:00 DEBUG 14708 --- [wms-backend] [http-nio-8080-exec-6] s.w.s.m.m.a.RequestMappingHandlerMapping : Mapped to com.woden.wms_backend.controllers.ClientesControllers.AccesorioController#searchPackingCodigoSapAccesory(String, Integer, Integer)
2025-10-10T08:25:11.601-05:00 DEBUG 14708 --- [wms-backend] [http-nio-8080-exec-9] o.s.w.s.m.m.a.HttpEntityMethodProcessor  : Using 'application/json', given [application/json, text/plain, */*] and supported [application/json, application/*+json, application/yaml, application/xml;charset=UTF-8, text/xml;charset=UTF-8, application/*+xml;charset=UTF-8]
2025-10-10T08:25:11.601-05:00 DEBUG 14708 --- [wms-backend] [http-nio-8080-exec-9] o.s.w.s.m.m.a.HttpEntityMethodProcessor  : Writing [[{descripcion=REMOTE CONTROL DTH, codigo=06010740002, reacondicionados=0, nuevos=1, familia=CONTROL} (truncated)...]
2025-10-10T08:25:11.602-05:00 DEBUG 14708 --- [wms-backend] [http-nio-8080-exec-6] o.s.w.s.m.m.a.HttpEntityMethodProcessor  : Using 'application/json', given [application/json, text/plain, */*] and supported [application/json, application/*+json, application/yaml, application/xml;charset=UTF-8, text/xml;charset=UTF-8, application/*+xml;charset=UTF-8]
2025-10-10T08:25:11.602-05:00 DEBUG 14708 --- [wms-backend] [http-nio-8080-exec-6] o.s.w.s.m.m.a.HttpEntityMethodProcessor  : Writing [[{descripcion=CABLE HDMI JUMPER, codigo=ACC0000540, reacondicionados=13, nuevos=0, familia=CABLE}, { (truncated)...]
2025-10-10T08:25:11.603-05:00 DEBUG 14708 --- [wms-backend] [http-nio-8080-exec-9] o.s.web.servlet.DispatcherServlet        : Completed 200 OK
2025-10-10T08:25:11.603-05:00 DEBUG 14708 --- [wms-backend] [http-nio-8080-exec-6] o.s.web.servlet.DispatcherServlet        : Completed 200 OK
2025-10-10T08:25:11.616-05:00 DEBUG 14708 --- [wms-backend] [http-nio-8080-exec-5] o.s.web.servlet.DispatcherServlet        : GET "/client/accesorio/getPackedAccesoriesSerials?codigoSap=06010740002&tipoAccesorio=nuevo&palletId=674", parameters={masked}
2025-10-10T08:25:11.616-05:00 DEBUG 14708 --- [wms-backend] [http-nio-8080-exec-6] o.s.web.servlet.DispatcherServlet        : GET "/client/accesorio/getPackedAccesoriesSerials?codigoSap=ACC0000540&tipoAccesorio=reacondicionado&palletId=674", parameters={masked}
2025-10-10T08:25:11.616-05:00 DEBUG 14708 --- [wms-backend] [http-nio-8080-exec-5] s.w.s.m.m.a.RequestMappingHandlerMapping : Mapped to com.woden.wms_backend.controllers.ClientesControllers.AccesorioController#getPackedAccesoriesSerials(String, String, Integer)
2025-10-10T08:25:11.616-05:00 DEBUG 14708 --- [wms-backend] [http-nio-8080-exec-6] s.w.s.m.m.a.RequestMappingHandlerMapping : Mapped to com.woden.wms_backend.controllers.ClientesControllers.AccesorioController#getPackedAccesoriesSerials(String, String, Integer)
2025-10-10T08:25:11.616-05:00 DEBUG 14708 --- [wms-backend] [http-nio-8080-exec-4] o.s.web.servlet.DispatcherServlet        : GET "/client/accesorio/getPackedAccesoriesSerials?codigoSap=06010740002&tipoAccesorio=reacondicionado&palletId=674", parameters={masked}
2025-10-10T08:25:11.616-05:00 DEBUG 14708 --- [wms-backend] [http-nio-8080-exec-4] s.w.s.m.m.a.RequestMappingHandlerMapping : Mapped to com.woden.wms_backend.controllers.ClientesControllers.AccesorioController#getPackedAccesoriesSerials(String, String, Integer)
2025-10-10T08:25:11.616-05:00 DEBUG 14708 --- [wms-backend] [http-nio-8080-exec-9] o.s.web.servlet.DispatcherServlet        : GET "/client/accesorio/getPackedAccesoriesSerials?codigoSap=ACC0000540&tipoAccesorio=nuevo&palletId=674", parameters={masked}
2025-10-10T08:25:11.616-05:00 DEBUG 14708 --- [wms-backend] [http-nio-8080-exec-9] s.w.s.m.m.a.RequestMappingHandlerMapping : Mapped to com.woden.wms_backend.controllers.ClientesControllers.AccesorioController#getPackedAccesoriesSerials(String, String, Integer)
2025-10-10T08:25:11.618-05:00 DEBUG 14708 --- [wms-backend] [http-nio-8080-exec-2] o.s.web.servlet.DispatcherServlet        : GET "/client/accesorio/getPackedAccesoriesSerials?codigoSap=HME0004232&tipoAccesorio=reacondicionado&palletId=674", parameters={masked}
2025-10-10T08:25:11.618-05:00 DEBUG 14708 --- [wms-backend] [http-nio-8080-exec-3] o.s.web.servlet.DispatcherServlet        : GET "/client/accesorio/getPackedAccesoriesSerials?codigoSap=HME0004232&tipoAccesorio=nuevo&palletId=674", parameters={masked}
2025-10-10T08:25:11.618-05:00 DEBUG 14708 --- [wms-backend] [http-nio-8080-exec-2] s.w.s.m.m.a.RequestMappingHandlerMapping : Mapped to com.woden.wms_backend.controllers.ClientesControllers.AccesorioController#getPackedAccesoriesSerials(String, String, Integer)
2025-10-10T08:25:11.618-05:00 DEBUG 14708 --- [wms-backend] [http-nio-8080-exec-3] s.w.s.m.m.a.RequestMappingHandlerMapping : Mapped to com.woden.wms_backend.controllers.ClientesControllers.AccesorioController#getPackedAccesoriesSerials(String, String, Integer)
2025-10-10T08:25:11.721-05:00 DEBUG 14708 --- [wms-backend] [http-nio-8080-exec-6] o.s.w.s.m.m.a.HttpEntityMethodProcessor  : Using 'application/json', given [application/json, text/plain, */*] and supported [application/json, application/*+json, application/yaml, application/xml;charset=UTF-8, text/xml;charset=UTF-8, application/*+xml;charset=UTF-8]
2025-10-10T08:25:11.721-05:00 DEBUG 14708 --- [wms-backend] [http-nio-8080-exec-9] o.s.w.s.m.m.a.HttpEntityMethodProcessor  : Using 'application/json', given [application/json, text/plain, */*] and supported [application/json, application/*+json, application/yaml, application/xml;charset=UTF-8, text/xml;charset=UTF-8, application/*+xml;charset=UTF-8]
2025-10-10T08:25:11.721-05:00 DEBUG 14708 --- [wms-backend] [http-nio-8080-exec-6] o.s.w.s.m.m.a.HttpEntityMethodProcessor  : Writing [0]
2025-10-10T08:25:11.721-05:00 DEBUG 14708 --- [wms-backend] [http-nio-8080-exec-9] o.s.w.s.m.m.a.HttpEntityMethodProcessor  : Writing [0]
2025-10-10T08:25:11.721-05:00 DEBUG 14708 --- [wms-backend] [http-nio-8080-exec-6] o.s.web.servlet.DispatcherServlet        : Completed 200 OK
2025-10-10T08:25:11.721-05:00 DEBUG 14708 --- [wms-backend] [http-nio-8080-exec-9] o.s.web.servlet.DispatcherServlet        : Completed 200 OK
2025-10-10T08:25:11.822-05:00 DEBUG 14708 --- [wms-backend] [http-nio-8080-exec-5] o.s.w.s.m.m.a.HttpEntityMethodProcessor  : Using 'application/json', given [application/json, text/plain, */*] and supported [application/json, application/*+json, application/yaml, application/xml;charset=UTF-8, text/xml;charset=UTF-8, application/*+xml;charset=UTF-8]
2025-10-10T08:25:11.822-05:00 DEBUG 14708 --- [wms-backend] [http-nio-8080-exec-5] o.s.w.s.m.m.a.HttpEntityMethodProcessor  : Writing [0]
2025-10-10T08:25:11.823-05:00 DEBUG 14708 --- [wms-backend] [http-nio-8080-exec-5] o.s.web.servlet.DispatcherServlet        : Completed 200 OK
2025-10-10T08:25:11.829-05:00 DEBUG 14708 --- [wms-backend] [http-nio-8080-exec-3] o.s.w.s.m.m.a.HttpEntityMethodProcessor  : Using 'application/json', given [application/json, text/plain, */*] and supported [application/json, application/*+json, application/yaml, application/xml;charset=UTF-8, text/xml;charset=UTF-8, application/*+xml;charset=UTF-8]
2025-10-10T08:25:11.829-05:00 DEBUG 14708 --- [wms-backend] [http-nio-8080-exec-3] o.s.w.s.m.m.a.HttpEntityMethodProcessor  : Writing [0]
2025-10-10T08:25:11.829-05:00 DEBUG 14708 --- [wms-backend] [http-nio-8080-exec-3] o.s.web.servlet.DispatcherServlet        : Completed 200 OK
2025-10-10T08:25:11.829-05:00 DEBUG 14708 --- [wms-backend] [http-nio-8080-exec-4] o.s.w.s.m.m.a.HttpEntityMethodProcessor  : Using 'application/json', given [application/json, text/plain, */*] and supported [application/json, application/*+json, application/yaml, application/xml;charset=UTF-8, text/xml;charset=UTF-8, application/*+xml;charset=UTF-8]
2025-10-10T08:25:11.829-05:00 DEBUG 14708 --- [wms-backend] [http-nio-8080-exec-4] o.s.w.s.m.m.a.HttpEntityMethodProcessor  : Writing [0]
2025-10-10T08:25:11.829-05:00 DEBUG 14708 --- [wms-backend] [http-nio-8080-exec-4] o.s.web.servlet.DispatcherServlet        : Completed 200 OK
2025-10-10T08:25:11.893-05:00 DEBUG 14708 --- [wms-backend] [http-nio-8080-exec-2] o.s.w.s.m.m.a.HttpEntityMethodProcessor  : Using 'application/json', given [application/json, text/plain, */*] and supported [application/json, application/*+json, application/yaml, application/xml;charset=UTF-8, text/xml;charset=UTF-8, application/*+xml;charset=UTF-8]
2025-10-10T08:25:11.893-05:00 DEBUG 14708 --- [wms-backend] [http-nio-8080-exec-2] o.s.w.s.m.m.a.HttpEntityMethodProcessor  : Writing [0]
2025-10-10T08:25:11.893-05:00 DEBUG 14708 --- [wms-backend] [http-nio-8080-exec-2] o.s.web.servlet.DispatcherServlet        : Completed 200 OK
2025-10-10T08:25:18.699-05:00 DEBUG 14708 --- [wms-backend] [http-nio-8080-exec-10] o.s.web.servlet.DispatcherServlet        : GET "/general/version", parameters={}
2025-10-10T08:25:18.700-05:00 DEBUG 14708 --- [wms-backend] [http-nio-8080-exec-10] s.w.s.m.m.a.RequestMappingHandlerMapping : Mapped to com.woden.wms_backend.controllers.WmsWdGeneral.VersionController#getVersion()
2025-10-10T08:25:18.700-05:00 DEBUG 14708 --- [wms-backend] [http-nio-8080-exec-10] o.s.w.s.m.m.a.HttpEntityMethodProcessor  : Using 'application/json', given [application/json, text/plain, */*] and supported [text/plain, */*, application/json, application/*+json, application/yaml, application/xml;charset=UTF-8, text/xml;charset=UTF-8, application/*+xml;charset=UTF-8]
2025-10-10T08:25:18.701-05:00 DEBUG 14708 --- [wms-backend] [http-nio-8080-exec-10] o.s.w.s.m.m.a.HttpEntityMethodProcessor  : Writing ["1.0.1.48"]
2025-10-10T08:25:18.701-05:00 DEBUG 14708 --- [wms-backend] [http-nio-8080-exec-10] o.s.web.servlet.DispatcherServlet        : Completed 200 OK
2025-10-10T08:25:25.234-05:00 DEBUG 14708 --- [wms-backend] [http-nio-8080-exec-8] o.s.web.servlet.DispatcherServlet        : POST "/client/accesorio/updatePackingBatch", parameters={}
2025-10-10T08:25:25.234-05:00 DEBUG 14708 --- [wms-backend] [http-nio-8080-exec-8] s.w.s.m.m.a.RequestMappingHandlerMapping : Mapped to com.woden.wms_backend.controllers.ClientesControllers.AccesorioController#updatePackingBatch(List)
2025-10-10T08:25:25.234-05:00 DEBUG 14708 --- [wms-backend] [http-nio-8080-exec-8] m.m.a.RequestResponseBodyMethodProcessor : Read "application/json;charset=UTF-8" to [[[Ljava.lang.String;@2498a7ec, [Ljava.lang.String;@51888703, [Ljava.lang.String;@4e84c298, [Ljava.la (truncated)...]
2025-10-10T08:25:27.706-05:00 DEBUG 14708 --- [wms-backend] [http-nio-8080-exec-8] o.s.w.s.m.m.a.HttpEntityMethodProcessor  : Using 'application/json', given [application/json, text/plain, */*] and supported [application/json, application/*+json, application/yaml, application/xml;charset=UTF-8, text/xml;charset=UTF-8, application/*+xml;charset=UTF-8]
2025-10-10T08:25:27.706-05:00 DEBUG 14708 --- [wms-backend] [http-nio-8080-exec-8] o.s.w.s.m.m.a.HttpEntityMethodProcessor  : Writing [1]
2025-10-10T08:25:27.706-05:00 DEBUG 14708 --- [wms-backend] [http-nio-8080-exec-8] o.s.web.servlet.DispatcherServlet        : Completed 200 OK
2025-10-10T08:25:27.742-05:00 DEBUG 14708 --- [wms-backend] [http-nio-8080-exec-6] o.s.web.servlet.DispatcherServlet        : GET "/client/accesorio/searchPackingCodigoSapAccesory?estado=EMPAQUE&palletId=674&codigoSapId=20", parameters={masked}
2025-10-10T08:25:27.743-05:00 DEBUG 14708 --- [wms-backend] [http-nio-8080-exec-6] s.w.s.m.m.a.RequestMappingHandlerMapping : Mapped to com.woden.wms_backend.controllers.ClientesControllers.AccesorioController#searchPackingCodigoSapAccesory(String, Integer, Integer)
2025-10-10T08:25:27.743-05:00 DEBUG 14708 --- [wms-backend] [http-nio-8080-exec-5] o.s.web.servlet.DispatcherServlet        : GET "/client/accesorio/searchPackingCodigoSapAccesory?estado=EMPACADO&palletId=674&codigoSapId=20", parameters={masked}
2025-10-10T08:25:27.743-05:00 DEBUG 14708 --- [wms-backend] [http-nio-8080-exec-5] s.w.s.m.m.a.RequestMappingHandlerMapping : Mapped to com.woden.wms_backend.controllers.ClientesControllers.AccesorioController#searchPackingCodigoSapAccesory(String, Integer, Integer)
2025-10-10T08:25:27.965-05:00 DEBUG 14708 --- [wms-backend] [http-nio-8080-exec-5] o.s.w.s.m.m.a.HttpEntityMethodProcessor  : Using 'application/json', given [application/json, text/plain, */*] and supported [application/json, application/*+json, application/yaml, application/xml;charset=UTF-8, text/xml;charset=UTF-8, application/*+xml;charset=UTF-8]
2025-10-10T08:25:27.965-05:00 DEBUG 14708 --- [wms-backend] [http-nio-8080-exec-6] o.s.w.s.m.m.a.HttpEntityMethodProcessor  : Using 'application/json', given [application/json, text/plain, */*] and supported [application/json, application/*+json, application/yaml, application/xml;charset=UTF-8, text/xml;charset=UTF-8, application/*+xml;charset=UTF-8]
2025-10-10T08:25:27.965-05:00 DEBUG 14708 --- [wms-backend] [http-nio-8080-exec-5] o.s.w.s.m.m.a.HttpEntityMethodProcessor  : Writing [[{descripcion=REMOTE CONTROL DTH, codigo=06010740002, reacondicionados=0, nuevos=1, familia=CONTROL} (truncated)...]
2025-10-10T08:25:27.965-05:00 DEBUG 14708 --- [wms-backend] [http-nio-8080-exec-6] o.s.w.s.m.m.a.HttpEntityMethodProcessor  : Writing [[{descripcion=CABLE HDMI JUMPER, codigo=ACC0000540, reacondicionados=13, nuevos=0, familia=CABLE}, { (truncated)...]
2025-10-10T08:25:27.965-05:00 DEBUG 14708 --- [wms-backend] [http-nio-8080-exec-5] o.s.web.servlet.DispatcherServlet        : Completed 200 OK
2025-10-10T08:25:27.965-05:00 DEBUG 14708 --- [wms-backend] [http-nio-8080-exec-6] o.s.web.servlet.DispatcherServlet        : Completed 200 OK
2025-10-10T08:25:28.003-05:00 DEBUG 14708 --- [wms-backend] [http-nio-8080-exec-10] o.s.web.servlet.DispatcherServlet        : GET "/client/accesorio/getPackedAccesoriesSerials?codigoSap=06010740002&tipoAccesorio=reacondicionado&palletId=674", parameters={masked}
2025-10-10T08:25:28.003-05:00 DEBUG 14708 --- [wms-backend] [http-nio-8080-exec-10] s.w.s.m.m.a.RequestMappingHandlerMapping : Mapped to com.woden.wms_backend.controllers.ClientesControllers.AccesorioController#getPackedAccesoriesSerials(String, String, Integer)
2025-10-10T08:25:28.003-05:00 DEBUG 14708 --- [wms-backend] [http-nio-8080-exec-1] o.s.web.servlet.DispatcherServlet        : GET "/client/accesorio/getPackedAccesoriesSerials?codigoSap=06010740002&tipoAccesorio=nuevo&palletId=674", parameters={masked}
2025-10-10T08:25:28.005-05:00 DEBUG 14708 --- [wms-backend] [http-nio-8080-exec-1] s.w.s.m.m.a.RequestMappingHandlerMapping : Mapped to com.woden.wms_backend.controllers.ClientesControllers.AccesorioController#getPackedAccesoriesSerials(String, String, Integer)
2025-10-10T08:25:28.006-05:00 DEBUG 14708 --- [wms-backend] [http-nio-8080-exec-9] o.s.web.servlet.DispatcherServlet        : GET "/client/accesorio/getPackedAccesoriesSerials?codigoSap=ACC0000540&tipoAccesorio=nuevo&palletId=674", parameters={masked}
2025-10-10T08:25:28.006-05:00 DEBUG 14708 --- [wms-backend] [http-nio-8080-exec-9] s.w.s.m.m.a.RequestMappingHandlerMapping : Mapped to com.woden.wms_backend.controllers.ClientesControllers.AccesorioController#getPackedAccesoriesSerials(String, String, Integer)
2025-10-10T08:25:28.006-05:00 DEBUG 14708 --- [wms-backend] [http-nio-8080-exec-6] o.s.web.servlet.DispatcherServlet        : GET "/client/accesorio/getPackedAccesoriesSerials?codigoSap=ACC0000540&tipoAccesorio=reacondicionado&palletId=674", parameters={masked}
2025-10-10T08:25:28.006-05:00 DEBUG 14708 --- [wms-backend] [http-nio-8080-exec-6] s.w.s.m.m.a.RequestMappingHandlerMapping : Mapped to com.woden.wms_backend.controllers.ClientesControllers.AccesorioController#getPackedAccesoriesSerials(String, String, Integer)
2025-10-10T08:25:28.010-05:00 DEBUG 14708 --- [wms-backend] [http-nio-8080-exec-4] o.s.web.servlet.DispatcherServlet        : GET "/client/accesorio/getPackedAccesoriesSerials?codigoSap=HME0004232&tipoAccesorio=nuevo&palletId=674", parameters={masked}
2025-10-10T08:25:28.010-05:00 DEBUG 14708 --- [wms-backend] [http-nio-8080-exec-4] s.w.s.m.m.a.RequestMappingHandlerMapping : Mapped to com.woden.wms_backend.controllers.ClientesControllers.AccesorioController#getPackedAccesoriesSerials(String, String, Integer)
2025-10-10T08:25:28.021-05:00 DEBUG 14708 --- [wms-backend] [http-nio-8080-exec-8] o.s.web.servlet.DispatcherServlet        : GET "/client/accesorio/getPackedAccesoriesSerials?codigoSap=HME0004232&tipoAccesorio=reacondicionado&palletId=674", parameters={masked}
2025-10-10T08:25:28.021-05:00 DEBUG 14708 --- [wms-backend] [http-nio-8080-exec-8] s.w.s.m.m.a.RequestMappingHandlerMapping : Mapped to com.woden.wms_backend.controllers.ClientesControllers.AccesorioController#getPackedAccesoriesSerials(String, String, Integer)
2025-10-10T08:25:28.114-05:00 DEBUG 14708 --- [wms-backend] [http-nio-8080-exec-6] o.s.w.s.m.m.a.HttpEntityMethodProcessor  : Using 'application/json', given [application/json, text/plain, */*] and supported [application/json, application/*+json, application/yaml, application/xml;charset=UTF-8, text/xml;charset=UTF-8, application/*+xml;charset=UTF-8]
2025-10-10T08:25:28.114-05:00 DEBUG 14708 --- [wms-backend] [http-nio-8080-exec-6] o.s.w.s.m.m.a.HttpEntityMethodProcessor  : Writing [0]
2025-10-10T08:25:28.115-05:00 DEBUG 14708 --- [wms-backend] [http-nio-8080-exec-6] o.s.web.servlet.DispatcherServlet        : Completed 200 OK
2025-10-10T08:25:28.116-05:00 DEBUG 14708 --- [wms-backend] [http-nio-8080-exec-1] o.s.w.s.m.m.a.HttpEntityMethodProcessor  : Using 'application/json', given [application/json, text/plain, */*] and supported [application/json, application/*+json, application/yaml, application/xml;charset=UTF-8, text/xml;charset=UTF-8, application/*+xml;charset=UTF-8]
2025-10-10T08:25:28.116-05:00 DEBUG 14708 --- [wms-backend] [http-nio-8080-exec-1] o.s.w.s.m.m.a.HttpEntityMethodProcessor  : Writing [0]
2025-10-10T08:25:28.117-05:00 DEBUG 14708 --- [wms-backend] [http-nio-8080-exec-1] o.s.web.servlet.DispatcherServlet        : Completed 200 OK
2025-10-10T08:25:28.122-05:00 DEBUG 14708 --- [wms-backend] [http-nio-8080-exec-7] o.s.web.servlet.DispatcherServlet        : GET "/client/accesorio/getPackedAccesoriesSerials?codigoSap=HME0004237&tipoAccesorio=nuevo&palletId=674", parameters={masked}
2025-10-10T08:25:28.122-05:00 DEBUG 14708 --- [wms-backend] [http-nio-8080-exec-7] s.w.s.m.m.a.RequestMappingHandlerMapping : Mapped to com.woden.wms_backend.controllers.ClientesControllers.AccesorioController#getPackedAccesoriesSerials(String, String, Integer)
2025-10-10T08:25:28.123-05:00 DEBUG 14708 --- [wms-backend] [http-nio-8080-exec-5] o.s.web.servlet.DispatcherServlet        : GET "/client/accesorio/getPackedAccesoriesSerials?codigoSap=HME0004237&tipoAccesorio=reacondicionado&palletId=674", parameters={masked}
2025-10-10T08:25:28.123-05:00 DEBUG 14708 --- [wms-backend] [http-nio-8080-exec-5] s.w.s.m.m.a.RequestMappingHandlerMapping : Mapped to com.woden.wms_backend.controllers.ClientesControllers.AccesorioController#getPackedAccesoriesSerials(String, String, Integer)
2025-10-10T08:25:28.172-05:00 DEBUG 14708 --- [wms-backend] [http-nio-8080-exec-8] o.s.w.s.m.m.a.HttpEntityMethodProcessor  : Using 'application/json', given [application/json, text/plain, */*] and supported [application/json, application/*+json, application/yaml, application/xml;charset=UTF-8, text/xml;charset=UTF-8, application/*+xml;charset=UTF-8]
2025-10-10T08:25:28.172-05:00 DEBUG 14708 --- [wms-backend] [http-nio-8080-exec-8] o.s.w.s.m.m.a.HttpEntityMethodProcessor  : Writing [3]
2025-10-10T08:25:28.173-05:00 DEBUG 14708 --- [wms-backend] [http-nio-8080-exec-8] o.s.web.servlet.DispatcherServlet        : Completed 200 OK
2025-10-10T08:25:28.225-05:00 DEBUG 14708 --- [wms-backend] [http-nio-8080-exec-9] o.s.w.s.m.m.a.HttpEntityMethodProcessor  : Using 'application/json', given [application/json, text/plain, */*] and supported [application/json, application/*+json, application/yaml, application/xml;charset=UTF-8, text/xml;charset=UTF-8, application/*+xml;charset=UTF-8]
2025-10-10T08:25:28.225-05:00 DEBUG 14708 --- [wms-backend] [http-nio-8080-exec-10] o.s.w.s.m.m.a.HttpEntityMethodProcessor  : Using 'application/json', given [application/json, text/plain, */*] and supported [application/json, application/*+json, application/yaml, application/xml;charset=UTF-8, text/xml;charset=UTF-8, application/*+xml;charset=UTF-8]
2025-10-10T08:25:28.225-05:00 DEBUG 14708 --- [wms-backend] [http-nio-8080-exec-9] o.s.w.s.m.m.a.HttpEntityMethodProcessor  : Writing [0]
2025-10-10T08:25:28.225-05:00 DEBUG 14708 --- [wms-backend] [http-nio-8080-exec-10] o.s.w.s.m.m.a.HttpEntityMethodProcessor  : Writing [0]
2025-10-10T08:25:28.226-05:00 DEBUG 14708 --- [wms-backend] [http-nio-8080-exec-9] o.s.web.servlet.DispatcherServlet        : Completed 200 OK
2025-10-10T08:25:28.226-05:00 DEBUG 14708 --- [wms-backend] [http-nio-8080-exec-10] o.s.web.servlet.DispatcherServlet        : Completed 200 OK
2025-10-10T08:25:28.230-05:00 DEBUG 14708 --- [wms-backend] [http-nio-8080-exec-7] o.s.w.s.m.m.a.HttpEntityMethodProcessor  : Using 'application/json', given [application/json, text/plain, */*] and supported [application/json, application/*+json, application/yaml, application/xml;charset=UTF-8, text/xml;charset=UTF-8, application/*+xml;charset=UTF-8]
2025-10-10T08:25:28.231-05:00 DEBUG 14708 --- [wms-backend] [http-nio-8080-exec-7] o.s.w.s.m.m.a.HttpEntityMethodProcessor  : Writing [0]
2025-10-10T08:25:28.231-05:00 DEBUG 14708 --- [wms-backend] [http-nio-8080-exec-7] o.s.web.servlet.DispatcherServlet        : Completed 200 OK
2025-10-10T08:25:28.234-05:00 DEBUG 14708 --- [wms-backend] [http-nio-8080-exec-5] o.s.w.s.m.m.a.HttpEntityMethodProcessor  : Using 'application/json', given [application/json, text/plain, */*] and supported [application/json, application/*+json, application/yaml, application/xml;charset=UTF-8, text/xml;charset=UTF-8, application/*+xml;charset=UTF-8]
2025-10-10T08:25:28.234-05:00 DEBUG 14708 --- [wms-backend] [http-nio-8080-exec-5] o.s.w.s.m.m.a.HttpEntityMethodProcessor  : Writing [2]
2025-10-10T08:25:28.234-05:00 DEBUG 14708 --- [wms-backend] [http-nio-8080-exec-5] o.s.web.servlet.DispatcherServlet        : Completed 200 OK
2025-10-10T08:25:28.272-05:00 DEBUG 14708 --- [wms-backend] [http-nio-8080-exec-4] o.s.w.s.m.m.a.HttpEntityMethodProcessor  : Using 'application/json', given [application/json, text/plain, */*] and supported [application/json, application/*+json, application/yaml, application/xml;charset=UTF-8, text/xml;charset=UTF-8, application/*+xml;charset=UTF-8]
2025-10-10T08:25:28.272-05:00 DEBUG 14708 --- [wms-backend] [http-nio-8080-exec-4] o.s.w.s.m.m.a.HttpEntityMethodProcessor  : Writing [0]
2025-10-10T08:25:28.273-05:00 DEBUG 14708 --- [wms-backend] [http-nio-8080-exec-4] o.s.web.servlet.DispatcherServlet        : Completed 200 OK
2025-10-10T08:25:28.690-05:00 DEBUG 14708 --- [wms-backend] [http-nio-8080-exec-3] o.s.web.servlet.DispatcherServlet        : GET "/general/version", parameters={}
2025-10-10T08:25:28.690-05:00 DEBUG 14708 --- [wms-backend] [http-nio-8080-exec-3] s.w.s.m.m.a.RequestMappingHandlerMapping : Mapped to com.woden.wms_backend.controllers.WmsWdGeneral.VersionController#getVersion()
2025-10-10T08:25:28.691-05:00 DEBUG 14708 --- [wms-backend] [http-nio-8080-exec-3] o.s.w.s.m.m.a.HttpEntityMethodProcessor  : Using 'application/json', given [application/json, text/plain, */*] and supported [text/plain, */*, application/json, application/*+json, application/yaml, application/xml;charset=UTF-8, text/xml;charset=UTF-8, application/*+xml;charset=UTF-8]
2025-10-10T08:25:28.691-05:00 DEBUG 14708 --- [wms-backend] [http-nio-8080-exec-3] o.s.w.s.m.m.a.HttpEntityMethodProcessor  : Writing ["1.0.1.48"]
2025-10-10T08:25:28.692-05:00 DEBUG 14708 --- [wms-backend] [http-nio-8080-exec-3] o.s.web.servlet.DispatcherServlet        : Completed 200 OK
2025-10-10T08:25:38.697-05:00 DEBUG 14708 --- [wms-backend] [http-nio-8080-exec-2] o.s.web.servlet.DispatcherServlet        : GET "/general/version", parameters={}
2025-10-10T08:25:38.698-05:00 DEBUG 14708 --- [wms-backend] [http-nio-8080-exec-2] s.w.s.m.m.a.RequestMappingHandlerMapping : Mapped to com.woden.wms_backend.controllers.WmsWdGeneral.VersionController#getVersion()
2025-10-10T08:25:38.698-05:00 DEBUG 14708 --- [wms-backend] [http-nio-8080-exec-2] o.s.w.s.m.m.a.HttpEntityMethodProcessor  : Using 'application/json', given [application/json, text/plain, */*] and supported [text/plain, */*, application/json, application/*+json, application/yaml, application/xml;charset=UTF-8, text/xml;charset=UTF-8, application/*+xml;charset=UTF-8]
2025-10-10T08:25:38.698-05:00 DEBUG 14708 --- [wms-backend] [http-nio-8080-exec-2] o.s.w.s.m.m.a.HttpEntityMethodProcessor  : Writing ["1.0.1.48"]
2025-10-10T08:25:38.699-05:00 DEBUG 14708 --- [wms-backend] [http-nio-8080-exec-2] o.s.web.servlet.DispatcherServlet        : Completed 200 OK
2025-10-10T08:25:49.213-05:00 DEBUG 14708 --- [wms-backend] [http-nio-8080-exec-6] o.s.web.servlet.DispatcherServlet        : GET "/general/version", parameters={}
2025-10-10T08:25:49.213-05:00 DEBUG 14708 --- [wms-backend] [http-nio-8080-exec-6] s.w.s.m.m.a.RequestMappingHandlerMapping : Mapped to com.woden.wms_backend.controllers.WmsWdGeneral.VersionController#getVersion()
2025-10-10T08:25:49.213-05:00 DEBUG 14708 --- [wms-backend] [http-nio-8080-exec-6] o.s.w.s.m.m.a.HttpEntityMethodProcessor  : Using 'application/json', given [application/json, text/plain, */*] and supported [text/plain, */*, application/json, application/*+json, application/yaml, application/xml;charset=UTF-8, text/xml;charset=UTF-8, application/*+xml;charset=UTF-8]
2025-10-10T08:25:49.213-05:00 DEBUG 14708 --- [wms-backend] [http-nio-8080-exec-6] o.s.w.s.m.m.a.HttpEntityMethodProcessor  : Writing ["1.0.1.48"]
2025-10-10T08:25:49.218-05:00 DEBUG 14708 --- [wms-backend] [http-nio-8080-exec-6] o.s.web.servlet.DispatcherServlet        : Completed 200 OK
2025-10-10T08:25:59.205-05:00 DEBUG 14708 --- [wms-backend] [http-nio-8080-exec-1] o.s.web.servlet.DispatcherServlet        : GET "/general/version", parameters={}
2025-10-10T08:25:59.205-05:00 DEBUG 14708 --- [wms-backend] [http-nio-8080-exec-1] s.w.s.m.m.a.RequestMappingHandlerMapping : Mapped to com.woden.wms_backend.controllers.WmsWdGeneral.VersionController#getVersion()
2025-10-10T08:25:59.205-05:00 DEBUG 14708 --- [wms-backend] [http-nio-8080-exec-1] o.s.w.s.m.m.a.HttpEntityMethodProcessor  : Using 'application/json', given [application/json, text/plain, */*] and supported [text/plain, */*, application/json, application/*+json, application/yaml, application/xml;charset=UTF-8, text/xml;charset=UTF-8, application/*+xml;charset=UTF-8]
2025-10-10T08:25:59.205-05:00 DEBUG 14708 --- [wms-backend] [http-nio-8080-exec-1] o.s.w.s.m.m.a.HttpEntityMethodProcessor  : Writing ["1.0.1.48"]
2025-10-10T08:25:59.205-05:00 DEBUG 14708 --- [wms-backend] [http-nio-8080-exec-1] o.s.web.servlet.DispatcherServlet        : Completed 200 OK
2025-10-10T08:26:09.204-05:00 DEBUG 14708 --- [wms-backend] [http-nio-8080-exec-8] o.s.web.servlet.DispatcherServlet        : GET "/general/version", parameters={}
2025-10-10T08:26:09.204-05:00 DEBUG 14708 --- [wms-backend] [http-nio-8080-exec-8] s.w.s.m.m.a.RequestMappingHandlerMapping : Mapped to com.woden.wms_backend.controllers.WmsWdGeneral.VersionController#getVersion()
2025-10-10T08:26:09.204-05:00 DEBUG 14708 --- [wms-backend] [http-nio-8080-exec-8] o.s.w.s.m.m.a.HttpEntityMethodProcessor  : Using 'application/json', given [application/json, text/plain, */*] and supported [text/plain, */*, application/json, application/*+json, application/yaml, application/xml;charset=UTF-8, text/xml;charset=UTF-8, application/*+xml;charset=UTF-8]
2025-10-10T08:26:09.204-05:00 DEBUG 14708 --- [wms-backend] [http-nio-8080-exec-8] o.s.w.s.m.m.a.HttpEntityMethodProcessor  : Writing ["1.0.1.48"]
2025-10-10T08:26:09.214-05:00 DEBUG 14708 --- [wms-backend] [http-nio-8080-exec-8] o.s.web.servlet.DispatcherServlet        : Completed 200 OK
2025-10-10T08:26:19.216-05:00 DEBUG 14708 --- [wms-backend] [http-nio-8080-exec-10] o.s.web.servlet.DispatcherServlet        : GET "/general/version", parameters={}
2025-10-10T08:26:19.216-05:00 DEBUG 14708 --- [wms-backend] [http-nio-8080-exec-10] s.w.s.m.m.a.RequestMappingHandlerMapping : Mapped to com.woden.wms_backend.controllers.WmsWdGeneral.VersionController#getVersion()
2025-10-10T08:26:19.217-05:00 DEBUG 14708 --- [wms-backend] [http-nio-8080-exec-10] o.s.w.s.m.m.a.HttpEntityMethodProcessor  : Using 'application/json', given [application/json, text/plain, */*] and supported [text/plain, */*, application/json, application/*+json, application/yaml, application/xml;charset=UTF-8, text/xml;charset=UTF-8, application/*+xml;charset=UTF-8]
2025-10-10T08:26:19.217-05:00 DEBUG 14708 --- [wms-backend] [http-nio-8080-exec-10] o.s.w.s.m.m.a.HttpEntityMethodProcessor  : Writing ["1.0.1.48"]
2025-10-10T08:26:19.218-05:00 DEBUG 14708 --- [wms-backend] [http-nio-8080-exec-10] o.s.web.servlet.DispatcherServlet        : Completed 200 OK
2025-10-10T08:26:29.213-05:00 DEBUG 14708 --- [wms-backend] [http-nio-8080-exec-2] o.s.web.servlet.DispatcherServlet        : GET "/general/version", parameters={}
2025-10-10T08:26:29.213-05:00 DEBUG 14708 --- [wms-backend] [http-nio-8080-exec-2] s.w.s.m.m.a.RequestMappingHandlerMapping : Mapped to com.woden.wms_backend.controllers.WmsWdGeneral.VersionController#getVersion()
2025-10-10T08:26:29.214-05:00 DEBUG 14708 --- [wms-backend] [http-nio-8080-exec-2] o.s.w.s.m.m.a.HttpEntityMethodProcessor  : Using 'application/json', given [application/json, text/plain, */*] and supported [text/plain, */*, application/json, application/*+json, application/yaml, application/xml;charset=UTF-8, text/xml;charset=UTF-8, application/*+xml;charset=UTF-8]
2025-10-10T08:26:29.214-05:00 DEBUG 14708 --- [wms-backend] [http-nio-8080-exec-2] o.s.w.s.m.m.a.HttpEntityMethodProcessor  : Writing ["1.0.1.48"]
2025-10-10T08:26:29.215-05:00 DEBUG 14708 --- [wms-backend] [http-nio-8080-exec-2] o.s.web.servlet.DispatcherServlet        : Completed 200 OK
2025-10-10T08:26:39.208-05:00 DEBUG 14708 --- [wms-backend] [http-nio-8080-exec-6] o.s.web.servlet.DispatcherServlet        : GET "/general/version", parameters={}
2025-10-10T08:26:39.208-05:00 DEBUG 14708 --- [wms-backend] [http-nio-8080-exec-6] s.w.s.m.m.a.RequestMappingHandlerMapping : Mapped to com.woden.wms_backend.controllers.WmsWdGeneral.VersionController#getVersion()
2025-10-10T08:26:39.208-05:00 DEBUG 14708 --- [wms-backend] [http-nio-8080-exec-6] o.s.w.s.m.m.a.HttpEntityMethodProcessor  : Using 'application/json', given [application/json, text/plain, */*] and supported [text/plain, */*, application/json, application/*+json, application/yaml, application/xml;charset=UTF-8, text/xml;charset=UTF-8, application/*+xml;charset=UTF-8]
2025-10-10T08:26:39.208-05:00 DEBUG 14708 --- [wms-backend] [http-nio-8080-exec-6] o.s.w.s.m.m.a.HttpEntityMethodProcessor  : Writing ["1.0.1.48"]
2025-10-10T08:26:39.208-05:00 DEBUG 14708 --- [wms-backend] [http-nio-8080-exec-6] o.s.web.servlet.DispatcherServlet        : Completed 200 OK
2025-10-10T08:26:49.204-05:00 DEBUG 14708 --- [wms-backend] [http-nio-8080-exec-1] o.s.web.servlet.DispatcherServlet        : GET "/general/version", parameters={}
2025-10-10T08:26:49.204-05:00 DEBUG 14708 --- [wms-backend] [http-nio-8080-exec-1] s.w.s.m.m.a.RequestMappingHandlerMapping : Mapped to com.woden.wms_backend.controllers.WmsWdGeneral.VersionController#getVersion()
2025-10-10T08:26:49.204-05:00 DEBUG 14708 --- [wms-backend] [http-nio-8080-exec-1] o.s.w.s.m.m.a.HttpEntityMethodProcessor  : Using 'application/json', given [application/json, text/plain, */*] and supported [text/plain, */*, application/json, application/*+json, application/yaml, application/xml;charset=UTF-8, text/xml;charset=UTF-8, application/*+xml;charset=UTF-8]
2025-10-10T08:26:49.204-05:00 DEBUG 14708 --- [wms-backend] [http-nio-8080-exec-1] o.s.w.s.m.m.a.HttpEntityMethodProcessor  : Writing ["1.0.1.48"]
2025-10-10T08:26:49.214-05:00 DEBUG 14708 --- [wms-backend] [http-nio-8080-exec-1] o.s.web.servlet.DispatcherServlet        : Completed 200 OK
2025-10-10T08:26:59.221-05:00 DEBUG 14708 --- [wms-backend] [http-nio-8080-exec-8] o.s.web.servlet.DispatcherServlet        : GET "/general/version", parameters={}
2025-10-10T08:26:59.222-05:00 DEBUG 14708 --- [wms-backend] [http-nio-8080-exec-8] s.w.s.m.m.a.RequestMappingHandlerMapping : Mapped to com.woden.wms_backend.controllers.WmsWdGeneral.VersionController#getVersion()
2025-10-10T08:26:59.223-05:00 DEBUG 14708 --- [wms-backend] [http-nio-8080-exec-8] o.s.w.s.m.m.a.HttpEntityMethodProcessor  : Using 'application/json', given [application/json, text/plain, */*] and supported [text/plain, */*, application/json, application/*+json, application/yaml, application/xml;charset=UTF-8, text/xml;charset=UTF-8, application/*+xml;charset=UTF-8]
2025-10-10T08:26:59.223-05:00 DEBUG 14708 --- [wms-backend] [http-nio-8080-exec-8] o.s.w.s.m.m.a.HttpEntityMethodProcessor  : Writing ["1.0.1.48"]
2025-10-10T08:26:59.224-05:00 DEBUG 14708 --- [wms-backend] [http-nio-8080-exec-8] o.s.web.servlet.DispatcherServlet        : Completed 200 OK
2025-10-10T08:27:09.216-05:00 DEBUG 14708 --- [wms-backend] [http-nio-8080-exec-10] o.s.web.servlet.DispatcherServlet        : GET "/general/version", parameters={}
2025-10-10T08:27:09.216-05:00 DEBUG 14708 --- [wms-backend] [http-nio-8080-exec-10] s.w.s.m.m.a.RequestMappingHandlerMapping : Mapped to com.woden.wms_backend.controllers.WmsWdGeneral.VersionController#getVersion()
2025-10-10T08:27:09.216-05:00 DEBUG 14708 --- [wms-backend] [http-nio-8080-exec-10] o.s.w.s.m.m.a.HttpEntityMethodProcessor  : Using 'application/json', given [application/json, text/plain, */*] and supported [text/plain, */*, application/json, application/*+json, application/yaml, application/xml;charset=UTF-8, text/xml;charset=UTF-8, application/*+xml;charset=UTF-8]
2025-10-10T08:27:09.216-05:00 DEBUG 14708 --- [wms-backend] [http-nio-8080-exec-10] o.s.w.s.m.m.a.HttpEntityMethodProcessor  : Writing ["1.0.1.48"]
2025-10-10T08:27:09.216-05:00 DEBUG 14708 --- [wms-backend] [http-nio-8080-exec-10] o.s.web.servlet.DispatcherServlet        : Completed 200 OK
2025-10-10T08:27:19.219-05:00 DEBUG 14708 --- [wms-backend] [http-nio-8080-exec-5] o.s.web.servlet.DispatcherServlet        : GET "/general/version", parameters={}
2025-10-10T08:27:19.219-05:00 DEBUG 14708 --- [wms-backend] [http-nio-8080-exec-5] s.w.s.m.m.a.RequestMappingHandlerMapping : Mapped to com.woden.wms_backend.controllers.WmsWdGeneral.VersionController#getVersion()
2025-10-10T08:27:19.219-05:00 DEBUG 14708 --- [wms-backend] [http-nio-8080-exec-5] o.s.w.s.m.m.a.HttpEntityMethodProcessor  : Using 'application/json', given [application/json, text/plain, */*] and supported [text/plain, */*, application/json, application/*+json, application/yaml, application/xml;charset=UTF-8, text/xml;charset=UTF-8, application/*+xml;charset=UTF-8]
2025-10-10T08:27:19.219-05:00 DEBUG 14708 --- [wms-backend] [http-nio-8080-exec-5] o.s.w.s.m.m.a.HttpEntityMethodProcessor  : Writing ["1.0.1.48"]
2025-10-10T08:27:19.219-05:00 DEBUG 14708 --- [wms-backend] [http-nio-8080-exec-5] o.s.web.servlet.DispatcherServlet        : Completed 200 OK
2025-10-10T08:27:29.216-05:00 DEBUG 14708 --- [wms-backend] [http-nio-8080-exec-7] o.s.web.servlet.DispatcherServlet        : GET "/general/version", parameters={}
2025-10-10T08:27:29.216-05:00 DEBUG 14708 --- [wms-backend] [http-nio-8080-exec-7] s.w.s.m.m.a.RequestMappingHandlerMapping : Mapped to com.woden.wms_backend.controllers.WmsWdGeneral.VersionController#getVersion()
2025-10-10T08:27:29.216-05:00 DEBUG 14708 --- [wms-backend] [http-nio-8080-exec-7] o.s.w.s.m.m.a.HttpEntityMethodProcessor  : Using 'application/json', given [application/json, text/plain, */*] and supported [text/plain, */*, application/json, application/*+json, application/yaml, application/xml;charset=UTF-8, text/xml;charset=UTF-8, application/*+xml;charset=UTF-8]
2025-10-10T08:27:29.216-05:00 DEBUG 14708 --- [wms-backend] [http-nio-8080-exec-7] o.s.w.s.m.m.a.HttpEntityMethodProcessor  : Writing ["1.0.1.48"]
2025-10-10T08:27:29.216-05:00 DEBUG 14708 --- [wms-backend] [http-nio-8080-exec-7] o.s.web.servlet.DispatcherServlet        : Completed 200 OK
2025-10-10T08:28:22.224-05:00 DEBUG 14708 --- [wms-backend] [http-nio-8080-exec-9] o.s.web.servlet.DispatcherServlet        : GET "/general/version", parameters={}
2025-10-10T08:28:22.226-05:00 DEBUG 14708 --- [wms-backend] [http-nio-8080-exec-9] s.w.s.m.m.a.RequestMappingHandlerMapping : Mapped to com.woden.wms_backend.controllers.WmsWdGeneral.VersionController#getVersion()
2025-10-10T08:28:22.227-05:00 DEBUG 14708 --- [wms-backend] [http-nio-8080-exec-9] o.s.w.s.m.m.a.HttpEntityMethodProcessor  : Using 'application/json', given [application/json, text/plain, */*] and supported [text/plain, */*, application/json, application/*+json, application/yaml, application/xml;charset=UTF-8, text/xml;charset=UTF-8, application/*+xml;charset=UTF-8]
2025-10-10T08:28:22.227-05:00 DEBUG 14708 --- [wms-backend] [http-nio-8080-exec-9] o.s.w.s.m.m.a.HttpEntityMethodProcessor  : Writing ["1.0.1.48"]
2025-10-10T08:28:22.227-05:00 DEBUG 14708 --- [wms-backend] [http-nio-8080-exec-9] o.s.web.servlet.DispatcherServlet        : Completed 200 OK
2025-10-10T08:29:03.891-05:00 DEBUG 14708 --- [wms-backend] [http-nio-8080-exec-3] o.s.web.servlet.DispatcherServlet        : GET "/general/version", parameters={}
2025-10-10T08:29:03.891-05:00 DEBUG 14708 --- [wms-backend] [http-nio-8080-exec-3] s.w.s.m.m.a.RequestMappingHandlerMapping : Mapped to com.woden.wms_backend.controllers.WmsWdGeneral.VersionController#getVersion()
2025-10-10T08:29:03.892-05:00 DEBUG 14708 --- [wms-backend] [http-nio-8080-exec-3] o.s.w.s.m.m.a.HttpEntityMethodProcessor  : Using 'application/json', given [application/json, text/plain, */*] and supported [text/plain, */*, application/json, application/*+json, application/yaml, application/xml;charset=UTF-8, text/xml;charset=UTF-8, application/*+xml;charset=UTF-8]
2025-10-10T08:29:03.892-05:00 DEBUG 14708 --- [wms-backend] [http-nio-8080-exec-3] o.s.w.s.m.m.a.HttpEntityMethodProcessor  : Writing ["1.0.1.48"]
2025-10-10T08:29:03.894-05:00 DEBUG 14708 --- [wms-backend] [http-nio-8080-exec-3] o.s.web.servlet.DispatcherServlet        : Completed 200 OK
2025-10-10T08:29:09.210-05:00 DEBUG 14708 --- [wms-backend] [http-nio-8080-exec-4] o.s.web.servlet.DispatcherServlet        : GET "/general/version", parameters={}
2025-10-10T08:29:09.210-05:00 DEBUG 14708 --- [wms-backend] [http-nio-8080-exec-4] s.w.s.m.m.a.RequestMappingHandlerMapping : Mapped to com.woden.wms_backend.controllers.WmsWdGeneral.VersionController#getVersion()
2025-10-10T08:29:09.210-05:00 DEBUG 14708 --- [wms-backend] [http-nio-8080-exec-4] o.s.w.s.m.m.a.HttpEntityMethodProcessor  : Using 'application/json', given [application/json, text/plain, */*] and supported [text/plain, */*, application/json, application/*+json, application/yaml, application/xml;charset=UTF-8, text/xml;charset=UTF-8, application/*+xml;charset=UTF-8]
2025-10-10T08:29:09.210-05:00 DEBUG 14708 --- [wms-backend] [http-nio-8080-exec-4] o.s.w.s.m.m.a.HttpEntityMethodProcessor  : Writing ["1.0.1.48"]
2025-10-10T08:29:09.210-05:00 DEBUG 14708 --- [wms-backend] [http-nio-8080-exec-4] o.s.web.servlet.DispatcherServlet        : Completed 200 OK
2025-10-10T08:29:19.215-05:00 DEBUG 14708 --- [wms-backend] [http-nio-8080-exec-2] o.s.web.servlet.DispatcherServlet        : GET "/general/version", parameters={}
2025-10-10T08:29:19.215-05:00 DEBUG 14708 --- [wms-backend] [http-nio-8080-exec-2] s.w.s.m.m.a.RequestMappingHandlerMapping : Mapped to com.woden.wms_backend.controllers.WmsWdGeneral.VersionController#getVersion()
2025-10-10T08:29:19.215-05:00 DEBUG 14708 --- [wms-backend] [http-nio-8080-exec-2] o.s.w.s.m.m.a.HttpEntityMethodProcessor  : Using 'application/json', given [application/json, text/plain, */*] and supported [text/plain, */*, application/json, application/*+json, application/yaml, application/xml;charset=UTF-8, text/xml;charset=UTF-8, application/*+xml;charset=UTF-8]
2025-10-10T08:29:19.215-05:00 DEBUG 14708 --- [wms-backend] [http-nio-8080-exec-2] o.s.w.s.m.m.a.HttpEntityMethodProcessor  : Writing ["1.0.1.48"]
2025-10-10T08:29:19.224-05:00 DEBUG 14708 --- [wms-backend] [http-nio-8080-exec-2] o.s.web.servlet.DispatcherServlet        : Completed 200 OK
2025-10-10T08:29:29.212-05:00 DEBUG 14708 --- [wms-backend] [http-nio-8080-exec-6] o.s.web.servlet.DispatcherServlet        : GET "/general/version", parameters={}
2025-10-10T08:29:29.212-05:00 DEBUG 14708 --- [wms-backend] [http-nio-8080-exec-6] s.w.s.m.m.a.RequestMappingHandlerMapping : Mapped to com.woden.wms_backend.controllers.WmsWdGeneral.VersionController#getVersion()
2025-10-10T08:29:29.212-05:00 DEBUG 14708 --- [wms-backend] [http-nio-8080-exec-6] o.s.w.s.m.m.a.HttpEntityMethodProcessor  : Using 'application/json', given [application/json, text/plain, */*] and supported [text/plain, */*, application/json, application/*+json, application/yaml, application/xml;charset=UTF-8, text/xml;charset=UTF-8, application/*+xml;charset=UTF-8]
2025-10-10T08:29:29.212-05:00 DEBUG 14708 --- [wms-backend] [http-nio-8080-exec-6] o.s.w.s.m.m.a.HttpEntityMethodProcessor  : Writing ["1.0.1.48"]
2025-10-10T08:29:29.221-05:00 DEBUG 14708 --- [wms-backend] [http-nio-8080-exec-6] o.s.web.servlet.DispatcherServlet        : Completed 200 OK
2025-10-10T08:29:38.694-05:00 DEBUG 14708 --- [wms-backend] [http-nio-8080-exec-1] o.s.web.servlet.DispatcherServlet        : GET "/general/version", parameters={}
2025-10-10T08:29:38.694-05:00 DEBUG 14708 --- [wms-backend] [http-nio-8080-exec-1] s.w.s.m.m.a.RequestMappingHandlerMapping : Mapped to com.woden.wms_backend.controllers.WmsWdGeneral.VersionController#getVersion()
2025-10-10T08:29:38.695-05:00 DEBUG 14708 --- [wms-backend] [http-nio-8080-exec-1] o.s.w.s.m.m.a.HttpEntityMethodProcessor  : Using 'application/json', given [application/json, text/plain, */*] and supported [text/plain, */*, application/json, application/*+json, application/yaml, application/xml;charset=UTF-8, text/xml;charset=UTF-8, application/*+xml;charset=UTF-8]
2025-10-10T08:29:38.695-05:00 DEBUG 14708 --- [wms-backend] [http-nio-8080-exec-1] o.s.w.s.m.m.a.HttpEntityMethodProcessor  : Writing ["1.0.1.48"]
2025-10-10T08:29:38.696-05:00 DEBUG 14708 --- [wms-backend] [http-nio-8080-exec-1] o.s.web.servlet.DispatcherServlet        : Completed 200 OK
2025-10-10T08:29:48.697-05:00 DEBUG 14708 --- [wms-backend] [http-nio-8080-exec-8] o.s.web.servlet.DispatcherServlet        : GET "/general/version", parameters={}
2025-10-10T08:29:48.697-05:00 DEBUG 14708 --- [wms-backend] [http-nio-8080-exec-8] s.w.s.m.m.a.RequestMappingHandlerMapping : Mapped to com.woden.wms_backend.controllers.WmsWdGeneral.VersionController#getVersion()
2025-10-10T08:29:48.697-05:00 DEBUG 14708 --- [wms-backend] [http-nio-8080-exec-8] o.s.w.s.m.m.a.HttpEntityMethodProcessor  : Using 'application/json', given [application/json, text/plain, */*] and supported [text/plain, */*, application/json, application/*+json, application/yaml, application/xml;charset=UTF-8, text/xml;charset=UTF-8, application/*+xml;charset=UTF-8]
2025-10-10T08:29:48.697-05:00 DEBUG 14708 --- [wms-backend] [http-nio-8080-exec-8] o.s.w.s.m.m.a.HttpEntityMethodProcessor  : Writing ["1.0.1.48"]
2025-10-10T08:29:48.697-05:00 DEBUG 14708 --- [wms-backend] [http-nio-8080-exec-8] o.s.web.servlet.DispatcherServlet        : Completed 200 OK
2025-10-10T08:29:58.689-05:00 DEBUG 14708 --- [wms-backend] [http-nio-8080-exec-10] o.s.web.servlet.DispatcherServlet        : GET "/general/version", parameters={}
2025-10-10T08:29:58.689-05:00 DEBUG 14708 --- [wms-backend] [http-nio-8080-exec-10] s.w.s.m.m.a.RequestMappingHandlerMapping : Mapped to com.woden.wms_backend.controllers.WmsWdGeneral.VersionController#getVersion()
2025-10-10T08:29:58.690-05:00 DEBUG 14708 --- [wms-backend] [http-nio-8080-exec-10] o.s.w.s.m.m.a.HttpEntityMethodProcessor  : Using 'application/json', given [application/json, text/plain, */*] and supported [text/plain, */*, application/json, application/*+json, application/yaml, application/xml;charset=UTF-8, text/xml;charset=UTF-8, application/*+xml;charset=UTF-8]
2025-10-10T08:29:58.690-05:00 DEBUG 14708 --- [wms-backend] [http-nio-8080-exec-10] o.s.w.s.m.m.a.HttpEntityMethodProcessor  : Writing ["1.0.1.48"]
2025-10-10T08:29:58.691-05:00 DEBUG 14708 --- [wms-backend] [http-nio-8080-exec-10] o.s.web.servlet.DispatcherServlet        : Completed 200 OK
2025-10-10T08:30:08.689-05:00 DEBUG 14708 --- [wms-backend] [http-nio-8080-exec-5] o.s.web.servlet.DispatcherServlet        : GET "/general/version", parameters={}
2025-10-10T08:30:08.689-05:00 DEBUG 14708 --- [wms-backend] [http-nio-8080-exec-5] s.w.s.m.m.a.RequestMappingHandlerMapping : Mapped to com.woden.wms_backend.controllers.WmsWdGeneral.VersionController#getVersion()
2025-10-10T08:30:08.690-05:00 DEBUG 14708 --- [wms-backend] [http-nio-8080-exec-5] o.s.w.s.m.m.a.HttpEntityMethodProcessor  : Using 'application/json', given [application/json, text/plain, */*] and supported [text/plain, */*, application/json, application/*+json, application/yaml, application/xml;charset=UTF-8, text/xml;charset=UTF-8, application/*+xml;charset=UTF-8]
2025-10-10T08:30:08.691-05:00 DEBUG 14708 --- [wms-backend] [http-nio-8080-exec-5] o.s.w.s.m.m.a.HttpEntityMethodProcessor  : Writing ["1.0.1.48"]
2025-10-10T08:30:08.692-05:00 DEBUG 14708 --- [wms-backend] [http-nio-8080-exec-5] o.s.web.servlet.DispatcherServlet        : Completed 200 OK
2025-10-10T08:30:18.713-05:00 DEBUG 14708 --- [wms-backend] [http-nio-8080-exec-7] o.s.web.servlet.DispatcherServlet        : GET "/general/version", parameters={}
2025-10-10T08:30:18.713-05:00 DEBUG 14708 --- [wms-backend] [http-nio-8080-exec-7] s.w.s.m.m.a.RequestMappingHandlerMapping : Mapped to com.woden.wms_backend.controllers.WmsWdGeneral.VersionController#getVersion()
2025-10-10T08:30:18.714-05:00 DEBUG 14708 --- [wms-backend] [http-nio-8080-exec-7] o.s.w.s.m.m.a.HttpEntityMethodProcessor  : Using 'application/json', given [application/json, text/plain, */*] and supported [text/plain, */*, application/json, application/*+json, application/yaml, application/xml;charset=UTF-8, text/xml;charset=UTF-8, application/*+xml;charset=UTF-8]
2025-10-10T08:30:18.714-05:00 DEBUG 14708 --- [wms-backend] [http-nio-8080-exec-7] o.s.w.s.m.m.a.HttpEntityMethodProcessor  : Writing ["1.0.1.48"]
2025-10-10T08:30:18.716-05:00 DEBUG 14708 --- [wms-backend] [http-nio-8080-exec-7] o.s.web.servlet.DispatcherServlet        : Completed 200 OK
2025-10-10T08:30:29.220-05:00 DEBUG 14708 --- [wms-backend] [http-nio-8080-exec-9] o.s.web.servlet.DispatcherServlet        : GET "/general/version", parameters={}
2025-10-10T08:30:29.220-05:00 DEBUG 14708 --- [wms-backend] [http-nio-8080-exec-9] s.w.s.m.m.a.RequestMappingHandlerMapping : Mapped to com.woden.wms_backend.controllers.WmsWdGeneral.VersionController#getVersion()
2025-10-10T08:30:29.222-05:00 DEBUG 14708 --- [wms-backend] [http-nio-8080-exec-9] o.s.w.s.m.m.a.HttpEntityMethodProcessor  : Using 'application/json', given [application/json, text/plain, */*] and supported [text/plain, */*, application/json, application/*+json, application/yaml, application/xml;charset=UTF-8, text/xml;charset=UTF-8, application/*+xml;charset=UTF-8]
2025-10-10T08:30:29.222-05:00 DEBUG 14708 --- [wms-backend] [http-nio-8080-exec-9] o.s.w.s.m.m.a.HttpEntityMethodProcessor  : Writing ["1.0.1.48"]
2025-10-10T08:30:29.224-05:00 DEBUG 14708 --- [wms-backend] [http-nio-8080-exec-9] o.s.web.servlet.DispatcherServlet        : Completed 200 OK
2025-10-10T08:30:39.216-05:00 DEBUG 14708 --- [wms-backend] [http-nio-8080-exec-3] o.s.web.servlet.DispatcherServlet        : GET "/general/version", parameters={}
2025-10-10T08:30:39.216-05:00 DEBUG 14708 --- [wms-backend] [http-nio-8080-exec-3] s.w.s.m.m.a.RequestMappingHandlerMapping : Mapped to com.woden.wms_backend.controllers.WmsWdGeneral.VersionController#getVersion()
2025-10-10T08:30:39.217-05:00 DEBUG 14708 --- [wms-backend] [http-nio-8080-exec-3] o.s.w.s.m.m.a.HttpEntityMethodProcessor  : Using 'application/json', given [application/json, text/plain, */*] and supported [text/plain, */*, application/json, application/*+json, application/yaml, application/xml;charset=UTF-8, text/xml;charset=UTF-8, application/*+xml;charset=UTF-8]
2025-10-10T08:30:39.217-05:00 DEBUG 14708 --- [wms-backend] [http-nio-8080-exec-3] o.s.w.s.m.m.a.HttpEntityMethodProcessor  : Writing ["1.0.1.48"]
2025-10-10T08:30:39.219-05:00 DEBUG 14708 --- [wms-backend] [http-nio-8080-exec-3] o.s.web.servlet.DispatcherServlet        : Completed 200 OK
2025-10-10T08:30:49.221-05:00 DEBUG 14708 --- [wms-backend] [http-nio-8080-exec-4] o.s.web.servlet.DispatcherServlet        : GET "/general/version", parameters={}
2025-10-10T08:30:49.221-05:00 DEBUG 14708 --- [wms-backend] [http-nio-8080-exec-4] s.w.s.m.m.a.RequestMappingHandlerMapping : Mapped to com.woden.wms_backend.controllers.WmsWdGeneral.VersionController#getVersion()
2025-10-10T08:30:49.224-05:00 DEBUG 14708 --- [wms-backend] [http-nio-8080-exec-4] o.s.w.s.m.m.a.HttpEntityMethodProcessor  : Using 'application/json', given [application/json, text/plain, */*] and supported [text/plain, */*, application/json, application/*+json, application/yaml, application/xml;charset=UTF-8, text/xml;charset=UTF-8, application/*+xml;charset=UTF-8]
2025-10-10T08:30:49.224-05:00 DEBUG 14708 --- [wms-backend] [http-nio-8080-exec-4] o.s.w.s.m.m.a.HttpEntityMethodProcessor  : Writing ["1.0.1.48"]
2025-10-10T08:30:49.225-05:00 DEBUG 14708 --- [wms-backend] [http-nio-8080-exec-4] o.s.web.servlet.DispatcherServlet        : Completed 200 OK
2025-10-10T08:30:59.210-05:00 DEBUG 14708 --- [wms-backend] [http-nio-8080-exec-2] o.s.web.servlet.DispatcherServlet        : GET "/general/version", parameters={}
2025-10-10T08:30:59.211-05:00 DEBUG 14708 --- [wms-backend] [http-nio-8080-exec-2] s.w.s.m.m.a.RequestMappingHandlerMapping : Mapped to com.woden.wms_backend.controllers.WmsWdGeneral.VersionController#getVersion()
2025-10-10T08:30:59.212-05:00 DEBUG 14708 --- [wms-backend] [http-nio-8080-exec-2] o.s.w.s.m.m.a.HttpEntityMethodProcessor  : Using 'application/json', given [application/json, text/plain, */*] and supported [text/plain, */*, application/json, application/*+json, application/yaml, application/xml;charset=UTF-8, text/xml;charset=UTF-8, application/*+xml;charset=UTF-8]
2025-10-10T08:30:59.212-05:00 DEBUG 14708 --- [wms-backend] [http-nio-8080-exec-2] o.s.w.s.m.m.a.HttpEntityMethodProcessor  : Writing ["1.0.1.48"]
2025-10-10T08:30:59.213-05:00 DEBUG 14708 --- [wms-backend] [http-nio-8080-exec-2] o.s.web.servlet.DispatcherServlet        : Completed 200 OK
2025-10-10T08:31:09.210-05:00 DEBUG 14708 --- [wms-backend] [http-nio-8080-exec-6] o.s.web.servlet.DispatcherServlet        : GET "/general/version", parameters={}
2025-10-10T08:31:09.245-05:00 DEBUG 14708 --- [wms-backend] [http-nio-8080-exec-6] s.w.s.m.m.a.RequestMappingHandlerMapping : Mapped to com.woden.wms_backend.controllers.WmsWdGeneral.VersionController#getVersion()
2025-10-10T08:31:09.247-05:00 DEBUG 14708 --- [wms-backend] [http-nio-8080-exec-6] o.s.w.s.m.m.a.HttpEntityMethodProcessor  : Using 'application/json', given [application/json, text/plain, */*] and supported [text/plain, */*, application/json, application/*+json, application/yaml, application/xml;charset=UTF-8, text/xml;charset=UTF-8, application/*+xml;charset=UTF-8]
2025-10-10T08:31:09.247-05:00 DEBUG 14708 --- [wms-backend] [http-nio-8080-exec-6] o.s.w.s.m.m.a.HttpEntityMethodProcessor  : Writing ["1.0.1.48"]
2025-10-10T08:31:09.248-05:00 DEBUG 14708 --- [wms-backend] [http-nio-8080-exec-6] o.s.web.servlet.DispatcherServlet        : Completed 200 OK
2025-10-10T08:31:19.221-05:00 DEBUG 14708 --- [wms-backend] [http-nio-8080-exec-1] o.s.web.servlet.DispatcherServlet        : GET "/general/version", parameters={}
2025-10-10T08:31:19.221-05:00 DEBUG 14708 --- [wms-backend] [http-nio-8080-exec-1] s.w.s.m.m.a.RequestMappingHandlerMapping : Mapped to com.woden.wms_backend.controllers.WmsWdGeneral.VersionController#getVersion()
2025-10-10T08:31:19.221-05:00 DEBUG 14708 --- [wms-backend] [http-nio-8080-exec-1] o.s.w.s.m.m.a.HttpEntityMethodProcessor  : Using 'application/json', given [application/json, text/plain, */*] and supported [text/plain, */*, application/json, application/*+json, application/yaml, application/xml;charset=UTF-8, text/xml;charset=UTF-8, application/*+xml;charset=UTF-8]
2025-10-10T08:31:19.223-05:00 DEBUG 14708 --- [wms-backend] [http-nio-8080-exec-1] o.s.w.s.m.m.a.HttpEntityMethodProcessor  : Writing ["1.0.1.48"]
2025-10-10T08:31:19.223-05:00 DEBUG 14708 --- [wms-backend] [http-nio-8080-exec-1] o.s.web.servlet.DispatcherServlet        : Completed 200 OK
2025-10-10T08:32:22.233-05:00 DEBUG 14708 --- [wms-backend] [http-nio-8080-exec-10] o.s.web.servlet.DispatcherServlet        : GET "/general/version", parameters={}
2025-10-10T08:32:22.233-05:00 DEBUG 14708 --- [wms-backend] [http-nio-8080-exec-10] s.w.s.m.m.a.RequestMappingHandlerMapping : Mapped to com.woden.wms_backend.controllers.WmsWdGeneral.VersionController#getVersion()
2025-10-10T08:32:22.234-05:00 DEBUG 14708 --- [wms-backend] [http-nio-8080-exec-10] o.s.w.s.m.m.a.HttpEntityMethodProcessor  : Using 'application/json', given [application/json, text/plain, */*] and supported [text/plain, */*, application/json, application/*+json, application/yaml, application/xml;charset=UTF-8, text/xml;charset=UTF-8, application/*+xml;charset=UTF-8]
2025-10-10T08:32:22.235-05:00 DEBUG 14708 --- [wms-backend] [http-nio-8080-exec-10] o.s.w.s.m.m.a.HttpEntityMethodProcessor  : Writing ["1.0.1.48"]
2025-10-10T08:32:22.237-05:00 DEBUG 14708 --- [wms-backend] [http-nio-8080-exec-10] o.s.web.servlet.DispatcherServlet        : Completed 200 OK
2025-10-10T08:33:22.221-05:00 DEBUG 14708 --- [wms-backend] [http-nio-8080-exec-5] o.s.web.servlet.DispatcherServlet        : GET "/general/version", parameters={}
2025-10-10T08:33:22.221-05:00 DEBUG 14708 --- [wms-backend] [http-nio-8080-exec-5] s.w.s.m.m.a.RequestMappingHandlerMapping : Mapped to com.woden.wms_backend.controllers.WmsWdGeneral.VersionController#getVersion()
2025-10-10T08:33:22.222-05:00 DEBUG 14708 --- [wms-backend] [http-nio-8080-exec-5] o.s.w.s.m.m.a.HttpEntityMethodProcessor  : Using 'application/json', given [application/json, text/plain, */*] and supported [text/plain, */*, application/json, application/*+json, application/yaml, application/xml;charset=UTF-8, text/xml;charset=UTF-8, application/*+xml;charset=UTF-8]
2025-10-10T08:33:22.222-05:00 DEBUG 14708 --- [wms-backend] [http-nio-8080-exec-5] o.s.w.s.m.m.a.HttpEntityMethodProcessor  : Writing ["1.0.1.48"]
2025-10-10T08:33:22.223-05:00 DEBUG 14708 --- [wms-backend] [http-nio-8080-exec-5] o.s.web.servlet.DispatcherServlet        : Completed 200 OK
2025-10-10T08:34:22.217-05:00 DEBUG 14708 --- [wms-backend] [http-nio-8080-exec-7] o.s.web.servlet.DispatcherServlet        : GET "/general/version", parameters={}
2025-10-10T08:34:22.217-05:00 DEBUG 14708 --- [wms-backend] [http-nio-8080-exec-7] s.w.s.m.m.a.RequestMappingHandlerMapping : Mapped to com.woden.wms_backend.controllers.WmsWdGeneral.VersionController#getVersion()
2025-10-10T08:34:22.219-05:00 DEBUG 14708 --- [wms-backend] [http-nio-8080-exec-7] o.s.w.s.m.m.a.HttpEntityMethodProcessor  : Using 'application/json', given [application/json, text/plain, */*] and supported [text/plain, */*, application/json, application/*+json, application/yaml, application/xml;charset=UTF-8, text/xml;charset=UTF-8, application/*+xml;charset=UTF-8]
2025-10-10T08:34:22.219-05:00 DEBUG 14708 --- [wms-backend] [http-nio-8080-exec-7] o.s.w.s.m.m.a.HttpEntityMethodProcessor  : Writing ["1.0.1.48"]
2025-10-10T08:34:22.220-05:00 DEBUG 14708 --- [wms-backend] [http-nio-8080-exec-7] o.s.web.servlet.DispatcherServlet        : Completed 200 OK
2025-10-10T08:35:22.225-05:00 DEBUG 14708 --- [wms-backend] [http-nio-8080-exec-9] o.s.web.servlet.DispatcherServlet        : GET "/general/version", parameters={}
2025-10-10T08:35:22.225-05:00 DEBUG 14708 --- [wms-backend] [http-nio-8080-exec-9] s.w.s.m.m.a.RequestMappingHandlerMapping : Mapped to com.woden.wms_backend.controllers.WmsWdGeneral.VersionController#getVersion()
2025-10-10T08:35:22.226-05:00 DEBUG 14708 --- [wms-backend] [http-nio-8080-exec-9] o.s.w.s.m.m.a.HttpEntityMethodProcessor  : Using 'application/json', given [application/json, text/plain, */*] and supported [text/plain, */*, application/json, application/*+json, application/yaml, application/xml;charset=UTF-8, text/xml;charset=UTF-8, application/*+xml;charset=UTF-8]
2025-10-10T08:35:22.226-05:00 DEBUG 14708 --- [wms-backend] [http-nio-8080-exec-9] o.s.w.s.m.m.a.HttpEntityMethodProcessor  : Writing ["1.0.1.48"]
2025-10-10T08:35:22.228-05:00 DEBUG 14708 --- [wms-backend] [http-nio-8080-exec-9] o.s.web.servlet.DispatcherServlet        : Completed 200 OK
2025-10-10T08:36:22.220-05:00 DEBUG 14708 --- [wms-backend] [http-nio-8080-exec-3] o.s.web.servlet.DispatcherServlet        : GET "/general/version", parameters={}
2025-10-10T08:36:22.220-05:00 DEBUG 14708 --- [wms-backend] [http-nio-8080-exec-3] s.w.s.m.m.a.RequestMappingHandlerMapping : Mapped to com.woden.wms_backend.controllers.WmsWdGeneral.VersionController#getVersion()
2025-10-10T08:36:22.220-05:00 DEBUG 14708 --- [wms-backend] [http-nio-8080-exec-3] o.s.w.s.m.m.a.HttpEntityMethodProcessor  : Using 'application/json', given [application/json, text/plain, */*] and supported [text/plain, */*, application/json, application/*+json, application/yaml, application/xml;charset=UTF-8, text/xml;charset=UTF-8, application/*+xml;charset=UTF-8]
2025-10-10T08:36:22.220-05:00 DEBUG 14708 --- [wms-backend] [http-nio-8080-exec-3] o.s.w.s.m.m.a.HttpEntityMethodProcessor  : Writing ["1.0.1.48"]
2025-10-10T08:36:22.221-05:00 DEBUG 14708 --- [wms-backend] [http-nio-8080-exec-3] o.s.web.servlet.DispatcherServlet        : Completed 200 OK
2025-10-10T08:37:22.226-05:00 DEBUG 14708 --- [wms-backend] [http-nio-8080-exec-4] o.s.web.servlet.DispatcherServlet        : GET "/general/version", parameters={}
2025-10-10T08:37:22.227-05:00 DEBUG 14708 --- [wms-backend] [http-nio-8080-exec-4] s.w.s.m.m.a.RequestMappingHandlerMapping : Mapped to com.woden.wms_backend.controllers.WmsWdGeneral.VersionController#getVersion()
2025-10-10T08:37:22.227-05:00 DEBUG 14708 --- [wms-backend] [http-nio-8080-exec-4] o.s.w.s.m.m.a.HttpEntityMethodProcessor  : Using 'application/json', given [application/json, text/plain, */*] and supported [text/plain, */*, application/json, application/*+json, application/yaml, application/xml;charset=UTF-8, text/xml;charset=UTF-8, application/*+xml;charset=UTF-8]
2025-10-10T08:37:22.227-05:00 DEBUG 14708 --- [wms-backend] [http-nio-8080-exec-4] o.s.w.s.m.m.a.HttpEntityMethodProcessor  : Writing ["1.0.1.48"]
2025-10-10T08:37:22.228-05:00 DEBUG 14708 --- [wms-backend] [http-nio-8080-exec-4] o.s.web.servlet.DispatcherServlet        : Completed 200 OK
2025-10-10T08:38:22.214-05:00 DEBUG 14708 --- [wms-backend] [http-nio-8080-exec-2] o.s.web.servlet.DispatcherServlet        : GET "/general/version", parameters={}
2025-10-10T08:38:22.215-05:00 DEBUG 14708 --- [wms-backend] [http-nio-8080-exec-2] s.w.s.m.m.a.RequestMappingHandlerMapping : Mapped to com.woden.wms_backend.controllers.WmsWdGeneral.VersionController#getVersion()
2025-10-10T08:38:22.215-05:00 DEBUG 14708 --- [wms-backend] [http-nio-8080-exec-2] o.s.w.s.m.m.a.HttpEntityMethodProcessor  : Using 'application/json', given [application/json, text/plain, */*] and supported [text/plain, */*, application/json, application/*+json, application/yaml, application/xml;charset=UTF-8, text/xml;charset=UTF-8, application/*+xml;charset=UTF-8]
2025-10-10T08:38:22.215-05:00 DEBUG 14708 --- [wms-backend] [http-nio-8080-exec-2] o.s.w.s.m.m.a.HttpEntityMethodProcessor  : Writing ["1.0.1.48"]
2025-10-10T08:38:22.216-05:00 DEBUG 14708 --- [wms-backend] [http-nio-8080-exec-2] o.s.web.servlet.DispatcherServlet        : Completed 200 OK
2025-10-10T08:39:22.225-05:00 DEBUG 14708 --- [wms-backend] [http-nio-8080-exec-6] o.s.web.servlet.DispatcherServlet        : GET "/general/version", parameters={}
2025-10-10T08:39:22.225-05:00 DEBUG 14708 --- [wms-backend] [http-nio-8080-exec-6] s.w.s.m.m.a.RequestMappingHandlerMapping : Mapped to com.woden.wms_backend.controllers.WmsWdGeneral.VersionController#getVersion()
2025-10-10T08:39:22.226-05:00 DEBUG 14708 --- [wms-backend] [http-nio-8080-exec-6] o.s.w.s.m.m.a.HttpEntityMethodProcessor  : Using 'application/json', given [application/json, text/plain, */*] and supported [text/plain, */*, application/json, application/*+json, application/yaml, application/xml;charset=UTF-8, text/xml;charset=UTF-8, application/*+xml;charset=UTF-8]
2025-10-10T08:39:22.227-05:00 DEBUG 14708 --- [wms-backend] [http-nio-8080-exec-6] o.s.w.s.m.m.a.HttpEntityMethodProcessor  : Writing ["1.0.1.48"]
2025-10-10T08:39:22.227-05:00 DEBUG 14708 --- [wms-backend] [http-nio-8080-exec-6] o.s.web.servlet.DispatcherServlet        : Completed 200 OK
2025-10-10T08:40:22.225-05:00 DEBUG 14708 --- [wms-backend] [http-nio-8080-exec-1] o.s.web.servlet.DispatcherServlet        : GET "/general/version", parameters={}
2025-10-10T08:40:22.225-05:00 DEBUG 14708 --- [wms-backend] [http-nio-8080-exec-1] s.w.s.m.m.a.RequestMappingHandlerMapping : Mapped to com.woden.wms_backend.controllers.WmsWdGeneral.VersionController#getVersion()
2025-10-10T08:40:22.226-05:00 DEBUG 14708 --- [wms-backend] [http-nio-8080-exec-1] o.s.w.s.m.m.a.HttpEntityMethodProcessor  : Using 'application/json', given [application/json, text/plain, */*] and supported [text/plain, */*, application/json, application/*+json, application/yaml, application/xml;charset=UTF-8, text/xml;charset=UTF-8, application/*+xml;charset=UTF-8]
2025-10-10T08:40:22.226-05:00 DEBUG 14708 --- [wms-backend] [http-nio-8080-exec-1] o.s.w.s.m.m.a.HttpEntityMethodProcessor  : Writing ["1.0.1.48"]
2025-10-10T08:40:22.227-05:00 DEBUG 14708 --- [wms-backend] [http-nio-8080-exec-1] o.s.web.servlet.DispatcherServlet        : Completed 200 OK
2025-10-10T08:41:22.218-05:00 DEBUG 14708 --- [wms-backend] [http-nio-8080-exec-8] o.s.web.servlet.DispatcherServlet        : GET "/general/version", parameters={}
2025-10-10T08:41:22.219-05:00 DEBUG 14708 --- [wms-backend] [http-nio-8080-exec-8] s.w.s.m.m.a.RequestMappingHandlerMapping : Mapped to com.woden.wms_backend.controllers.WmsWdGeneral.VersionController#getVersion()
2025-10-10T08:41:22.220-05:00 DEBUG 14708 --- [wms-backend] [http-nio-8080-exec-8] o.s.w.s.m.m.a.HttpEntityMethodProcessor  : Using 'application/json', given [application/json, text/plain, */*] and supported [text/plain, */*, application/json, application/*+json, application/yaml, application/xml;charset=UTF-8, text/xml;charset=UTF-8, application/*+xml;charset=UTF-8]
2025-10-10T08:41:22.220-05:00 DEBUG 14708 --- [wms-backend] [http-nio-8080-exec-8] o.s.w.s.m.m.a.HttpEntityMethodProcessor  : Writing ["1.0.1.48"]
2025-10-10T08:41:22.223-05:00 DEBUG 14708 --- [wms-backend] [http-nio-8080-exec-8] o.s.web.servlet.DispatcherServlet        : Completed 200 OK
2025-10-10T08:42:22.218-05:00 DEBUG 14708 --- [wms-backend] [http-nio-8080-exec-10] o.s.web.servlet.DispatcherServlet        : GET "/general/version", parameters={}
2025-10-10T08:42:22.218-05:00 DEBUG 14708 --- [wms-backend] [http-nio-8080-exec-10] s.w.s.m.m.a.RequestMappingHandlerMapping : Mapped to com.woden.wms_backend.controllers.WmsWdGeneral.VersionController#getVersion()
2025-10-10T08:42:22.221-05:00 DEBUG 14708 --- [wms-backend] [http-nio-8080-exec-10] o.s.w.s.m.m.a.HttpEntityMethodProcessor  : Using 'application/json', given [application/json, text/plain, */*] and supported [text/plain, */*, application/json, application/*+json, application/yaml, application/xml;charset=UTF-8, text/xml;charset=UTF-8, application/*+xml;charset=UTF-8]
2025-10-10T08:42:22.221-05:00 DEBUG 14708 --- [wms-backend] [http-nio-8080-exec-10] o.s.w.s.m.m.a.HttpEntityMethodProcessor  : Writing ["1.0.1.48"]
2025-10-10T08:42:22.222-05:00 DEBUG 14708 --- [wms-backend] [http-nio-8080-exec-10] o.s.web.servlet.DispatcherServlet        : Completed 200 OK
2025-10-10T08:43:13.540-05:00 DEBUG 14708 --- [wms-backend] [http-nio-8080-exec-5] o.s.web.servlet.DispatcherServlet        : GET "/general/version", parameters={}
2025-10-10T08:43:13.540-05:00 DEBUG 14708 --- [wms-backend] [http-nio-8080-exec-5] s.w.s.m.m.a.RequestMappingHandlerMapping : Mapped to com.woden.wms_backend.controllers.WmsWdGeneral.VersionController#getVersion()
2025-10-10T08:43:13.542-05:00 DEBUG 14708 --- [wms-backend] [http-nio-8080-exec-5] o.s.w.s.m.m.a.HttpEntityMethodProcessor  : Using 'application/json', given [application/json, text/plain, */*] and supported [text/plain, */*, application/json, application/*+json, application/yaml, application/xml;charset=UTF-8, text/xml;charset=UTF-8, application/*+xml;charset=UTF-8]
2025-10-10T08:43:13.542-05:00 DEBUG 14708 --- [wms-backend] [http-nio-8080-exec-5] o.s.w.s.m.m.a.HttpEntityMethodProcessor  : Writing ["1.0.1.48"]
2025-10-10T08:43:13.545-05:00 DEBUG 14708 --- [wms-backend] [http-nio-8080-exec-5] o.s.web.servlet.DispatcherServlet        : Completed 200 OK
2025-10-10T08:43:18.711-05:00 DEBUG 14708 --- [wms-backend] [http-nio-8080-exec-7] o.s.web.servlet.DispatcherServlet        : GET "/general/version", parameters={}
2025-10-10T08:43:18.711-05:00 DEBUG 14708 --- [wms-backend] [http-nio-8080-exec-7] s.w.s.m.m.a.RequestMappingHandlerMapping : Mapped to com.woden.wms_backend.controllers.WmsWdGeneral.VersionController#getVersion()
2025-10-10T08:43:18.712-05:00 DEBUG 14708 --- [wms-backend] [http-nio-8080-exec-7] o.s.w.s.m.m.a.HttpEntityMethodProcessor  : Using 'application/json', given [application/json, text/plain, */*] and supported [text/plain, */*, application/json, application/*+json, application/yaml, application/xml;charset=UTF-8, text/xml;charset=UTF-8, application/*+xml;charset=UTF-8]
2025-10-10T08:43:18.712-05:00 DEBUG 14708 --- [wms-backend] [http-nio-8080-exec-7] o.s.w.s.m.m.a.HttpEntityMethodProcessor  : Writing ["1.0.1.48"]
2025-10-10T08:43:18.713-05:00 DEBUG 14708 --- [wms-backend] [http-nio-8080-exec-7] o.s.web.servlet.DispatcherServlet        : Completed 200 OK
2025-10-10T08:43:29.215-05:00 DEBUG 14708 --- [wms-backend] [http-nio-8080-exec-9] o.s.web.servlet.DispatcherServlet        : GET "/general/version", parameters={}
2025-10-10T08:43:29.215-05:00 DEBUG 14708 --- [wms-backend] [http-nio-8080-exec-9] s.w.s.m.m.a.RequestMappingHandlerMapping : Mapped to com.woden.wms_backend.controllers.WmsWdGeneral.VersionController#getVersion()
2025-10-10T08:43:29.215-05:00 DEBUG 14708 --- [wms-backend] [http-nio-8080-exec-9] o.s.w.s.m.m.a.HttpEntityMethodProcessor  : Using 'application/json', given [application/json, text/plain, */*] and supported [text/plain, */*, application/json, application/*+json, application/yaml, application/xml;charset=UTF-8, text/xml;charset=UTF-8, application/*+xml;charset=UTF-8]
2025-10-10T08:43:29.216-05:00 DEBUG 14708 --- [wms-backend] [http-nio-8080-exec-9] o.s.w.s.m.m.a.HttpEntityMethodProcessor  : Writing ["1.0.1.48"]
2025-10-10T08:43:29.216-05:00 DEBUG 14708 --- [wms-backend] [http-nio-8080-exec-9] o.s.web.servlet.DispatcherServlet        : Completed 200 OK
2025-10-10T08:43:39.220-05:00 DEBUG 14708 --- [wms-backend] [http-nio-8080-exec-3] o.s.web.servlet.DispatcherServlet        : GET "/general/version", parameters={}
2025-10-10T08:43:39.221-05:00 DEBUG 14708 --- [wms-backend] [http-nio-8080-exec-3] s.w.s.m.m.a.RequestMappingHandlerMapping : Mapped to com.woden.wms_backend.controllers.WmsWdGeneral.VersionController#getVersion()
2025-10-10T08:43:39.222-05:00 DEBUG 14708 --- [wms-backend] [http-nio-8080-exec-3] o.s.w.s.m.m.a.HttpEntityMethodProcessor  : Using 'application/json', given [application/json, text/plain, */*] and supported [text/plain, */*, application/json, application/*+json, application/yaml, application/xml;charset=UTF-8, text/xml;charset=UTF-8, application/*+xml;charset=UTF-8]
2025-10-10T08:43:39.223-05:00 DEBUG 14708 --- [wms-backend] [http-nio-8080-exec-3] o.s.w.s.m.m.a.HttpEntityMethodProcessor  : Writing ["1.0.1.48"]
2025-10-10T08:43:39.223-05:00 DEBUG 14708 --- [wms-backend] [http-nio-8080-exec-3] o.s.web.servlet.DispatcherServlet        : Completed 200 OK
2025-10-10T08:43:49.211-05:00 DEBUG 14708 --- [wms-backend] [http-nio-8080-exec-4] o.s.web.servlet.DispatcherServlet        : GET "/general/version", parameters={}
2025-10-10T08:43:49.213-05:00 DEBUG 14708 --- [wms-backend] [http-nio-8080-exec-4] s.w.s.m.m.a.RequestMappingHandlerMapping : Mapped to com.woden.wms_backend.controllers.WmsWdGeneral.VersionController#getVersion()
2025-10-10T08:43:49.213-05:00 DEBUG 14708 --- [wms-backend] [http-nio-8080-exec-4] o.s.w.s.m.m.a.HttpEntityMethodProcessor  : Using 'application/json', given [application/json, text/plain, */*] and supported [text/plain, */*, application/json, application/*+json, application/yaml, application/xml;charset=UTF-8, text/xml;charset=UTF-8, application/*+xml;charset=UTF-8]
2025-10-10T08:43:49.213-05:00 DEBUG 14708 --- [wms-backend] [http-nio-8080-exec-4] o.s.w.s.m.m.a.HttpEntityMethodProcessor  : Writing ["1.0.1.48"]
2025-10-10T08:43:49.215-05:00 DEBUG 14708 --- [wms-backend] [http-nio-8080-exec-4] o.s.web.servlet.DispatcherServlet        : Completed 200 OK
2025-10-10T08:43:59.210-05:00 DEBUG 14708 --- [wms-backend] [http-nio-8080-exec-2] o.s.web.servlet.DispatcherServlet        : GET "/general/version", parameters={}
2025-10-10T08:43:59.210-05:00 DEBUG 14708 --- [wms-backend] [http-nio-8080-exec-2] s.w.s.m.m.a.RequestMappingHandlerMapping : Mapped to com.woden.wms_backend.controllers.WmsWdGeneral.VersionController#getVersion()
2025-10-10T08:43:59.210-05:00 DEBUG 14708 --- [wms-backend] [http-nio-8080-exec-2] o.s.w.s.m.m.a.HttpEntityMethodProcessor  : Using 'application/json', given [application/json, text/plain, */*] and supported [text/plain, */*, application/json, application/*+json, application/yaml, application/xml;charset=UTF-8, text/xml;charset=UTF-8, application/*+xml;charset=UTF-8]
2025-10-10T08:43:59.210-05:00 DEBUG 14708 --- [wms-backend] [http-nio-8080-exec-2] o.s.w.s.m.m.a.HttpEntityMethodProcessor  : Writing ["1.0.1.48"]
2025-10-10T08:43:59.210-05:00 DEBUG 14708 --- [wms-backend] [http-nio-8080-exec-2] o.s.web.servlet.DispatcherServlet        : Completed 200 OK
2025-10-10T08:44:09.225-05:00 DEBUG 14708 --- [wms-backend] [http-nio-8080-exec-6] o.s.web.servlet.DispatcherServlet        : GET "/general/version", parameters={}
2025-10-10T08:44:09.225-05:00 DEBUG 14708 --- [wms-backend] [http-nio-8080-exec-6] s.w.s.m.m.a.RequestMappingHandlerMapping : Mapped to com.woden.wms_backend.controllers.WmsWdGeneral.VersionController#getVersion()
2025-10-10T08:44:09.225-05:00 DEBUG 14708 --- [wms-backend] [http-nio-8080-exec-6] o.s.w.s.m.m.a.HttpEntityMethodProcessor  : Using 'application/json', given [application/json, text/plain, */*] and supported [text/plain, */*, application/json, application/*+json, application/yaml, application/xml;charset=UTF-8, text/xml;charset=UTF-8, application/*+xml;charset=UTF-8]
2025-10-10T08:44:09.226-05:00 DEBUG 14708 --- [wms-backend] [http-nio-8080-exec-6] o.s.w.s.m.m.a.HttpEntityMethodProcessor  : Writing ["1.0.1.48"]
2025-10-10T08:44:09.226-05:00 DEBUG 14708 --- [wms-backend] [http-nio-8080-exec-6] o.s.web.servlet.DispatcherServlet        : Completed 200 OK
2025-10-10T08:44:19.219-05:00 DEBUG 14708 --- [wms-backend] [http-nio-8080-exec-1] o.s.web.servlet.DispatcherServlet        : GET "/general/version", parameters={}
2025-10-10T08:44:19.220-05:00 DEBUG 14708 --- [wms-backend] [http-nio-8080-exec-1] s.w.s.m.m.a.RequestMappingHandlerMapping : Mapped to com.woden.wms_backend.controllers.WmsWdGeneral.VersionController#getVersion()
2025-10-10T08:44:19.220-05:00 DEBUG 14708 --- [wms-backend] [http-nio-8080-exec-1] o.s.w.s.m.m.a.HttpEntityMethodProcessor  : Using 'application/json', given [application/json, text/plain, */*] and supported [text/plain, */*, application/json, application/*+json, application/yaml, application/xml;charset=UTF-8, text/xml;charset=UTF-8, application/*+xml;charset=UTF-8]
2025-10-10T08:44:19.220-05:00 DEBUG 14708 --- [wms-backend] [http-nio-8080-exec-1] o.s.w.s.m.m.a.HttpEntityMethodProcessor  : Writing ["1.0.1.48"]
2025-10-10T08:44:19.222-05:00 DEBUG 14708 --- [wms-backend] [http-nio-8080-exec-1] o.s.web.servlet.DispatcherServlet        : Completed 200 OK
2025-10-10T08:45:22.226-05:00 DEBUG 14708 --- [wms-backend] [http-nio-8080-exec-10] o.s.web.servlet.DispatcherServlet        : GET "/general/version", parameters={}
2025-10-10T08:45:22.227-05:00 DEBUG 14708 --- [wms-backend] [http-nio-8080-exec-10] s.w.s.m.m.a.RequestMappingHandlerMapping : Mapped to com.woden.wms_backend.controllers.WmsWdGeneral.VersionController#getVersion()
2025-10-10T08:45:22.227-05:00 DEBUG 14708 --- [wms-backend] [http-nio-8080-exec-10] o.s.w.s.m.m.a.HttpEntityMethodProcessor  : Using 'application/json', given [application/json, text/plain, */*] and supported [text/plain, */*, application/json, application/*+json, application/yaml, application/xml;charset=UTF-8, text/xml;charset=UTF-8, application/*+xml;charset=UTF-8]
2025-10-10T08:45:22.227-05:00 DEBUG 14708 --- [wms-backend] [http-nio-8080-exec-10] o.s.w.s.m.m.a.HttpEntityMethodProcessor  : Writing ["1.0.1.48"]
2025-10-10T08:45:22.229-05:00 DEBUG 14708 --- [wms-backend] [http-nio-8080-exec-10] o.s.web.servlet.DispatcherServlet        : Completed 200 OK
2025-10-10T08:46:22.224-05:00 DEBUG 14708 --- [wms-backend] [http-nio-8080-exec-5] o.s.web.servlet.DispatcherServlet        : GET "/general/version", parameters={}
2025-10-10T08:46:22.224-05:00 DEBUG 14708 --- [wms-backend] [http-nio-8080-exec-5] s.w.s.m.m.a.RequestMappingHandlerMapping : Mapped to com.woden.wms_backend.controllers.WmsWdGeneral.VersionController#getVersion()
2025-10-10T08:46:22.226-05:00 DEBUG 14708 --- [wms-backend] [http-nio-8080-exec-5] o.s.w.s.m.m.a.HttpEntityMethodProcessor  : Using 'application/json', given [application/json, text/plain, */*] and supported [text/plain, */*, application/json, application/*+json, application/yaml, application/xml;charset=UTF-8, text/xml;charset=UTF-8, application/*+xml;charset=UTF-8]
2025-10-10T08:46:22.226-05:00 DEBUG 14708 --- [wms-backend] [http-nio-8080-exec-5] o.s.w.s.m.m.a.HttpEntityMethodProcessor  : Writing ["1.0.1.48"]
2025-10-10T08:46:22.227-05:00 DEBUG 14708 --- [wms-backend] [http-nio-8080-exec-5] o.s.web.servlet.DispatcherServlet        : Completed 200 OK
2025-10-10T08:47:22.263-05:00 DEBUG 14708 --- [wms-backend] [http-nio-8080-exec-7] o.s.web.servlet.DispatcherServlet        : GET "/general/version", parameters={}
2025-10-10T08:47:22.263-05:00 DEBUG 14708 --- [wms-backend] [http-nio-8080-exec-7] s.w.s.m.m.a.RequestMappingHandlerMapping : Mapped to com.woden.wms_backend.controllers.WmsWdGeneral.VersionController#getVersion()
2025-10-10T08:47:22.264-05:00 DEBUG 14708 --- [wms-backend] [http-nio-8080-exec-7] o.s.w.s.m.m.a.HttpEntityMethodProcessor  : Using 'application/json', given [application/json, text/plain, */*] and supported [text/plain, */*, application/json, application/*+json, application/yaml, application/xml;charset=UTF-8, text/xml;charset=UTF-8, application/*+xml;charset=UTF-8]
2025-10-10T08:47:22.264-05:00 DEBUG 14708 --- [wms-backend] [http-nio-8080-exec-7] o.s.w.s.m.m.a.HttpEntityMethodProcessor  : Writing ["1.0.1.48"]
2025-10-10T08:47:22.265-05:00 DEBUG 14708 --- [wms-backend] [http-nio-8080-exec-7] o.s.web.servlet.DispatcherServlet        : Completed 200 OK
2025-10-10T08:48:20.017-05:00 DEBUG 14708 --- [wms-backend] [http-nio-8080-exec-9] o.s.web.servlet.DispatcherServlet        : GET "/general/version", parameters={}
2025-10-10T08:48:20.018-05:00 DEBUG 14708 --- [wms-backend] [http-nio-8080-exec-9] s.w.s.m.m.a.RequestMappingHandlerMapping : Mapped to com.woden.wms_backend.controllers.WmsWdGeneral.VersionController#getVersion()
2025-10-10T08:48:20.021-05:00 DEBUG 14708 --- [wms-backend] [http-nio-8080-exec-9] o.s.w.s.m.m.a.HttpEntityMethodProcessor  : Using 'application/json', given [application/json, text/plain, */*] and supported [text/plain, */*, application/json, application/*+json, application/yaml, application/xml;charset=UTF-8, text/xml;charset=UTF-8, application/*+xml;charset=UTF-8]
2025-10-10T08:48:20.022-05:00 DEBUG 14708 --- [wms-backend] [http-nio-8080-exec-9] o.s.w.s.m.m.a.HttpEntityMethodProcessor  : Writing ["1.0.1.48"]
2025-10-10T08:48:20.060-05:00 DEBUG 14708 --- [wms-backend] [http-nio-8080-exec-9] o.s.web.servlet.DispatcherServlet        : Completed 200 OK
2025-10-10T08:48:28.722-05:00 DEBUG 14708 --- [wms-backend] [http-nio-8080-exec-3] o.s.web.servlet.DispatcherServlet        : GET "/general/version", parameters={}
2025-10-10T08:48:28.722-05:00 DEBUG 14708 --- [wms-backend] [http-nio-8080-exec-3] s.w.s.m.m.a.RequestMappingHandlerMapping : Mapped to com.woden.wms_backend.controllers.WmsWdGeneral.VersionController#getVersion()
2025-10-10T08:48:28.723-05:00 DEBUG 14708 --- [wms-backend] [http-nio-8080-exec-3] o.s.w.s.m.m.a.HttpEntityMethodProcessor  : Using 'application/json', given [application/json, text/plain, */*] and supported [text/plain, */*, application/json, application/*+json, application/yaml, application/xml;charset=UTF-8, text/xml;charset=UTF-8, application/*+xml;charset=UTF-8]
2025-10-10T08:48:28.723-05:00 DEBUG 14708 --- [wms-backend] [http-nio-8080-exec-3] o.s.w.s.m.m.a.HttpEntityMethodProcessor  : Writing ["1.0.1.48"]
2025-10-10T08:48:28.724-05:00 DEBUG 14708 --- [wms-backend] [http-nio-8080-exec-3] o.s.web.servlet.DispatcherServlet        : Completed 200 OK
2025-10-10T08:48:39.211-05:00 DEBUG 14708 --- [wms-backend] [http-nio-8080-exec-4] o.s.web.servlet.DispatcherServlet        : GET "/general/version", parameters={}
2025-10-10T08:48:39.211-05:00 DEBUG 14708 --- [wms-backend] [http-nio-8080-exec-4] s.w.s.m.m.a.RequestMappingHandlerMapping : Mapped to com.woden.wms_backend.controllers.WmsWdGeneral.VersionController#getVersion()
2025-10-10T08:48:39.212-05:00 DEBUG 14708 --- [wms-backend] [http-nio-8080-exec-4] o.s.w.s.m.m.a.HttpEntityMethodProcessor  : Using 'application/json', given [application/json, text/plain, */*] and supported [text/plain, */*, application/json, application/*+json, application/yaml, application/xml;charset=UTF-8, text/xml;charset=UTF-8, application/*+xml;charset=UTF-8]
2025-10-10T08:48:39.213-05:00 DEBUG 14708 --- [wms-backend] [http-nio-8080-exec-4] o.s.w.s.m.m.a.HttpEntityMethodProcessor  : Writing ["1.0.1.48"]
2025-10-10T08:48:39.251-05:00 DEBUG 14708 --- [wms-backend] [http-nio-8080-exec-4] o.s.web.servlet.DispatcherServlet        : Completed 200 OK
2025-10-10T08:48:49.210-05:00 DEBUG 14708 --- [wms-backend] [http-nio-8080-exec-2] o.s.web.servlet.DispatcherServlet        : GET "/general/version", parameters={}
2025-10-10T08:48:49.210-05:00 DEBUG 14708 --- [wms-backend] [http-nio-8080-exec-2] s.w.s.m.m.a.RequestMappingHandlerMapping : Mapped to com.woden.wms_backend.controllers.WmsWdGeneral.VersionController#getVersion()
2025-10-10T08:48:49.211-05:00 DEBUG 14708 --- [wms-backend] [http-nio-8080-exec-2] o.s.w.s.m.m.a.HttpEntityMethodProcessor  : Using 'application/json', given [application/json, text/plain, */*] and supported [text/plain, */*, application/json, application/*+json, application/yaml, application/xml;charset=UTF-8, text/xml;charset=UTF-8, application/*+xml;charset=UTF-8]
2025-10-10T08:48:49.211-05:00 DEBUG 14708 --- [wms-backend] [http-nio-8080-exec-2] o.s.w.s.m.m.a.HttpEntityMethodProcessor  : Writing ["1.0.1.48"]
2025-10-10T08:48:49.211-05:00 DEBUG 14708 --- [wms-backend] [http-nio-8080-exec-2] o.s.web.servlet.DispatcherServlet        : Completed 200 OK
2025-10-10T08:48:59.252-05:00 DEBUG 14708 --- [wms-backend] [http-nio-8080-exec-6] o.s.web.servlet.DispatcherServlet        : GET "/general/version", parameters={}
2025-10-10T08:48:59.253-05:00 DEBUG 14708 --- [wms-backend] [http-nio-8080-exec-6] s.w.s.m.m.a.RequestMappingHandlerMapping : Mapped to com.woden.wms_backend.controllers.WmsWdGeneral.VersionController#getVersion()
2025-10-10T08:48:59.253-05:00 DEBUG 14708 --- [wms-backend] [http-nio-8080-exec-6] o.s.w.s.m.m.a.HttpEntityMethodProcessor  : Using 'application/json', given [application/json, text/plain, */*] and supported [text/plain, */*, application/json, application/*+json, application/yaml, application/xml;charset=UTF-8, text/xml;charset=UTF-8, application/*+xml;charset=UTF-8]
2025-10-10T08:48:59.255-05:00 DEBUG 14708 --- [wms-backend] [http-nio-8080-exec-6] o.s.w.s.m.m.a.HttpEntityMethodProcessor  : Writing ["1.0.1.48"]
2025-10-10T08:48:59.255-05:00 DEBUG 14708 --- [wms-backend] [http-nio-8080-exec-6] o.s.web.servlet.DispatcherServlet        : Completed 200 OK
2025-10-10T08:49:09.211-05:00 DEBUG 14708 --- [wms-backend] [http-nio-8080-exec-1] o.s.web.servlet.DispatcherServlet        : GET "/general/version", parameters={}
2025-10-10T08:49:09.211-05:00 DEBUG 14708 --- [wms-backend] [http-nio-8080-exec-1] s.w.s.m.m.a.RequestMappingHandlerMapping : Mapped to com.woden.wms_backend.controllers.WmsWdGeneral.VersionController#getVersion()
2025-10-10T08:49:09.211-05:00 DEBUG 14708 --- [wms-backend] [http-nio-8080-exec-1] o.s.w.s.m.m.a.HttpEntityMethodProcessor  : Using 'application/json', given [application/json, text/plain, */*] and supported [text/plain, */*, application/json, application/*+json, application/yaml, application/xml;charset=UTF-8, text/xml;charset=UTF-8, application/*+xml;charset=UTF-8]
2025-10-10T08:49:09.211-05:00 DEBUG 14708 --- [wms-backend] [http-nio-8080-exec-1] o.s.w.s.m.m.a.HttpEntityMethodProcessor  : Writing ["1.0.1.48"]
2025-10-10T08:49:09.211-05:00 DEBUG 14708 --- [wms-backend] [http-nio-8080-exec-1] o.s.web.servlet.DispatcherServlet        : Completed 200 OK
2025-10-10T08:49:19.223-05:00 DEBUG 14708 --- [wms-backend] [http-nio-8080-exec-8] o.s.web.servlet.DispatcherServlet        : GET "/general/version", parameters={}
2025-10-10T08:49:19.223-05:00 DEBUG 14708 --- [wms-backend] [http-nio-8080-exec-8] s.w.s.m.m.a.RequestMappingHandlerMapping : Mapped to com.woden.wms_backend.controllers.WmsWdGeneral.VersionController#getVersion()
2025-10-10T08:49:19.223-05:00 DEBUG 14708 --- [wms-backend] [http-nio-8080-exec-8] o.s.w.s.m.m.a.HttpEntityMethodProcessor  : Using 'application/json', given [application/json, text/plain, */*] and supported [text/plain, */*, application/json, application/*+json, application/yaml, application/xml;charset=UTF-8, text/xml;charset=UTF-8, application/*+xml;charset=UTF-8]
2025-10-10T08:49:19.225-05:00 DEBUG 14708 --- [wms-backend] [http-nio-8080-exec-8] o.s.w.s.m.m.a.HttpEntityMethodProcessor  : Writing ["1.0.1.48"]
2025-10-10T08:49:19.226-05:00 DEBUG 14708 --- [wms-backend] [http-nio-8080-exec-8] o.s.web.servlet.DispatcherServlet        : Completed 200 OK
2025-10-10T08:49:29.222-05:00 DEBUG 14708 --- [wms-backend] [http-nio-8080-exec-10] o.s.web.servlet.DispatcherServlet        : GET "/general/version", parameters={}
2025-10-10T08:49:29.223-05:00 DEBUG 14708 --- [wms-backend] [http-nio-8080-exec-10] s.w.s.m.m.a.RequestMappingHandlerMapping : Mapped to com.woden.wms_backend.controllers.WmsWdGeneral.VersionController#getVersion()
2025-10-10T08:49:29.224-05:00 DEBUG 14708 --- [wms-backend] [http-nio-8080-exec-10] o.s.w.s.m.m.a.HttpEntityMethodProcessor  : Using 'application/json', given [application/json, text/plain, */*] and supported [text/plain, */*, application/json, application/*+json, application/yaml, application/xml;charset=UTF-8, text/xml;charset=UTF-8, application/*+xml;charset=UTF-8]
2025-10-10T08:49:29.224-05:00 DEBUG 14708 --- [wms-backend] [http-nio-8080-exec-10] o.s.w.s.m.m.a.HttpEntityMethodProcessor  : Writing ["1.0.1.48"]
2025-10-10T08:49:29.225-05:00 DEBUG 14708 --- [wms-backend] [http-nio-8080-exec-10] o.s.web.servlet.DispatcherServlet        : Completed 200 OK
2025-10-10T08:50:22.229-05:00 DEBUG 14708 --- [wms-backend] [http-nio-8080-exec-5] o.s.web.servlet.DispatcherServlet        : GET "/general/version", parameters={}
2025-10-10T08:50:22.230-05:00 DEBUG 14708 --- [wms-backend] [http-nio-8080-exec-5] s.w.s.m.m.a.RequestMappingHandlerMapping : Mapped to com.woden.wms_backend.controllers.WmsWdGeneral.VersionController#getVersion()
2025-10-10T08:50:22.231-05:00 DEBUG 14708 --- [wms-backend] [http-nio-8080-exec-5] o.s.w.s.m.m.a.HttpEntityMethodProcessor  : Using 'application/json', given [application/json, text/plain, */*] and supported [text/plain, */*, application/json, application/*+json, application/yaml, application/xml;charset=UTF-8, text/xml;charset=UTF-8, application/*+xml;charset=UTF-8]
2025-10-10T08:50:22.231-05:00 DEBUG 14708 --- [wms-backend] [http-nio-8080-exec-5] o.s.w.s.m.m.a.HttpEntityMethodProcessor  : Writing ["1.0.1.48"]
2025-10-10T08:50:22.232-05:00 DEBUG 14708 --- [wms-backend] [http-nio-8080-exec-5] o.s.web.servlet.DispatcherServlet        : Completed 200 OK
2025-10-10T08:51:22.214-05:00 DEBUG 14708 --- [wms-backend] [http-nio-8080-exec-7] o.s.web.servlet.DispatcherServlet        : GET "/general/version", parameters={}
2025-10-10T08:51:22.215-05:00 DEBUG 14708 --- [wms-backend] [http-nio-8080-exec-7] s.w.s.m.m.a.RequestMappingHandlerMapping : Mapped to com.woden.wms_backend.controllers.WmsWdGeneral.VersionController#getVersion()
2025-10-10T08:51:22.215-05:00 DEBUG 14708 --- [wms-backend] [http-nio-8080-exec-7] o.s.w.s.m.m.a.HttpEntityMethodProcessor  : Using 'application/json', given [application/json, text/plain, */*] and supported [text/plain, */*, application/json, application/*+json, application/yaml, application/xml;charset=UTF-8, text/xml;charset=UTF-8, application/*+xml;charset=UTF-8]
2025-10-10T08:51:22.215-05:00 DEBUG 14708 --- [wms-backend] [http-nio-8080-exec-7] o.s.w.s.m.m.a.HttpEntityMethodProcessor  : Writing ["1.0.1.48"]
2025-10-10T08:51:22.216-05:00 DEBUG 14708 --- [wms-backend] [http-nio-8080-exec-7] o.s.web.servlet.DispatcherServlet        : Completed 200 OK
2025-10-10T08:52:22.256-05:00 DEBUG 14708 --- [wms-backend] [http-nio-8080-exec-9] o.s.web.servlet.DispatcherServlet        : GET "/general/version", parameters={}
2025-10-10T08:52:22.256-05:00 DEBUG 14708 --- [wms-backend] [http-nio-8080-exec-9] s.w.s.m.m.a.RequestMappingHandlerMapping : Mapped to com.woden.wms_backend.controllers.WmsWdGeneral.VersionController#getVersion()
2025-10-10T08:52:22.257-05:00 DEBUG 14708 --- [wms-backend] [http-nio-8080-exec-9] o.s.w.s.m.m.a.HttpEntityMethodProcessor  : Using 'application/json', given [application/json, text/plain, */*] and supported [text/plain, */*, application/json, application/*+json, application/yaml, application/xml;charset=UTF-8, text/xml;charset=UTF-8, application/*+xml;charset=UTF-8]
2025-10-10T08:52:22.257-05:00 DEBUG 14708 --- [wms-backend] [http-nio-8080-exec-9] o.s.w.s.m.m.a.HttpEntityMethodProcessor  : Writing ["1.0.1.48"]
2025-10-10T08:52:22.257-05:00 DEBUG 14708 --- [wms-backend] [http-nio-8080-exec-9] o.s.web.servlet.DispatcherServlet        : Completed 200 OK
2025-10-10T08:52:32.810-05:00 DEBUG 14708 --- [wms-backend] [http-nio-8080-exec-3] o.s.web.servlet.DispatcherServlet        : GET "/general/version", parameters={}
2025-10-10T08:52:32.810-05:00 DEBUG 14708 --- [wms-backend] [http-nio-8080-exec-3] s.w.s.m.m.a.RequestMappingHandlerMapping : Mapped to com.woden.wms_backend.controllers.WmsWdGeneral.VersionController#getVersion()
2025-10-10T08:52:32.811-05:00 DEBUG 14708 --- [wms-backend] [http-nio-8080-exec-3] o.s.w.s.m.m.a.HttpEntityMethodProcessor  : Using 'application/json', given [application/json, text/plain, */*] and supported [text/plain, */*, application/json, application/*+json, application/yaml, application/xml;charset=UTF-8, text/xml;charset=UTF-8, application/*+xml;charset=UTF-8]
2025-10-10T08:52:32.811-05:00 DEBUG 14708 --- [wms-backend] [http-nio-8080-exec-3] o.s.w.s.m.m.a.HttpEntityMethodProcessor  : Writing ["1.0.1.48"]
2025-10-10T08:52:32.828-05:00 DEBUG 14708 --- [wms-backend] [http-nio-8080-exec-3] o.s.web.servlet.DispatcherServlet        : Completed 200 OK
2025-10-10T08:52:39.225-05:00 DEBUG 14708 --- [wms-backend] [http-nio-8080-exec-4] o.s.web.servlet.DispatcherServlet        : GET "/general/version", parameters={}
2025-10-10T08:52:39.225-05:00 DEBUG 14708 --- [wms-backend] [http-nio-8080-exec-4] s.w.s.m.m.a.RequestMappingHandlerMapping : Mapped to com.woden.wms_backend.controllers.WmsWdGeneral.VersionController#getVersion()
2025-10-10T08:52:39.226-05:00 DEBUG 14708 --- [wms-backend] [http-nio-8080-exec-4] o.s.w.s.m.m.a.HttpEntityMethodProcessor  : Using 'application/json', given [application/json, text/plain, */*] and supported [text/plain, */*, application/json, application/*+json, application/yaml, application/xml;charset=UTF-8, text/xml;charset=UTF-8, application/*+xml;charset=UTF-8]
2025-10-10T08:52:39.226-05:00 DEBUG 14708 --- [wms-backend] [http-nio-8080-exec-4] o.s.w.s.m.m.a.HttpEntityMethodProcessor  : Writing ["1.0.1.48"]
2025-10-10T08:52:39.227-05:00 DEBUG 14708 --- [wms-backend] [http-nio-8080-exec-4] o.s.web.servlet.DispatcherServlet        : Completed 200 OK
2025-10-10T08:52:49.224-05:00 DEBUG 14708 --- [wms-backend] [http-nio-8080-exec-2] o.s.web.servlet.DispatcherServlet        : GET "/general/version", parameters={}
2025-10-10T08:52:49.224-05:00 DEBUG 14708 --- [wms-backend] [http-nio-8080-exec-2] s.w.s.m.m.a.RequestMappingHandlerMapping : Mapped to com.woden.wms_backend.controllers.WmsWdGeneral.VersionController#getVersion()
2025-10-10T08:52:49.225-05:00 DEBUG 14708 --- [wms-backend] [http-nio-8080-exec-2] o.s.w.s.m.m.a.HttpEntityMethodProcessor  : Using 'application/json', given [application/json, text/plain, */*] and supported [text/plain, */*, application/json, application/*+json, application/yaml, application/xml;charset=UTF-8, text/xml;charset=UTF-8, application/*+xml;charset=UTF-8]
2025-10-10T08:52:49.225-05:00 DEBUG 14708 --- [wms-backend] [http-nio-8080-exec-2] o.s.w.s.m.m.a.HttpEntityMethodProcessor  : Writing ["1.0.1.48"]
2025-10-10T08:52:49.226-05:00 DEBUG 14708 --- [wms-backend] [http-nio-8080-exec-2] o.s.web.servlet.DispatcherServlet        : Completed 200 OK
2025-10-10T08:52:59.218-05:00 DEBUG 14708 --- [wms-backend] [http-nio-8080-exec-6] o.s.web.servlet.DispatcherServlet        : GET "/general/version", parameters={}
2025-10-10T08:52:59.218-05:00 DEBUG 14708 --- [wms-backend] [http-nio-8080-exec-6] s.w.s.m.m.a.RequestMappingHandlerMapping : Mapped to com.woden.wms_backend.controllers.WmsWdGeneral.VersionController#getVersion()
2025-10-10T08:52:59.219-05:00 DEBUG 14708 --- [wms-backend] [http-nio-8080-exec-6] o.s.w.s.m.m.a.HttpEntityMethodProcessor  : Using 'application/json', given [application/json, text/plain, */*] and supported [text/plain, */*, application/json, application/*+json, application/yaml, application/xml;charset=UTF-8, text/xml;charset=UTF-8, application/*+xml;charset=UTF-8]
2025-10-10T08:52:59.219-05:00 DEBUG 14708 --- [wms-backend] [http-nio-8080-exec-6] o.s.w.s.m.m.a.HttpEntityMethodProcessor  : Writing ["1.0.1.48"]
2025-10-10T08:52:59.220-05:00 DEBUG 14708 --- [wms-backend] [http-nio-8080-exec-6] o.s.web.servlet.DispatcherServlet        : Completed 200 OK
2025-10-10T08:53:08.691-05:00 DEBUG 14708 --- [wms-backend] [http-nio-8080-exec-1] o.s.web.servlet.DispatcherServlet        : GET "/general/version", parameters={}
2025-10-10T08:53:08.691-05:00 DEBUG 14708 --- [wms-backend] [http-nio-8080-exec-1] s.w.s.m.m.a.RequestMappingHandlerMapping : Mapped to com.woden.wms_backend.controllers.WmsWdGeneral.VersionController#getVersion()
2025-10-10T08:53:08.693-05:00 DEBUG 14708 --- [wms-backend] [http-nio-8080-exec-1] o.s.w.s.m.m.a.HttpEntityMethodProcessor  : Using 'application/json', given [application/json, text/plain, */*] and supported [text/plain, */*, application/json, application/*+json, application/yaml, application/xml;charset=UTF-8, text/xml;charset=UTF-8, application/*+xml;charset=UTF-8]
2025-10-10T08:53:08.693-05:00 DEBUG 14708 --- [wms-backend] [http-nio-8080-exec-1] o.s.w.s.m.m.a.HttpEntityMethodProcessor  : Writing ["1.0.1.48"]
2025-10-10T08:53:08.693-05:00 DEBUG 14708 --- [wms-backend] [http-nio-8080-exec-1] o.s.web.servlet.DispatcherServlet        : Completed 200 OK
2025-10-10T08:53:19.218-05:00 DEBUG 14708 --- [wms-backend] [http-nio-8080-exec-10] o.s.web.servlet.DispatcherServlet        : GET "/general/version", parameters={}
2025-10-10T08:53:19.218-05:00 DEBUG 14708 --- [wms-backend] [http-nio-8080-exec-10] s.w.s.m.m.a.RequestMappingHandlerMapping : Mapped to com.woden.wms_backend.controllers.WmsWdGeneral.VersionController#getVersion()
2025-10-10T08:53:19.219-05:00 DEBUG 14708 --- [wms-backend] [http-nio-8080-exec-10] o.s.w.s.m.m.a.HttpEntityMethodProcessor  : Using 'application/json', given [application/json, text/plain, */*] and supported [text/plain, */*, application/json, application/*+json, application/yaml, application/xml;charset=UTF-8, text/xml;charset=UTF-8, application/*+xml;charset=UTF-8]
2025-10-10T08:53:19.219-05:00 DEBUG 14708 --- [wms-backend] [http-nio-8080-exec-10] o.s.w.s.m.m.a.HttpEntityMethodProcessor  : Writing ["1.0.1.48"]
2025-10-10T08:53:19.220-05:00 DEBUG 14708 --- [wms-backend] [http-nio-8080-exec-10] o.s.web.servlet.DispatcherServlet        : Completed 200 OK
2025-10-10T08:53:29.225-05:00 DEBUG 14708 --- [wms-backend] [http-nio-8080-exec-5] o.s.web.servlet.DispatcherServlet        : GET "/general/version", parameters={}
2025-10-10T08:53:29.226-05:00 DEBUG 14708 --- [wms-backend] [http-nio-8080-exec-5] s.w.s.m.m.a.RequestMappingHandlerMapping : Mapped to com.woden.wms_backend.controllers.WmsWdGeneral.VersionController#getVersion()
2025-10-10T08:53:29.227-05:00 DEBUG 14708 --- [wms-backend] [http-nio-8080-exec-5] o.s.w.s.m.m.a.HttpEntityMethodProcessor  : Using 'application/json', given [application/json, text/plain, */*] and supported [text/plain, */*, application/json, application/*+json, application/yaml, application/xml;charset=UTF-8, text/xml;charset=UTF-8, application/*+xml;charset=UTF-8]
2025-10-10T08:53:29.227-05:00 DEBUG 14708 --- [wms-backend] [http-nio-8080-exec-5] o.s.w.s.m.m.a.HttpEntityMethodProcessor  : Writing ["1.0.1.48"]
2025-10-10T08:53:29.228-05:00 DEBUG 14708 --- [wms-backend] [http-nio-8080-exec-5] o.s.web.servlet.DispatcherServlet        : Completed 200 OK
2025-10-10T08:53:39.216-05:00 DEBUG 14708 --- [wms-backend] [http-nio-8080-exec-7] o.s.web.servlet.DispatcherServlet        : GET "/general/version", parameters={}
2025-10-10T08:53:39.216-05:00 DEBUG 14708 --- [wms-backend] [http-nio-8080-exec-7] s.w.s.m.m.a.RequestMappingHandlerMapping : Mapped to com.woden.wms_backend.controllers.WmsWdGeneral.VersionController#getVersion()
2025-10-10T08:53:39.217-05:00 DEBUG 14708 --- [wms-backend] [http-nio-8080-exec-7] o.s.w.s.m.m.a.HttpEntityMethodProcessor  : Using 'application/json', given [application/json, text/plain, */*] and supported [text/plain, */*, application/json, application/*+json, application/yaml, application/xml;charset=UTF-8, text/xml;charset=UTF-8, application/*+xml;charset=UTF-8]
2025-10-10T08:53:39.217-05:00 DEBUG 14708 --- [wms-backend] [http-nio-8080-exec-7] o.s.w.s.m.m.a.HttpEntityMethodProcessor  : Writing ["1.0.1.48"]
2025-10-10T08:53:39.218-05:00 DEBUG 14708 --- [wms-backend] [http-nio-8080-exec-7] o.s.web.servlet.DispatcherServlet        : Completed 200 OK
2025-10-10T08:53:49.220-05:00 DEBUG 14708 --- [wms-backend] [http-nio-8080-exec-9] o.s.web.servlet.DispatcherServlet        : GET "/general/version", parameters={}
2025-10-10T08:53:49.220-05:00 DEBUG 14708 --- [wms-backend] [http-nio-8080-exec-9] s.w.s.m.m.a.RequestMappingHandlerMapping : Mapped to com.woden.wms_backend.controllers.WmsWdGeneral.VersionController#getVersion()
2025-10-10T08:53:49.221-05:00 DEBUG 14708 --- [wms-backend] [http-nio-8080-exec-9] o.s.w.s.m.m.a.HttpEntityMethodProcessor  : Using 'application/json', given [application/json, text/plain, */*] and supported [text/plain, */*, application/json, application/*+json, application/yaml, application/xml;charset=UTF-8, text/xml;charset=UTF-8, application/*+xml;charset=UTF-8]
2025-10-10T08:53:49.221-05:00 DEBUG 14708 --- [wms-backend] [http-nio-8080-exec-9] o.s.w.s.m.m.a.HttpEntityMethodProcessor  : Writing ["1.0.1.48"]
2025-10-10T08:53:49.249-05:00 DEBUG 14708 --- [wms-backend] [http-nio-8080-exec-9] o.s.web.servlet.DispatcherServlet        : Completed 200 OK
2025-10-10T08:53:59.215-05:00 DEBUG 14708 --- [wms-backend] [http-nio-8080-exec-3] o.s.web.servlet.DispatcherServlet        : GET "/general/version", parameters={}
2025-10-10T08:53:59.215-05:00 DEBUG 14708 --- [wms-backend] [http-nio-8080-exec-3] s.w.s.m.m.a.RequestMappingHandlerMapping : Mapped to com.woden.wms_backend.controllers.WmsWdGeneral.VersionController#getVersion()
2025-10-10T08:53:59.217-05:00 DEBUG 14708 --- [wms-backend] [http-nio-8080-exec-3] o.s.w.s.m.m.a.HttpEntityMethodProcessor  : Using 'application/json', given [application/json, text/plain, */*] and supported [text/plain, */*, application/json, application/*+json, application/yaml, application/xml;charset=UTF-8, text/xml;charset=UTF-8, application/*+xml;charset=UTF-8]
2025-10-10T08:53:59.217-05:00 DEBUG 14708 --- [wms-backend] [http-nio-8080-exec-3] o.s.w.s.m.m.a.HttpEntityMethodProcessor  : Writing ["1.0.1.48"]
2025-10-10T08:53:59.218-05:00 DEBUG 14708 --- [wms-backend] [http-nio-8080-exec-3] o.s.web.servlet.DispatcherServlet        : Completed 200 OK
2025-10-10T08:54:09.221-05:00 DEBUG 14708 --- [wms-backend] [http-nio-8080-exec-4] o.s.web.servlet.DispatcherServlet        : GET "/general/version", parameters={}
2025-10-10T08:54:09.221-05:00 DEBUG 14708 --- [wms-backend] [http-nio-8080-exec-4] s.w.s.m.m.a.RequestMappingHandlerMapping : Mapped to com.woden.wms_backend.controllers.WmsWdGeneral.VersionController#getVersion()
2025-10-10T08:54:09.221-05:00 DEBUG 14708 --- [wms-backend] [http-nio-8080-exec-4] o.s.w.s.m.m.a.HttpEntityMethodProcessor  : Using 'application/json', given [application/json, text/plain, */*] and supported [text/plain, */*, application/json, application/*+json, application/yaml, application/xml;charset=UTF-8, text/xml;charset=UTF-8, application/*+xml;charset=UTF-8]
2025-10-10T08:54:09.221-05:00 DEBUG 14708 --- [wms-backend] [http-nio-8080-exec-4] o.s.w.s.m.m.a.HttpEntityMethodProcessor  : Writing ["1.0.1.48"]
2025-10-10T08:54:09.222-05:00 DEBUG 14708 --- [wms-backend] [http-nio-8080-exec-4] o.s.web.servlet.DispatcherServlet        : Completed 200 OK
2025-10-10T08:54:22.213-05:00 DEBUG 14708 --- [wms-backend] [http-nio-8080-exec-2] o.s.web.servlet.DispatcherServlet        : GET "/general/version", parameters={}
2025-10-10T08:54:22.213-05:00 DEBUG 14708 --- [wms-backend] [http-nio-8080-exec-2] s.w.s.m.m.a.RequestMappingHandlerMapping : Mapped to com.woden.wms_backend.controllers.WmsWdGeneral.VersionController#getVersion()
2025-10-10T08:54:22.214-05:00 DEBUG 14708 --- [wms-backend] [http-nio-8080-exec-2] o.s.w.s.m.m.a.HttpEntityMethodProcessor  : Using 'application/json', given [application/json, text/plain, */*] and supported [text/plain, */*, application/json, application/*+json, application/yaml, application/xml;charset=UTF-8, text/xml;charset=UTF-8, application/*+xml;charset=UTF-8]
2025-10-10T08:54:22.214-05:00 DEBUG 14708 --- [wms-backend] [http-nio-8080-exec-2] o.s.w.s.m.m.a.HttpEntityMethodProcessor  : Writing ["1.0.1.48"]
2025-10-10T08:54:22.216-05:00 DEBUG 14708 --- [wms-backend] [http-nio-8080-exec-2] o.s.web.servlet.DispatcherServlet        : Completed 200 OK
2025-10-10T08:55:06.307-05:00 DEBUG 14708 --- [wms-backend] [http-nio-8080-exec-6] o.s.web.servlet.DispatcherServlet        : GET "/general/version", parameters={}
2025-10-10T08:55:06.308-05:00 DEBUG 14708 --- [wms-backend] [http-nio-8080-exec-6] s.w.s.m.m.a.RequestMappingHandlerMapping : Mapped to com.woden.wms_backend.controllers.WmsWdGeneral.VersionController#getVersion()
2025-10-10T08:55:06.309-05:00 DEBUG 14708 --- [wms-backend] [http-nio-8080-exec-6] o.s.w.s.m.m.a.HttpEntityMethodProcessor  : Using 'application/json', given [application/json, text/plain, */*] and supported [text/plain, */*, application/json, application/*+json, application/yaml, application/xml;charset=UTF-8, text/xml;charset=UTF-8, application/*+xml;charset=UTF-8]
2025-10-10T08:55:06.309-05:00 DEBUG 14708 --- [wms-backend] [http-nio-8080-exec-6] o.s.w.s.m.m.a.HttpEntityMethodProcessor  : Writing ["1.0.1.48"]
2025-10-10T08:55:06.309-05:00 DEBUG 14708 --- [wms-backend] [http-nio-8080-exec-6] o.s.web.servlet.DispatcherServlet        : Completed 200 OK
2025-10-10T08:55:09.213-05:00 DEBUG 14708 --- [wms-backend] [http-nio-8080-exec-1] o.s.web.servlet.DispatcherServlet        : GET "/general/version", parameters={}
2025-10-10T08:55:09.214-05:00 DEBUG 14708 --- [wms-backend] [http-nio-8080-exec-1] s.w.s.m.m.a.RequestMappingHandlerMapping : Mapped to com.woden.wms_backend.controllers.WmsWdGeneral.VersionController#getVersion()
2025-10-10T08:55:09.214-05:00 DEBUG 14708 --- [wms-backend] [http-nio-8080-exec-1] o.s.w.s.m.m.a.HttpEntityMethodProcessor  : Using 'application/json', given [application/json, text/plain, */*] and supported [text/plain, */*, application/json, application/*+json, application/yaml, application/xml;charset=UTF-8, text/xml;charset=UTF-8, application/*+xml;charset=UTF-8]
2025-10-10T08:55:09.214-05:00 DEBUG 14708 --- [wms-backend] [http-nio-8080-exec-1] o.s.w.s.m.m.a.HttpEntityMethodProcessor  : Writing ["1.0.1.48"]
2025-10-10T08:55:09.214-05:00 DEBUG 14708 --- [wms-backend] [http-nio-8080-exec-1] o.s.web.servlet.DispatcherServlet        : Completed 200 OK
2025-10-10T08:55:19.221-05:00 DEBUG 14708 --- [wms-backend] [http-nio-8080-exec-8] o.s.web.servlet.DispatcherServlet        : GET "/general/version", parameters={}
2025-10-10T08:55:19.221-05:00 DEBUG 14708 --- [wms-backend] [http-nio-8080-exec-8] s.w.s.m.m.a.RequestMappingHandlerMapping : Mapped to com.woden.wms_backend.controllers.WmsWdGeneral.VersionController#getVersion()
2025-10-10T08:55:19.221-05:00 DEBUG 14708 --- [wms-backend] [http-nio-8080-exec-8] o.s.w.s.m.m.a.HttpEntityMethodProcessor  : Using 'application/json', given [application/json, text/plain, */*] and supported [text/plain, */*, application/json, application/*+json, application/yaml, application/xml;charset=UTF-8, text/xml;charset=UTF-8, application/*+xml;charset=UTF-8]
2025-10-10T08:55:19.223-05:00 DEBUG 14708 --- [wms-backend] [http-nio-8080-exec-8] o.s.w.s.m.m.a.HttpEntityMethodProcessor  : Writing ["1.0.1.48"]
2025-10-10T08:55:19.224-05:00 DEBUG 14708 --- [wms-backend] [http-nio-8080-exec-8] o.s.web.servlet.DispatcherServlet        : Completed 200 OK
2025-10-10T08:55:28.700-05:00 DEBUG 14708 --- [wms-backend] [http-nio-8080-exec-10] o.s.web.servlet.DispatcherServlet        : GET "/general/version", parameters={}
2025-10-10T08:55:28.700-05:00 DEBUG 14708 --- [wms-backend] [http-nio-8080-exec-10] s.w.s.m.m.a.RequestMappingHandlerMapping : Mapped to com.woden.wms_backend.controllers.WmsWdGeneral.VersionController#getVersion()
2025-10-10T08:55:28.700-05:00 DEBUG 14708 --- [wms-backend] [http-nio-8080-exec-10] o.s.w.s.m.m.a.HttpEntityMethodProcessor  : Using 'application/json', given [application/json, text/plain, */*] and supported [text/plain, */*, application/json, application/*+json, application/yaml, application/xml;charset=UTF-8, text/xml;charset=UTF-8, application/*+xml;charset=UTF-8]
2025-10-10T08:55:28.700-05:00 DEBUG 14708 --- [wms-backend] [http-nio-8080-exec-10] o.s.w.s.m.m.a.HttpEntityMethodProcessor  : Writing ["1.0.1.48"]
2025-10-10T08:55:28.701-05:00 DEBUG 14708 --- [wms-backend] [http-nio-8080-exec-10] o.s.web.servlet.DispatcherServlet        : Completed 200 OK
2025-10-10T08:55:38.694-05:00 DEBUG 14708 --- [wms-backend] [http-nio-8080-exec-5] o.s.web.servlet.DispatcherServlet        : GET "/general/version", parameters={}
2025-10-10T08:55:38.694-05:00 DEBUG 14708 --- [wms-backend] [http-nio-8080-exec-5] s.w.s.m.m.a.RequestMappingHandlerMapping : Mapped to com.woden.wms_backend.controllers.WmsWdGeneral.VersionController#getVersion()
2025-10-10T08:55:38.694-05:00 DEBUG 14708 --- [wms-backend] [http-nio-8080-exec-5] o.s.w.s.m.m.a.HttpEntityMethodProcessor  : Using 'application/json', given [application/json, text/plain, */*] and supported [text/plain, */*, application/json, application/*+json, application/yaml, application/xml;charset=UTF-8, text/xml;charset=UTF-8, application/*+xml;charset=UTF-8]
2025-10-10T08:55:38.695-05:00 DEBUG 14708 --- [wms-backend] [http-nio-8080-exec-5] o.s.w.s.m.m.a.HttpEntityMethodProcessor  : Writing ["1.0.1.48"]
2025-10-10T08:55:38.695-05:00 DEBUG 14708 --- [wms-backend] [http-nio-8080-exec-5] o.s.web.servlet.DispatcherServlet        : Completed 200 OK
2025-10-10T08:55:48.693-05:00 DEBUG 14708 --- [wms-backend] [http-nio-8080-exec-7] o.s.web.servlet.DispatcherServlet        : GET "/general/version", parameters={}
2025-10-10T08:55:48.695-05:00 DEBUG 14708 --- [wms-backend] [http-nio-8080-exec-7] s.w.s.m.m.a.RequestMappingHandlerMapping : Mapped to com.woden.wms_backend.controllers.WmsWdGeneral.VersionController#getVersion()
2025-10-10T08:55:48.695-05:00 DEBUG 14708 --- [wms-backend] [http-nio-8080-exec-7] o.s.w.s.m.m.a.HttpEntityMethodProcessor  : Using 'application/json', given [application/json, text/plain, */*] and supported [text/plain, */*, application/json, application/*+json, application/yaml, application/xml;charset=UTF-8, text/xml;charset=UTF-8, application/*+xml;charset=UTF-8]
2025-10-10T08:55:48.695-05:00 DEBUG 14708 --- [wms-backend] [http-nio-8080-exec-7] o.s.w.s.m.m.a.HttpEntityMethodProcessor  : Writing ["1.0.1.48"]
2025-10-10T08:55:48.696-05:00 DEBUG 14708 --- [wms-backend] [http-nio-8080-exec-7] o.s.web.servlet.DispatcherServlet        : Completed 200 OK
2025-10-10T08:55:58.692-05:00 DEBUG 14708 --- [wms-backend] [http-nio-8080-exec-9] o.s.web.servlet.DispatcherServlet        : GET "/general/version", parameters={}
2025-10-10T08:55:58.692-05:00 DEBUG 14708 --- [wms-backend] [http-nio-8080-exec-9] s.w.s.m.m.a.RequestMappingHandlerMapping : Mapped to com.woden.wms_backend.controllers.WmsWdGeneral.VersionController#getVersion()
2025-10-10T08:55:58.693-05:00 DEBUG 14708 --- [wms-backend] [http-nio-8080-exec-9] o.s.w.s.m.m.a.HttpEntityMethodProcessor  : Using 'application/json', given [application/json, text/plain, */*] and supported [text/plain, */*, application/json, application/*+json, application/yaml, application/xml;charset=UTF-8, text/xml;charset=UTF-8, application/*+xml;charset=UTF-8]
2025-10-10T08:55:58.693-05:00 DEBUG 14708 --- [wms-backend] [http-nio-8080-exec-9] o.s.w.s.m.m.a.HttpEntityMethodProcessor  : Writing ["1.0.1.48"]
2025-10-10T08:55:58.694-05:00 DEBUG 14708 --- [wms-backend] [http-nio-8080-exec-9] o.s.web.servlet.DispatcherServlet        : Completed 200 OK
2025-10-10T08:56:08.698-05:00 DEBUG 14708 --- [wms-backend] [http-nio-8080-exec-3] o.s.web.servlet.DispatcherServlet        : GET "/general/version", parameters={}
2025-10-10T08:56:08.698-05:00 DEBUG 14708 --- [wms-backend] [http-nio-8080-exec-3] s.w.s.m.m.a.RequestMappingHandlerMapping : Mapped to com.woden.wms_backend.controllers.WmsWdGeneral.VersionController#getVersion()
2025-10-10T08:56:08.698-05:00 DEBUG 14708 --- [wms-backend] [http-nio-8080-exec-3] o.s.w.s.m.m.a.HttpEntityMethodProcessor  : Using 'application/json', given [application/json, text/plain, */*] and supported [text/plain, */*, application/json, application/*+json, application/yaml, application/xml;charset=UTF-8, text/xml;charset=UTF-8, application/*+xml;charset=UTF-8]
2025-10-10T08:56:08.698-05:00 DEBUG 14708 --- [wms-backend] [http-nio-8080-exec-3] o.s.w.s.m.m.a.HttpEntityMethodProcessor  : Writing ["1.0.1.48"]
2025-10-10T08:56:08.699-05:00 DEBUG 14708 --- [wms-backend] [http-nio-8080-exec-3] o.s.web.servlet.DispatcherServlet        : Completed 200 OK
2025-10-10T08:56:18.694-05:00 DEBUG 14708 --- [wms-backend] [http-nio-8080-exec-4] o.s.web.servlet.DispatcherServlet        : GET "/general/version", parameters={}
2025-10-10T08:56:18.694-05:00 DEBUG 14708 --- [wms-backend] [http-nio-8080-exec-4] s.w.s.m.m.a.RequestMappingHandlerMapping : Mapped to com.woden.wms_backend.controllers.WmsWdGeneral.VersionController#getVersion()
2025-10-10T08:56:18.694-05:00 DEBUG 14708 --- [wms-backend] [http-nio-8080-exec-4] o.s.w.s.m.m.a.HttpEntityMethodProcessor  : Using 'application/json', given [application/json, text/plain, */*] and supported [text/plain, */*, application/json, application/*+json, application/yaml, application/xml;charset=UTF-8, text/xml;charset=UTF-8, application/*+xml;charset=UTF-8]
2025-10-10T08:56:18.695-05:00 DEBUG 14708 --- [wms-backend] [http-nio-8080-exec-4] o.s.w.s.m.m.a.HttpEntityMethodProcessor  : Writing ["1.0.1.48"]
2025-10-10T08:56:18.695-05:00 DEBUG 14708 --- [wms-backend] [http-nio-8080-exec-4] o.s.web.servlet.DispatcherServlet        : Completed 200 OK
2025-10-10T08:56:28.695-05:00 DEBUG 14708 --- [wms-backend] [http-nio-8080-exec-2] o.s.web.servlet.DispatcherServlet        : GET "/general/version", parameters={}
2025-10-10T08:56:28.695-05:00 DEBUG 14708 --- [wms-backend] [http-nio-8080-exec-2] s.w.s.m.m.a.RequestMappingHandlerMapping : Mapped to com.woden.wms_backend.controllers.WmsWdGeneral.VersionController#getVersion()
2025-10-10T08:56:28.695-05:00 DEBUG 14708 --- [wms-backend] [http-nio-8080-exec-2] o.s.w.s.m.m.a.HttpEntityMethodProcessor  : Using 'application/json', given [application/json, text/plain, */*] and supported [text/plain, */*, application/json, application/*+json, application/yaml, application/xml;charset=UTF-8, text/xml;charset=UTF-8, application/*+xml;charset=UTF-8]
2025-10-10T08:56:28.695-05:00 DEBUG 14708 --- [wms-backend] [http-nio-8080-exec-2] o.s.w.s.m.m.a.HttpEntityMethodProcessor  : Writing ["1.0.1.48"]
2025-10-10T08:56:28.696-05:00 DEBUG 14708 --- [wms-backend] [http-nio-8080-exec-2] o.s.web.servlet.DispatcherServlet        : Completed 200 OK
2025-10-10T08:56:38.691-05:00 DEBUG 14708 --- [wms-backend] [http-nio-8080-exec-6] o.s.web.servlet.DispatcherServlet        : GET "/general/version", parameters={}
2025-10-10T08:56:38.691-05:00 DEBUG 14708 --- [wms-backend] [http-nio-8080-exec-6] s.w.s.m.m.a.RequestMappingHandlerMapping : Mapped to com.woden.wms_backend.controllers.WmsWdGeneral.VersionController#getVersion()
2025-10-10T08:56:38.693-05:00 DEBUG 14708 --- [wms-backend] [http-nio-8080-exec-6] o.s.w.s.m.m.a.HttpEntityMethodProcessor  : Using 'application/json', given [application/json, text/plain, */*] and supported [text/plain, */*, application/json, application/*+json, application/yaml, application/xml;charset=UTF-8, text/xml;charset=UTF-8, application/*+xml;charset=UTF-8]
2025-10-10T08:56:38.693-05:00 DEBUG 14708 --- [wms-backend] [http-nio-8080-exec-6] o.s.w.s.m.m.a.HttpEntityMethodProcessor  : Writing ["1.0.1.48"]
2025-10-10T08:56:38.693-05:00 DEBUG 14708 --- [wms-backend] [http-nio-8080-exec-6] o.s.web.servlet.DispatcherServlet        : Completed 200 OK
2025-10-10T08:56:47.484-05:00 DEBUG 14708 --- [wms-backend] [http-nio-8080-exec-8] o.s.web.servlet.DispatcherServlet        : POST "/client/accesorio/updatePackingBatch", parameters={}
2025-10-10T08:56:47.484-05:00 DEBUG 14708 --- [wms-backend] [http-nio-8080-exec-8] s.w.s.m.m.a.RequestMappingHandlerMapping : Mapped to com.woden.wms_backend.controllers.ClientesControllers.AccesorioController#updatePackingBatch(List)
2025-10-10T08:56:47.488-05:00 DEBUG 14708 --- [wms-backend] [http-nio-8080-exec-8] m.m.a.RequestResponseBodyMethodProcessor : Read "application/json;charset=UTF-8" to [[[Ljava.lang.String;@526b2e50, [Ljava.lang.String;@396eec3c]]
2025-10-10T08:56:48.625-05:00 DEBUG 14708 --- [wms-backend] [http-nio-8080-exec-8] o.s.w.s.m.m.a.HttpEntityMethodProcessor  : Using 'application/json', given [application/json, text/plain, */*] and supported [application/json, application/*+json, application/yaml, application/xml;charset=UTF-8, text/xml;charset=UTF-8, application/*+xml;charset=UTF-8]
2025-10-10T08:56:48.625-05:00 DEBUG 14708 --- [wms-backend] [http-nio-8080-exec-8] o.s.w.s.m.m.a.HttpEntityMethodProcessor  : Writing [0]
2025-10-10T08:56:48.626-05:00 DEBUG 14708 --- [wms-backend] [http-nio-8080-exec-8] o.s.web.servlet.DispatcherServlet        : Completed 200 OK
2025-10-10T08:56:48.691-05:00 DEBUG 14708 --- [wms-backend] [http-nio-8080-exec-10] o.s.web.servlet.DispatcherServlet        : GET "/general/version", parameters={}
2025-10-10T08:56:48.691-05:00 DEBUG 14708 --- [wms-backend] [http-nio-8080-exec-10] s.w.s.m.m.a.RequestMappingHandlerMapping : Mapped to com.woden.wms_backend.controllers.WmsWdGeneral.VersionController#getVersion()
2025-10-10T08:56:48.692-05:00 DEBUG 14708 --- [wms-backend] [http-nio-8080-exec-10] o.s.w.s.m.m.a.HttpEntityMethodProcessor  : Using 'application/json', given [application/json, text/plain, */*] and supported [text/plain, */*, application/json, application/*+json, application/yaml, application/xml;charset=UTF-8, text/xml;charset=UTF-8, application/*+xml;charset=UTF-8]
2025-10-10T08:56:48.692-05:00 DEBUG 14708 --- [wms-backend] [http-nio-8080-exec-10] o.s.w.s.m.m.a.HttpEntityMethodProcessor  : Writing ["1.0.1.48"]
2025-10-10T08:56:48.692-05:00 DEBUG 14708 --- [wms-backend] [http-nio-8080-exec-10] o.s.web.servlet.DispatcherServlet        : Completed 200 OK
2025-10-10T08:56:49.607-05:00 DEBUG 14708 --- [wms-backend] [http-nio-8080-exec-9] o.s.web.servlet.DispatcherServlet        : GET "/client/accesorio/searchPackingCodigoSapAccesory?estado=EMPAQUE&palletId=674&codigoSapId=20", parameters={masked}
2025-10-10T08:56:49.607-05:00 DEBUG 14708 --- [wms-backend] [http-nio-8080-exec-9] s.w.s.m.m.a.RequestMappingHandlerMapping : Mapped to com.woden.wms_backend.controllers.ClientesControllers.AccesorioController#searchPackingCodigoSapAccesory(String, Integer, Integer)
2025-10-10T08:56:49.609-05:00 DEBUG 14708 --- [wms-backend] [http-nio-8080-exec-3] o.s.web.servlet.DispatcherServlet        : GET "/client/accesorio/searchPackingCodigoSapAccesory?estado=EMPACADO&palletId=674&codigoSapId=20", parameters={masked}
2025-10-10T08:56:49.609-05:00 DEBUG 14708 --- [wms-backend] [http-nio-8080-exec-3] s.w.s.m.m.a.RequestMappingHandlerMapping : Mapped to com.woden.wms_backend.controllers.ClientesControllers.AccesorioController#searchPackingCodigoSapAccesory(String, Integer, Integer)
2025-10-10T08:56:49.855-05:00 DEBUG 14708 --- [wms-backend] [http-nio-8080-exec-9] o.s.w.s.m.m.a.HttpEntityMethodProcessor  : Using 'application/json', given [application/json, text/plain, */*] and supported [application/json, application/*+json, application/yaml, application/xml;charset=UTF-8, text/xml;charset=UTF-8, application/*+xml;charset=UTF-8]
2025-10-10T08:56:49.855-05:00 DEBUG 14708 --- [wms-backend] [http-nio-8080-exec-3] o.s.w.s.m.m.a.HttpEntityMethodProcessor  : Using 'application/json', given [application/json, text/plain, */*] and supported [application/json, application/*+json, application/yaml, application/xml;charset=UTF-8, text/xml;charset=UTF-8, application/*+xml;charset=UTF-8]
2025-10-10T08:56:49.855-05:00 DEBUG 14708 --- [wms-backend] [http-nio-8080-exec-9] o.s.w.s.m.m.a.HttpEntityMethodProcessor  : Writing [[{descripcion=CABLE HDMI JUMPER, codigo=ACC0000540, reacondicionados=13, nuevos=0, familia=CABLE}, { (truncated)...]
2025-10-10T08:56:49.855-05:00 DEBUG 14708 --- [wms-backend] [http-nio-8080-exec-3] o.s.w.s.m.m.a.HttpEntityMethodProcessor  : Writing [[{descripcion=REMOTE CONTROL DTH, codigo=06010740002, reacondicionados=0, nuevos=1, familia=CONTROL} (truncated)...]
2025-10-10T08:56:49.857-05:00 DEBUG 14708 --- [wms-backend] [http-nio-8080-exec-9] o.s.web.servlet.DispatcherServlet        : Completed 200 OK
2025-10-10T08:56:49.858-05:00 DEBUG 14708 --- [wms-backend] [http-nio-8080-exec-3] o.s.web.servlet.DispatcherServlet        : Completed 200 OK
2025-10-10T08:56:49.877-05:00 DEBUG 14708 --- [wms-backend] [http-nio-8080-exec-10] o.s.web.servlet.DispatcherServlet        : GET "/client/accesorio/getPackedAccesoriesSerials?codigoSap=06010740002&tipoAccesorio=reacondicionado&palletId=674", parameters={masked}
2025-10-10T08:56:49.877-05:00 DEBUG 14708 --- [wms-backend] [http-nio-8080-exec-6] o.s.web.servlet.DispatcherServlet        : GET "/client/accesorio/getPackedAccesoriesSerials?codigoSap=06010740002&tipoAccesorio=nuevo&palletId=674", parameters={masked}
2025-10-10T08:56:49.877-05:00 DEBUG 14708 --- [wms-backend] [http-nio-8080-exec-6] s.w.s.m.m.a.RequestMappingHandlerMapping : Mapped to com.woden.wms_backend.controllers.ClientesControllers.AccesorioController#getPackedAccesoriesSerials(String, String, Integer)
2025-10-10T08:56:49.877-05:00 DEBUG 14708 --- [wms-backend] [http-nio-8080-exec-10] s.w.s.m.m.a.RequestMappingHandlerMapping : Mapped to com.woden.wms_backend.controllers.ClientesControllers.AccesorioController#getPackedAccesoriesSerials(String, String, Integer)
2025-10-10T08:56:49.880-05:00 DEBUG 14708 --- [wms-backend] [http-nio-8080-exec-9] o.s.web.servlet.DispatcherServlet        : GET "/client/accesorio/getPackedAccesoriesSerials?codigoSap=ACC0000540&tipoAccesorio=reacondicionado&palletId=674", parameters={masked}
2025-10-10T08:56:49.880-05:00 DEBUG 14708 --- [wms-backend] [http-nio-8080-exec-9] s.w.s.m.m.a.RequestMappingHandlerMapping : Mapped to com.woden.wms_backend.controllers.ClientesControllers.AccesorioController#getPackedAccesoriesSerials(String, String, Integer)
2025-10-10T08:56:49.880-05:00 DEBUG 14708 --- [wms-backend] [http-nio-8080-exec-4] o.s.web.servlet.DispatcherServlet        : GET "/client/accesorio/getPackedAccesoriesSerials?codigoSap=HME0004232&tipoAccesorio=reacondicionado&palletId=674", parameters={masked}
2025-10-10T08:56:49.880-05:00 DEBUG 14708 --- [wms-backend] [http-nio-8080-exec-3] o.s.web.servlet.DispatcherServlet        : GET "/client/accesorio/getPackedAccesoriesSerials?codigoSap=ACC0000540&tipoAccesorio=nuevo&palletId=674", parameters={masked}
2025-10-10T08:56:49.880-05:00 DEBUG 14708 --- [wms-backend] [http-nio-8080-exec-4] s.w.s.m.m.a.RequestMappingHandlerMapping : Mapped to com.woden.wms_backend.controllers.ClientesControllers.AccesorioController#getPackedAccesoriesSerials(String, String, Integer)
2025-10-10T08:56:49.880-05:00 DEBUG 14708 --- [wms-backend] [http-nio-8080-exec-3] s.w.s.m.m.a.RequestMappingHandlerMapping : Mapped to com.woden.wms_backend.controllers.ClientesControllers.AccesorioController#getPackedAccesoriesSerials(String, String, Integer)
2025-10-10T08:56:49.881-05:00 DEBUG 14708 --- [wms-backend] [http-nio-8080-exec-2] o.s.web.servlet.DispatcherServlet        : GET "/client/accesorio/getPackedAccesoriesSerials?codigoSap=HME0004232&tipoAccesorio=nuevo&palletId=674", parameters={masked}
2025-10-10T08:56:49.881-05:00 DEBUG 14708 --- [wms-backend] [http-nio-8080-exec-2] s.w.s.m.m.a.RequestMappingHandlerMapping : Mapped to com.woden.wms_backend.controllers.ClientesControllers.AccesorioController#getPackedAccesoriesSerials(String, String, Integer)
2025-10-10T08:56:50.033-05:00 DEBUG 14708 --- [wms-backend] [http-nio-8080-exec-10] o.s.w.s.m.m.a.HttpEntityMethodProcessor  : Using 'application/json', given [application/json, text/plain, */*] and supported [application/json, application/*+json, application/yaml, application/xml;charset=UTF-8, text/xml;charset=UTF-8, application/*+xml;charset=UTF-8]
2025-10-10T08:56:50.033-05:00 DEBUG 14708 --- [wms-backend] [http-nio-8080-exec-6] o.s.w.s.m.m.a.HttpEntityMethodProcessor  : Using 'application/json', given [application/json, text/plain, */*] and supported [application/json, application/*+json, application/yaml, application/xml;charset=UTF-8, text/xml;charset=UTF-8, application/*+xml;charset=UTF-8]
2025-10-10T08:56:50.033-05:00 DEBUG 14708 --- [wms-backend] [http-nio-8080-exec-10] o.s.w.s.m.m.a.HttpEntityMethodProcessor  : Writing [0]
2025-10-10T08:56:50.033-05:00 DEBUG 14708 --- [wms-backend] [http-nio-8080-exec-6] o.s.w.s.m.m.a.HttpEntityMethodProcessor  : Writing [0]
2025-10-10T08:56:50.035-05:00 DEBUG 14708 --- [wms-backend] [http-nio-8080-exec-6] o.s.web.servlet.DispatcherServlet        : Completed 200 OK
2025-10-10T08:56:50.035-05:00 DEBUG 14708 --- [wms-backend] [http-nio-8080-exec-10] o.s.web.servlet.DispatcherServlet        : Completed 200 OK
2025-10-10T08:56:50.144-05:00 DEBUG 14708 --- [wms-backend] [http-nio-8080-exec-9] o.s.w.s.m.m.a.HttpEntityMethodProcessor  : Using 'application/json', given [application/json, text/plain, */*] and supported [application/json, application/*+json, application/yaml, application/xml;charset=UTF-8, text/xml;charset=UTF-8, application/*+xml;charset=UTF-8]
2025-10-10T08:56:50.145-05:00 DEBUG 14708 --- [wms-backend] [http-nio-8080-exec-9] o.s.w.s.m.m.a.HttpEntityMethodProcessor  : Writing [0]
2025-10-10T08:56:50.145-05:00 DEBUG 14708 --- [wms-backend] [http-nio-8080-exec-4] o.s.w.s.m.m.a.HttpEntityMethodProcessor  : Using 'application/json', given [application/json, text/plain, */*] and supported [application/json, application/*+json, application/yaml, application/xml;charset=UTF-8, text/xml;charset=UTF-8, application/*+xml;charset=UTF-8]
2025-10-10T08:56:50.145-05:00 DEBUG 14708 --- [wms-backend] [http-nio-8080-exec-4] o.s.w.s.m.m.a.HttpEntityMethodProcessor  : Writing [0]
2025-10-10T08:56:50.146-05:00 DEBUG 14708 --- [wms-backend] [http-nio-8080-exec-9] o.s.web.servlet.DispatcherServlet        : Completed 200 OK
2025-10-10T08:56:50.146-05:00 DEBUG 14708 --- [wms-backend] [http-nio-8080-exec-4] o.s.web.servlet.DispatcherServlet        : Completed 200 OK
2025-10-10T08:56:50.259-05:00 DEBUG 14708 --- [wms-backend] [http-nio-8080-exec-3] o.s.w.s.m.m.a.HttpEntityMethodProcessor  : Using 'application/json', given [application/json, text/plain, */*] and supported [application/json, application/*+json, application/yaml, application/xml;charset=UTF-8, text/xml;charset=UTF-8, application/*+xml;charset=UTF-8]
2025-10-10T08:56:50.260-05:00 DEBUG 14708 --- [wms-backend] [http-nio-8080-exec-3] o.s.w.s.m.m.a.HttpEntityMethodProcessor  : Writing [0]
2025-10-10T08:56:50.261-05:00 DEBUG 14708 --- [wms-backend] [http-nio-8080-exec-3] o.s.web.servlet.DispatcherServlet        : Completed 200 OK
2025-10-10T08:56:50.265-05:00 DEBUG 14708 --- [wms-backend] [http-nio-8080-exec-2] o.s.w.s.m.m.a.HttpEntityMethodProcessor  : Using 'application/json', given [application/json, text/plain, */*] and supported [application/json, application/*+json, application/yaml, application/xml;charset=UTF-8, text/xml;charset=UTF-8, application/*+xml;charset=UTF-8]
2025-10-10T08:56:50.265-05:00 DEBUG 14708 --- [wms-backend] [http-nio-8080-exec-2] o.s.w.s.m.m.a.HttpEntityMethodProcessor  : Writing [0]
2025-10-10T08:56:50.265-05:00 DEBUG 14708 --- [wms-backend] [http-nio-8080-exec-2] o.s.web.servlet.DispatcherServlet        : Completed 200 OK
2025-10-10T08:56:58.687-05:00 DEBUG 14708 --- [wms-backend] [http-nio-8080-exec-8] o.s.web.servlet.DispatcherServlet        : GET "/general/version", parameters={}
2025-10-10T08:56:58.688-05:00 DEBUG 14708 --- [wms-backend] [http-nio-8080-exec-8] s.w.s.m.m.a.RequestMappingHandlerMapping : Mapped to com.woden.wms_backend.controllers.WmsWdGeneral.VersionController#getVersion()
2025-10-10T08:56:58.689-05:00 DEBUG 14708 --- [wms-backend] [http-nio-8080-exec-8] o.s.w.s.m.m.a.HttpEntityMethodProcessor  : Using 'application/json', given [application/json, text/plain, */*] and supported [text/plain, */*, application/json, application/*+json, application/yaml, application/xml;charset=UTF-8, text/xml;charset=UTF-8, application/*+xml;charset=UTF-8]
2025-10-10T08:56:58.689-05:00 DEBUG 14708 --- [wms-backend] [http-nio-8080-exec-8] o.s.w.s.m.m.a.HttpEntityMethodProcessor  : Writing ["1.0.1.48"]
2025-10-10T08:56:58.689-05:00 DEBUG 14708 --- [wms-backend] [http-nio-8080-exec-8] o.s.web.servlet.DispatcherServlet        : Completed 200 OK
2025-10-10T08:56:59.169-05:00 DEBUG 14708 --- [wms-backend] [http-nio-8080-exec-7] o.s.web.servlet.DispatcherServlet        : POST "/client/accesorio/updatePackingBatch", parameters={}
2025-10-10T08:56:59.169-05:00 DEBUG 14708 --- [wms-backend] [http-nio-8080-exec-7] s.w.s.m.m.a.RequestMappingHandlerMapping : Mapped to com.woden.wms_backend.controllers.ClientesControllers.AccesorioController#updatePackingBatch(List)
2025-10-10T08:56:59.170-05:00 DEBUG 14708 --- [wms-backend] [http-nio-8080-exec-7] m.m.a.RequestResponseBodyMethodProcessor : Read "application/json;charset=UTF-8" to [[[Ljava.lang.String;@6c76edfa, [Ljava.lang.String;@376c0f92, [Ljava.lang.String;@375108d0]]
2025-10-10T08:57:00.764-05:00 DEBUG 14708 --- [wms-backend] [http-nio-8080-exec-7] o.s.w.s.m.m.a.HttpEntityMethodProcessor  : Using 'application/json', given [application/json, text/plain, */*] and supported [application/json, application/*+json, application/yaml, application/xml;charset=UTF-8, text/xml;charset=UTF-8, application/*+xml;charset=UTF-8]
2025-10-10T08:57:00.765-05:00 DEBUG 14708 --- [wms-backend] [http-nio-8080-exec-7] o.s.w.s.m.m.a.HttpEntityMethodProcessor  : Writing [1]
2025-10-10T08:57:00.765-05:00 DEBUG 14708 --- [wms-backend] [http-nio-8080-exec-7] o.s.web.servlet.DispatcherServlet        : Completed 200 OK
2025-10-10T08:57:00.778-05:00 DEBUG 14708 --- [wms-backend] [http-nio-8080-exec-9] o.s.web.servlet.DispatcherServlet        : GET "/client/accesorio/searchPackingCodigoSapAccesory?estado=EMPACADO&palletId=674&codigoSapId=20", parameters={masked}
2025-10-10T08:57:00.778-05:00 DEBUG 14708 --- [wms-backend] [http-nio-8080-exec-10] o.s.web.servlet.DispatcherServlet        : GET "/client/accesorio/searchPackingCodigoSapAccesory?estado=EMPAQUE&palletId=674&codigoSapId=20", parameters={masked}
2025-10-10T08:57:00.778-05:00 DEBUG 14708 --- [wms-backend] [http-nio-8080-exec-10] s.w.s.m.m.a.RequestMappingHandlerMapping : Mapped to com.woden.wms_backend.controllers.ClientesControllers.AccesorioController#searchPackingCodigoSapAccesory(String, Integer, Integer)
2025-10-10T08:57:00.778-05:00 DEBUG 14708 --- [wms-backend] [http-nio-8080-exec-9] s.w.s.m.m.a.RequestMappingHandlerMapping : Mapped to com.woden.wms_backend.controllers.ClientesControllers.AccesorioController#searchPackingCodigoSapAccesory(String, Integer, Integer)
2025-10-10T08:57:00.904-05:00 DEBUG 14708 --- [wms-backend] [http-nio-8080-exec-10] o.s.w.s.m.m.a.HttpEntityMethodProcessor  : Using 'application/json', given [application/json, text/plain, */*] and supported [application/json, application/*+json, application/yaml, application/xml;charset=UTF-8, text/xml;charset=UTF-8, application/*+xml;charset=UTF-8]
2025-10-10T08:57:00.904-05:00 DEBUG 14708 --- [wms-backend] [http-nio-8080-exec-10] o.s.w.s.m.m.a.HttpEntityMethodProcessor  : Writing [[{descripcion=CABLE HDMI JUMPER, codigo=ACC0000540, reacondicionados=13, nuevos=0, familia=CABLE}, { (truncated)...]
2025-10-10T08:57:00.906-05:00 DEBUG 14708 --- [wms-backend] [http-nio-8080-exec-10] o.s.web.servlet.DispatcherServlet        : Completed 200 OK
2025-10-10T08:57:01.081-05:00 DEBUG 14708 --- [wms-backend] [http-nio-8080-exec-9] o.s.w.s.m.m.a.HttpEntityMethodProcessor  : Using 'application/json', given [application/json, text/plain, */*] and supported [application/json, application/*+json, application/yaml, application/xml;charset=UTF-8, text/xml;charset=UTF-8, application/*+xml;charset=UTF-8]
2025-10-10T08:57:01.081-05:00 DEBUG 14708 --- [wms-backend] [http-nio-8080-exec-9] o.s.w.s.m.m.a.HttpEntityMethodProcessor  : Writing [[{descripcion=REMOTE CONTROL DTH, codigo=06010740002, reacondicionados=0, nuevos=1, familia=CONTROL} (truncated)...]
2025-10-10T08:57:01.083-05:00 DEBUG 14708 --- [wms-backend] [http-nio-8080-exec-9] o.s.web.servlet.DispatcherServlet        : Completed 200 OK
2025-10-10T08:57:01.100-05:00 DEBUG 14708 --- [wms-backend] [http-nio-8080-exec-9] o.s.web.servlet.DispatcherServlet        : GET "/client/accesorio/getPackedAccesoriesSerials?codigoSap=ACC0000540&tipoAccesorio=nuevo&palletId=674", parameters={masked}
2025-10-10T08:57:01.100-05:00 DEBUG 14708 --- [wms-backend] [http-nio-8080-exec-10] o.s.web.servlet.DispatcherServlet        : GET "/client/accesorio/getPackedAccesoriesSerials?codigoSap=06010740002&tipoAccesorio=nuevo&palletId=674", parameters={masked}
2025-10-10T08:57:01.101-05:00 DEBUG 14708 --- [wms-backend] [http-nio-8080-exec-10] s.w.s.m.m.a.RequestMappingHandlerMapping : Mapped to com.woden.wms_backend.controllers.ClientesControllers.AccesorioController#getPackedAccesoriesSerials(String, String, Integer)
2025-10-10T08:57:01.101-05:00 DEBUG 14708 --- [wms-backend] [http-nio-8080-exec-9] s.w.s.m.m.a.RequestMappingHandlerMapping : Mapped to com.woden.wms_backend.controllers.ClientesControllers.AccesorioController#getPackedAccesoriesSerials(String, String, Integer)
2025-10-10T08:57:01.101-05:00 DEBUG 14708 --- [wms-backend] [http-nio-8080-exec-5] o.s.web.servlet.DispatcherServlet        : GET "/client/accesorio/getPackedAccesoriesSerials?codigoSap=ACC0000540&tipoAccesorio=reacondicionado&palletId=674", parameters={masked}
2025-10-10T08:57:01.101-05:00 DEBUG 14708 --- [wms-backend] [http-nio-8080-exec-5] s.w.s.m.m.a.RequestMappingHandlerMapping : Mapped to com.woden.wms_backend.controllers.ClientesControllers.AccesorioController#getPackedAccesoriesSerials(String, String, Integer)
2025-10-10T08:57:01.102-05:00 DEBUG 14708 --- [wms-backend] [http-nio-8080-exec-2] o.s.web.servlet.DispatcherServlet        : GET "/client/accesorio/getPackedAccesoriesSerials?codigoSap=06010740002&tipoAccesorio=reacondicionado&palletId=674", parameters={masked}
2025-10-10T08:57:01.102-05:00 DEBUG 14708 --- [wms-backend] [http-nio-8080-exec-2] s.w.s.m.m.a.RequestMappingHandlerMapping : Mapped to com.woden.wms_backend.controllers.ClientesControllers.AccesorioController#getPackedAccesoriesSerials(String, String, Integer)
2025-10-10T08:57:01.103-05:00 DEBUG 14708 --- [wms-backend] [http-nio-8080-exec-8] o.s.web.servlet.DispatcherServlet        : GET "/client/accesorio/getPackedAccesoriesSerials?codigoSap=HME0004232&tipoAccesorio=nuevo&palletId=674", parameters={masked}
2025-10-10T08:57:01.103-05:00 DEBUG 14708 --- [wms-backend] [http-nio-8080-exec-3] o.s.web.servlet.DispatcherServlet        : GET "/client/accesorio/getPackedAccesoriesSerials?codigoSap=HME0004232&tipoAccesorio=reacondicionado&palletId=674", parameters={masked}
2025-10-10T08:57:01.103-05:00 DEBUG 14708 --- [wms-backend] [http-nio-8080-exec-8] s.w.s.m.m.a.RequestMappingHandlerMapping : Mapped to com.woden.wms_backend.controllers.ClientesControllers.AccesorioController#getPackedAccesoriesSerials(String, String, Integer)
2025-10-10T08:57:01.103-05:00 DEBUG 14708 --- [wms-backend] [http-nio-8080-exec-3] s.w.s.m.m.a.RequestMappingHandlerMapping : Mapped to com.woden.wms_backend.controllers.ClientesControllers.AccesorioController#getPackedAccesoriesSerials(String, String, Integer)
2025-10-10T08:57:01.259-05:00 DEBUG 14708 --- [wms-backend] [http-nio-8080-exec-9] o.s.w.s.m.m.a.HttpEntityMethodProcessor  : Using 'application/json', given [application/json, text/plain, */*] and supported [application/json, application/*+json, application/yaml, application/xml;charset=UTF-8, text/xml;charset=UTF-8, application/*+xml;charset=UTF-8]
2025-10-10T08:57:01.259-05:00 DEBUG 14708 --- [wms-backend] [http-nio-8080-exec-2] o.s.w.s.m.m.a.HttpEntityMethodProcessor  : Using 'application/json', given [application/json, text/plain, */*] and supported [application/json, application/*+json, application/yaml, application/xml;charset=UTF-8, text/xml;charset=UTF-8, application/*+xml;charset=UTF-8]
2025-10-10T08:57:01.260-05:00 DEBUG 14708 --- [wms-backend] [http-nio-8080-exec-2] o.s.w.s.m.m.a.HttpEntityMethodProcessor  : Writing [0]
2025-10-10T08:57:01.260-05:00 DEBUG 14708 --- [wms-backend] [http-nio-8080-exec-9] o.s.w.s.m.m.a.HttpEntityMethodProcessor  : Writing [0]
2025-10-10T08:57:01.260-05:00 DEBUG 14708 --- [wms-backend] [http-nio-8080-exec-2] o.s.web.servlet.DispatcherServlet        : Completed 200 OK
2025-10-10T08:57:01.261-05:00 DEBUG 14708 --- [wms-backend] [http-nio-8080-exec-9] o.s.web.servlet.DispatcherServlet        : Completed 200 OK
2025-10-10T08:57:01.264-05:00 DEBUG 14708 --- [wms-backend] [http-nio-8080-exec-4] o.s.web.servlet.DispatcherServlet        : GET "/client/accesorio/getPackedAccesoriesSerials?codigoSap=HME0004237&tipoAccesorio=reacondicionado&palletId=674", parameters={masked}
2025-10-10T08:57:01.265-05:00 DEBUG 14708 --- [wms-backend] [http-nio-8080-exec-4] s.w.s.m.m.a.RequestMappingHandlerMapping : Mapped to com.woden.wms_backend.controllers.ClientesControllers.AccesorioController#getPackedAccesoriesSerials(String, String, Integer)
2025-10-10T08:57:01.265-05:00 DEBUG 14708 --- [wms-backend] [http-nio-8080-exec-7] o.s.web.servlet.DispatcherServlet        : GET "/client/accesorio/getPackedAccesoriesSerials?codigoSap=HME0004237&tipoAccesorio=nuevo&palletId=674", parameters={masked}
2025-10-10T08:57:01.265-05:00 DEBUG 14708 --- [wms-backend] [http-nio-8080-exec-7] s.w.s.m.m.a.RequestMappingHandlerMapping : Mapped to com.woden.wms_backend.controllers.ClientesControllers.AccesorioController#getPackedAccesoriesSerials(String, String, Integer)
2025-10-10T08:57:01.367-05:00 DEBUG 14708 --- [wms-backend] [http-nio-8080-exec-8] o.s.w.s.m.m.a.HttpEntityMethodProcessor  : Using 'application/json', given [application/json, text/plain, */*] and supported [application/json, application/*+json, application/yaml, application/xml;charset=UTF-8, text/xml;charset=UTF-8, application/*+xml;charset=UTF-8]
2025-10-10T08:57:01.367-05:00 DEBUG 14708 --- [wms-backend] [http-nio-8080-exec-8] o.s.w.s.m.m.a.HttpEntityMethodProcessor  : Writing [0]
2025-10-10T08:57:01.368-05:00 DEBUG 14708 --- [wms-backend] [http-nio-8080-exec-8] o.s.web.servlet.DispatcherServlet        : Completed 200 OK
2025-10-10T08:57:01.368-05:00 DEBUG 14708 --- [wms-backend] [http-nio-8080-exec-5] o.s.w.s.m.m.a.HttpEntityMethodProcessor  : Using 'application/json', given [application/json, text/plain, */*] and supported [application/json, application/*+json, application/yaml, application/xml;charset=UTF-8, text/xml;charset=UTF-8, application/*+xml;charset=UTF-8]
2025-10-10T08:57:01.368-05:00 DEBUG 14708 --- [wms-backend] [http-nio-8080-exec-5] o.s.w.s.m.m.a.HttpEntityMethodProcessor  : Writing [0]
2025-10-10T08:57:01.369-05:00 DEBUG 14708 --- [wms-backend] [http-nio-8080-exec-5] o.s.web.servlet.DispatcherServlet        : Completed 200 OK
2025-10-10T08:57:01.375-05:00 DEBUG 14708 --- [wms-backend] [http-nio-8080-exec-3] o.s.w.s.m.m.a.HttpEntityMethodProcessor  : Using 'application/json', given [application/json, text/plain, */*] and supported [application/json, application/*+json, application/yaml, application/xml;charset=UTF-8, text/xml;charset=UTF-8, application/*+xml;charset=UTF-8]
2025-10-10T08:57:01.375-05:00 DEBUG 14708 --- [wms-backend] [http-nio-8080-exec-3] o.s.w.s.m.m.a.HttpEntityMethodProcessor  : Writing [2]
2025-10-10T08:57:01.376-05:00 DEBUG 14708 --- [wms-backend] [http-nio-8080-exec-3] o.s.web.servlet.DispatcherServlet        : Completed 200 OK
2025-10-10T08:57:01.503-05:00 DEBUG 14708 --- [wms-backend] [http-nio-8080-exec-4] o.s.w.s.m.m.a.HttpEntityMethodProcessor  : Using 'application/json', given [application/json, text/plain, */*] and supported [application/json, application/*+json, application/yaml, application/xml;charset=UTF-8, text/xml;charset=UTF-8, application/*+xml;charset=UTF-8]
2025-10-10T08:57:01.503-05:00 DEBUG 14708 --- [wms-backend] [http-nio-8080-exec-4] o.s.w.s.m.m.a.HttpEntityMethodProcessor  : Writing [1]
2025-10-10T08:57:01.505-05:00 DEBUG 14708 --- [wms-backend] [http-nio-8080-exec-4] o.s.web.servlet.DispatcherServlet        : Completed 200 OK
2025-10-10T08:57:01.508-05:00 DEBUG 14708 --- [wms-backend] [http-nio-8080-exec-7] o.s.w.s.m.m.a.HttpEntityMethodProcessor  : Using 'application/json', given [application/json, text/plain, */*] and supported [application/json, application/*+json, application/yaml, application/xml;charset=UTF-8, text/xml;charset=UTF-8, application/*+xml;charset=UTF-8]
2025-10-10T08:57:01.508-05:00 DEBUG 14708 --- [wms-backend] [http-nio-8080-exec-7] o.s.w.s.m.m.a.HttpEntityMethodProcessor  : Writing [0]
2025-10-10T08:57:01.509-05:00 DEBUG 14708 --- [wms-backend] [http-nio-8080-exec-7] o.s.web.servlet.DispatcherServlet        : Completed 200 OK
2025-10-10T08:57:01.593-05:00 DEBUG 14708 --- [wms-backend] [http-nio-8080-exec-10] o.s.w.s.m.m.a.HttpEntityMethodProcessor  : Using 'application/json', given [application/json, text/plain, */*] and supported [application/json, application/*+json, application/yaml, application/xml;charset=UTF-8, text/xml;charset=UTF-8, application/*+xml;charset=UTF-8]
2025-10-10T08:57:01.593-05:00 DEBUG 14708 --- [wms-backend] [http-nio-8080-exec-10] o.s.w.s.m.m.a.HttpEntityMethodProcessor  : Writing [0]
2025-10-10T08:57:01.594-05:00 DEBUG 14708 --- [wms-backend] [http-nio-8080-exec-10] o.s.web.servlet.DispatcherServlet        : Completed 200 OK
2025-10-10T08:57:05.889-05:00 DEBUG 14708 --- [wms-backend] [http-nio-8080-exec-6] o.s.web.servlet.DispatcherServlet        : POST "/client/accesorio/updatePackingBatch", parameters={}
2025-10-10T08:57:05.890-05:00 DEBUG 14708 --- [wms-backend] [http-nio-8080-exec-6] s.w.s.m.m.a.RequestMappingHandlerMapping : Mapped to com.woden.wms_backend.controllers.ClientesControllers.AccesorioController#updatePackingBatch(List)
2025-10-10T08:57:05.890-05:00 DEBUG 14708 --- [wms-backend] [http-nio-8080-exec-6] m.m.a.RequestResponseBodyMethodProcessor : Read "application/json;charset=UTF-8" to [[[Ljava.lang.String;@148ed5e1, [Ljava.lang.String;@2d73100a]]
2025-10-10T08:57:06.887-05:00 DEBUG 14708 --- [wms-backend] [http-nio-8080-exec-6] o.s.w.s.m.m.a.HttpEntityMethodProcessor  : Using 'application/json', given [application/json, text/plain, */*] and supported [application/json, application/*+json, application/yaml, application/xml;charset=UTF-8, text/xml;charset=UTF-8, application/*+xml;charset=UTF-8]
2025-10-10T08:57:06.887-05:00 DEBUG 14708 --- [wms-backend] [http-nio-8080-exec-6] o.s.w.s.m.m.a.HttpEntityMethodProcessor  : Writing [0]
2025-10-10T08:57:06.888-05:00 DEBUG 14708 --- [wms-backend] [http-nio-8080-exec-6] o.s.web.servlet.DispatcherServlet        : Completed 200 OK
2025-10-10T08:57:07.725-05:00 DEBUG 14708 --- [wms-backend] [http-nio-8080-exec-8] o.s.web.servlet.DispatcherServlet        : GET "/client/accesorio/searchPackingCodigoSapAccesory?estado=EMPAQUE&palletId=674&codigoSapId=20", parameters={masked}
2025-10-10T08:57:07.726-05:00 DEBUG 14708 --- [wms-backend] [http-nio-8080-exec-8] s.w.s.m.m.a.RequestMappingHandlerMapping : Mapped to com.woden.wms_backend.controllers.ClientesControllers.AccesorioController#searchPackingCodigoSapAccesory(String, Integer, Integer)
2025-10-10T08:57:07.726-05:00 DEBUG 14708 --- [wms-backend] [http-nio-8080-exec-5] o.s.web.servlet.DispatcherServlet        : GET "/client/accesorio/searchPackingCodigoSapAccesory?estado=EMPACADO&palletId=674&codigoSapId=20", parameters={masked}
2025-10-10T08:57:07.726-05:00 DEBUG 14708 --- [wms-backend] [http-nio-8080-exec-5] s.w.s.m.m.a.RequestMappingHandlerMapping : Mapped to com.woden.wms_backend.controllers.ClientesControllers.AccesorioController#searchPackingCodigoSapAccesory(String, Integer, Integer)
2025-10-10T08:57:07.945-05:00 DEBUG 14708 --- [wms-backend] [http-nio-8080-exec-8] o.s.w.s.m.m.a.HttpEntityMethodProcessor  : Using 'application/json', given [application/json, text/plain, */*] and supported [application/json, application/*+json, application/yaml, application/xml;charset=UTF-8, text/xml;charset=UTF-8, application/*+xml;charset=UTF-8]
2025-10-10T08:57:07.945-05:00 DEBUG 14708 --- [wms-backend] [http-nio-8080-exec-8] o.s.w.s.m.m.a.HttpEntityMethodProcessor  : Writing [[{descripcion=CABLE HDMI JUMPER, codigo=ACC0000540, reacondicionados=13, nuevos=0, familia=CABLE}, { (truncated)...]
2025-10-10T08:57:07.946-05:00 DEBUG 14708 --- [wms-backend] [http-nio-8080-exec-8] o.s.web.servlet.DispatcherServlet        : Completed 200 OK
2025-10-10T08:57:07.947-05:00 DEBUG 14708 --- [wms-backend] [http-nio-8080-exec-5] o.s.w.s.m.m.a.HttpEntityMethodProcessor  : Using 'application/json', given [application/json, text/plain, */*] and supported [application/json, application/*+json, application/yaml, application/xml;charset=UTF-8, text/xml;charset=UTF-8, application/*+xml;charset=UTF-8]
2025-10-10T08:57:07.947-05:00 DEBUG 14708 --- [wms-backend] [http-nio-8080-exec-5] o.s.w.s.m.m.a.HttpEntityMethodProcessor  : Writing [[{descripcion=REMOTE CONTROL DTH, codigo=06010740002, reacondicionados=0, nuevos=1, familia=CONTROL} (truncated)...]
2025-10-10T08:57:07.949-05:00 DEBUG 14708 --- [wms-backend] [http-nio-8080-exec-5] o.s.web.servlet.DispatcherServlet        : Completed 200 OK
2025-10-10T08:57:07.967-05:00 DEBUG 14708 --- [wms-backend] [http-nio-8080-exec-2] o.s.web.servlet.DispatcherServlet        : GET "/client/accesorio/getPackedAccesoriesSerials?codigoSap=06010740002&tipoAccesorio=nuevo&palletId=674", parameters={masked}
2025-10-10T08:57:07.967-05:00 DEBUG 14708 --- [wms-backend] [http-nio-8080-exec-4] o.s.web.servlet.DispatcherServlet        : GET "/client/accesorio/getPackedAccesoriesSerials?codigoSap=HME0004232&tipoAccesorio=nuevo&palletId=674", parameters={masked}
2025-10-10T08:57:07.967-05:00 DEBUG 14708 --- [wms-backend] [http-nio-8080-exec-5] o.s.web.servlet.DispatcherServlet        : GET "/client/accesorio/getPackedAccesoriesSerials?codigoSap=HME0004232&tipoAccesorio=reacondicionado&palletId=674", parameters={masked}
2025-10-10T08:57:07.967-05:00 DEBUG 14708 --- [wms-backend] [http-nio-8080-exec-4] s.w.s.m.m.a.RequestMappingHandlerMapping : Mapped to com.woden.wms_backend.controllers.ClientesControllers.AccesorioController#getPackedAccesoriesSerials(String, String, Integer)
2025-10-10T08:57:07.967-05:00 DEBUG 14708 --- [wms-backend] [http-nio-8080-exec-9] o.s.web.servlet.DispatcherServlet        : GET "/client/accesorio/getPackedAccesoriesSerials?codigoSap=ACC0000540&tipoAccesorio=nuevo&palletId=674", parameters={masked}
2025-10-10T08:57:07.967-05:00 DEBUG 14708 --- [wms-backend] [http-nio-8080-exec-2] s.w.s.m.m.a.RequestMappingHandlerMapping : Mapped to com.woden.wms_backend.controllers.ClientesControllers.AccesorioController#getPackedAccesoriesSerials(String, String, Integer)
2025-10-10T08:57:07.967-05:00 DEBUG 14708 --- [wms-backend] [http-nio-8080-exec-5] s.w.s.m.m.a.RequestMappingHandlerMapping : Mapped to com.woden.wms_backend.controllers.ClientesControllers.AccesorioController#getPackedAccesoriesSerials(String, String, Integer)
2025-10-10T08:57:07.967-05:00 DEBUG 14708 --- [wms-backend] [http-nio-8080-exec-1] o.s.web.servlet.DispatcherServlet        : GET "/client/accesorio/getPackedAccesoriesSerials?codigoSap=06010740002&tipoAccesorio=reacondicionado&palletId=674", parameters={masked}
2025-10-10T08:57:07.967-05:00 DEBUG 14708 --- [wms-backend] [http-nio-8080-exec-1] s.w.s.m.m.a.RequestMappingHandlerMapping : Mapped to com.woden.wms_backend.controllers.ClientesControllers.AccesorioController#getPackedAccesoriesSerials(String, String, Integer)
2025-10-10T08:57:07.968-05:00 DEBUG 14708 --- [wms-backend] [http-nio-8080-exec-8] o.s.web.servlet.DispatcherServlet        : GET "/client/accesorio/getPackedAccesoriesSerials?codigoSap=ACC0000540&tipoAccesorio=reacondicionado&palletId=674", parameters={masked}
2025-10-10T08:57:07.967-05:00 DEBUG 14708 --- [wms-backend] [http-nio-8080-exec-9] s.w.s.m.m.a.RequestMappingHandlerMapping : Mapped to com.woden.wms_backend.controllers.ClientesControllers.AccesorioController#getPackedAccesoriesSerials(String, String, Integer)
2025-10-10T08:57:07.969-05:00 DEBUG 14708 --- [wms-backend] [http-nio-8080-exec-8] s.w.s.m.m.a.RequestMappingHandlerMapping : Mapped to com.woden.wms_backend.controllers.ClientesControllers.AccesorioController#getPackedAccesoriesSerials(String, String, Integer)
2025-10-10T08:57:08.083-05:00 DEBUG 14708 --- [wms-backend] [http-nio-8080-exec-5] o.s.w.s.m.m.a.HttpEntityMethodProcessor  : Using 'application/json', given [application/json, text/plain, */*] and supported [application/json, application/*+json, application/yaml, application/xml;charset=UTF-8, text/xml;charset=UTF-8, application/*+xml;charset=UTF-8]
2025-10-10T08:57:08.083-05:00 DEBUG 14708 --- [wms-backend] [http-nio-8080-exec-5] o.s.w.s.m.m.a.HttpEntityMethodProcessor  : Writing [0]
2025-10-10T08:57:08.084-05:00 DEBUG 14708 --- [wms-backend] [http-nio-8080-exec-5] o.s.web.servlet.DispatcherServlet        : Completed 200 OK
2025-10-10T08:57:08.085-05:00 DEBUG 14708 --- [wms-backend] [http-nio-8080-exec-2] o.s.w.s.m.m.a.HttpEntityMethodProcessor  : Using 'application/json', given [application/json, text/plain, */*] and supported [application/json, application/*+json, application/yaml, application/xml;charset=UTF-8, text/xml;charset=UTF-8, application/*+xml;charset=UTF-8]
2025-10-10T08:57:08.085-05:00 DEBUG 14708 --- [wms-backend] [http-nio-8080-exec-2] o.s.w.s.m.m.a.HttpEntityMethodProcessor  : Writing [0]
2025-10-10T08:57:08.085-05:00 DEBUG 14708 --- [wms-backend] [http-nio-8080-exec-2] o.s.web.servlet.DispatcherServlet        : Completed 200 OK
2025-10-10T08:57:08.189-05:00 DEBUG 14708 --- [wms-backend] [http-nio-8080-exec-8] o.s.w.s.m.m.a.HttpEntityMethodProcessor  : Using 'application/json', given [application/json, text/plain, */*] and supported [application/json, application/*+json, application/yaml, application/xml;charset=UTF-8, text/xml;charset=UTF-8, application/*+xml;charset=UTF-8]
2025-10-10T08:57:08.189-05:00 DEBUG 14708 --- [wms-backend] [http-nio-8080-exec-8] o.s.w.s.m.m.a.HttpEntityMethodProcessor  : Writing [0]
2025-10-10T08:57:08.189-05:00 DEBUG 14708 --- [wms-backend] [http-nio-8080-exec-4] o.s.w.s.m.m.a.HttpEntityMethodProcessor  : Using 'application/json', given [application/json, text/plain, */*] and supported [application/json, application/*+json, application/yaml, application/xml;charset=UTF-8, text/xml;charset=UTF-8, application/*+xml;charset=UTF-8]
2025-10-10T08:57:08.189-05:00 DEBUG 14708 --- [wms-backend] [http-nio-8080-exec-4] o.s.w.s.m.m.a.HttpEntityMethodProcessor  : Writing [0]
2025-10-10T08:57:08.190-05:00 DEBUG 14708 --- [wms-backend] [http-nio-8080-exec-1] o.s.w.s.m.m.a.HttpEntityMethodProcessor  : Using 'application/json', given [application/json, text/plain, */*] and supported [application/json, application/*+json, application/yaml, application/xml;charset=UTF-8, text/xml;charset=UTF-8, application/*+xml;charset=UTF-8]
2025-10-10T08:57:08.190-05:00 DEBUG 14708 --- [wms-backend] [http-nio-8080-exec-4] o.s.web.servlet.DispatcherServlet        : Completed 200 OK
2025-10-10T08:57:08.190-05:00 DEBUG 14708 --- [wms-backend] [http-nio-8080-exec-1] o.s.w.s.m.m.a.HttpEntityMethodProcessor  : Writing [0]
2025-10-10T08:57:08.190-05:00 DEBUG 14708 --- [wms-backend] [http-nio-8080-exec-8] o.s.web.servlet.DispatcherServlet        : Completed 200 OK
2025-10-10T08:57:08.190-05:00 DEBUG 14708 --- [wms-backend] [http-nio-8080-exec-1] o.s.web.servlet.DispatcherServlet        : Completed 200 OK
2025-10-10T08:57:08.194-05:00 DEBUG 14708 --- [wms-backend] [http-nio-8080-exec-9] o.s.w.s.m.m.a.HttpEntityMethodProcessor  : Using 'application/json', given [application/json, text/plain, */*] and supported [application/json, application/*+json, application/yaml, application/xml;charset=UTF-8, text/xml;charset=UTF-8, application/*+xml;charset=UTF-8]
2025-10-10T08:57:08.194-05:00 DEBUG 14708 --- [wms-backend] [http-nio-8080-exec-9] o.s.w.s.m.m.a.HttpEntityMethodProcessor  : Writing [0]
2025-10-10T08:57:08.194-05:00 DEBUG 14708 --- [wms-backend] [http-nio-8080-exec-9] o.s.web.servlet.DispatcherServlet        : Completed 200 OK
2025-10-10T08:57:08.691-05:00 DEBUG 14708 --- [wms-backend] [http-nio-8080-exec-7] o.s.web.servlet.DispatcherServlet        : GET "/general/version", parameters={}
2025-10-10T08:57:08.691-05:00 DEBUG 14708 --- [wms-backend] [http-nio-8080-exec-7] s.w.s.m.m.a.RequestMappingHandlerMapping : Mapped to com.woden.wms_backend.controllers.WmsWdGeneral.VersionController#getVersion()
2025-10-10T08:57:08.691-05:00 DEBUG 14708 --- [wms-backend] [http-nio-8080-exec-7] o.s.w.s.m.m.a.HttpEntityMethodProcessor  : Using 'application/json', given [application/json, text/plain, */*] and supported [text/plain, */*, application/json, application/*+json, application/yaml, application/xml;charset=UTF-8, text/xml;charset=UTF-8, application/*+xml;charset=UTF-8]
2025-10-10T08:57:08.693-05:00 DEBUG 14708 --- [wms-backend] [http-nio-8080-exec-7] o.s.w.s.m.m.a.HttpEntityMethodProcessor  : Writing ["1.0.1.48"]
2025-10-10T08:57:08.694-05:00 DEBUG 14708 --- [wms-backend] [http-nio-8080-exec-7] o.s.web.servlet.DispatcherServlet        : Completed 200 OK
2025-10-10T08:57:18.700-05:00 DEBUG 14708 --- [wms-backend] [http-nio-8080-exec-10] o.s.web.servlet.DispatcherServlet        : GET "/general/version", parameters={}
2025-10-10T08:57:18.700-05:00 DEBUG 14708 --- [wms-backend] [http-nio-8080-exec-10] s.w.s.m.m.a.RequestMappingHandlerMapping : Mapped to com.woden.wms_backend.controllers.WmsWdGeneral.VersionController#getVersion()
2025-10-10T08:57:18.701-05:00 DEBUG 14708 --- [wms-backend] [http-nio-8080-exec-10] o.s.w.s.m.m.a.HttpEntityMethodProcessor  : Using 'application/json', given [application/json, text/plain, */*] and supported [text/plain, */*, application/json, application/*+json, application/yaml, application/xml;charset=UTF-8, text/xml;charset=UTF-8, application/*+xml;charset=UTF-8]
2025-10-10T08:57:18.701-05:00 DEBUG 14708 --- [wms-backend] [http-nio-8080-exec-10] o.s.w.s.m.m.a.HttpEntityMethodProcessor  : Writing ["1.0.1.48"]
2025-10-10T08:57:18.702-05:00 DEBUG 14708 --- [wms-backend] [http-nio-8080-exec-10] o.s.web.servlet.DispatcherServlet        : Completed 200 OK
2025-10-10T08:57:20.551-05:00 DEBUG 14708 --- [wms-backend] [http-nio-8080-exec-3] o.s.web.servlet.DispatcherServlet        : POST "/client/accesorio/updatePackingBatch", parameters={}
2025-10-10T08:57:20.551-05:00 DEBUG 14708 --- [wms-backend] [http-nio-8080-exec-3] s.w.s.m.m.a.RequestMappingHandlerMapping : Mapped to com.woden.wms_backend.controllers.ClientesControllers.AccesorioController#updatePackingBatch(List)
2025-10-10T08:57:20.551-05:00 DEBUG 14708 --- [wms-backend] [http-nio-8080-exec-3] m.m.a.RequestResponseBodyMethodProcessor : Read "application/json;charset=UTF-8" to [[[Ljava.lang.String;@335b2eac, [Ljava.lang.String;@7750ce7a]]
2025-10-10T08:57:21.559-05:00 DEBUG 14708 --- [wms-backend] [http-nio-8080-exec-3] o.s.w.s.m.m.a.HttpEntityMethodProcessor  : Using 'application/json', given [application/json, text/plain, */*] and supported [application/json, application/*+json, application/yaml, application/xml;charset=UTF-8, text/xml;charset=UTF-8, application/*+xml;charset=UTF-8]
2025-10-10T08:57:21.559-05:00 DEBUG 14708 --- [wms-backend] [http-nio-8080-exec-3] o.s.w.s.m.m.a.HttpEntityMethodProcessor  : Writing [1]
2025-10-10T08:57:21.560-05:00 DEBUG 14708 --- [wms-backend] [http-nio-8080-exec-3] o.s.web.servlet.DispatcherServlet        : Completed 200 OK
2025-10-10T08:57:21.574-05:00 DEBUG 14708 --- [wms-backend] [http-nio-8080-exec-8] o.s.web.servlet.DispatcherServlet        : GET "/client/accesorio/searchPackingCodigoSapAccesory?estado=EMPAQUE&palletId=674&codigoSapId=20", parameters={masked}
2025-10-10T08:57:21.574-05:00 DEBUG 14708 --- [wms-backend] [http-nio-8080-exec-4] o.s.web.servlet.DispatcherServlet        : GET "/client/accesorio/searchPackingCodigoSapAccesory?estado=EMPACADO&palletId=674&codigoSapId=20", parameters={masked}
2025-10-10T08:57:21.575-05:00 DEBUG 14708 --- [wms-backend] [http-nio-8080-exec-4] s.w.s.m.m.a.RequestMappingHandlerMapping : Mapped to com.woden.wms_backend.controllers.ClientesControllers.AccesorioController#searchPackingCodigoSapAccesory(String, Integer, Integer)
2025-10-10T08:57:21.575-05:00 DEBUG 14708 --- [wms-backend] [http-nio-8080-exec-8] s.w.s.m.m.a.RequestMappingHandlerMapping : Mapped to com.woden.wms_backend.controllers.ClientesControllers.AccesorioController#searchPackingCodigoSapAccesory(String, Integer, Integer)
2025-10-10T08:57:21.795-05:00 DEBUG 14708 --- [wms-backend] [http-nio-8080-exec-4] o.s.w.s.m.m.a.HttpEntityMethodProcessor  : Using 'application/json', given [application/json, text/plain, */*] and supported [application/json, application/*+json, application/yaml, application/xml;charset=UTF-8, text/xml;charset=UTF-8, application/*+xml;charset=UTF-8]
2025-10-10T08:57:21.795-05:00 DEBUG 14708 --- [wms-backend] [http-nio-8080-exec-8] o.s.w.s.m.m.a.HttpEntityMethodProcessor  : Using 'application/json', given [application/json, text/plain, */*] and supported [application/json, application/*+json, application/yaml, application/xml;charset=UTF-8, text/xml;charset=UTF-8, application/*+xml;charset=UTF-8]
2025-10-10T08:57:21.795-05:00 DEBUG 14708 --- [wms-backend] [http-nio-8080-exec-4] o.s.w.s.m.m.a.HttpEntityMethodProcessor  : Writing [[{descripcion=REMOTE CONTROL DTH, codigo=06010740002, reacondicionados=0, nuevos=1, familia=CONTROL} (truncated)...]
2025-10-10T08:57:21.796-05:00 DEBUG 14708 --- [wms-backend] [http-nio-8080-exec-8] o.s.w.s.m.m.a.HttpEntityMethodProcessor  : Writing [[{descripcion=CABLE HDMI JUMPER, codigo=ACC0000540, reacondicionados=13, nuevos=0, familia=CABLE}, { (truncated)...]
2025-10-10T08:57:21.796-05:00 DEBUG 14708 --- [wms-backend] [http-nio-8080-exec-4] o.s.web.servlet.DispatcherServlet        : Completed 200 OK
2025-10-10T08:57:21.796-05:00 DEBUG 14708 --- [wms-backend] [http-nio-8080-exec-8] o.s.web.servlet.DispatcherServlet        : Completed 200 OK
2025-10-10T08:57:21.819-05:00 DEBUG 14708 --- [wms-backend] [http-nio-8080-exec-1] o.s.web.servlet.DispatcherServlet        : GET "/client/accesorio/getPackedAccesoriesSerials?codigoSap=06010740002&tipoAccesorio=reacondicionado&palletId=674", parameters={masked}
2025-10-10T08:57:21.819-05:00 DEBUG 14708 --- [wms-backend] [http-nio-8080-exec-8] o.s.web.servlet.DispatcherServlet        : GET "/client/accesorio/getPackedAccesoriesSerials?codigoSap=06010740002&tipoAccesorio=nuevo&palletId=674", parameters={masked}
2025-10-10T08:57:21.819-05:00 DEBUG 14708 --- [wms-backend] [http-nio-8080-exec-1] s.w.s.m.m.a.RequestMappingHandlerMapping : Mapped to com.woden.wms_backend.controllers.ClientesControllers.AccesorioController#getPackedAccesoriesSerials(String, String, Integer)
2025-10-10T08:57:21.819-05:00 DEBUG 14708 --- [wms-backend] [http-nio-8080-exec-8] s.w.s.m.m.a.RequestMappingHandlerMapping : Mapped to com.woden.wms_backend.controllers.ClientesControllers.AccesorioController#getPackedAccesoriesSerials(String, String, Integer)
2025-10-10T08:57:21.819-05:00 DEBUG 14708 --- [wms-backend] [http-nio-8080-exec-9] o.s.web.servlet.DispatcherServlet        : GET "/client/accesorio/getPackedAccesoriesSerials?codigoSap=HME0004064&tipoAccesorio=reacondicionado&palletId=674", parameters={masked}
2025-10-10T08:57:21.820-05:00 DEBUG 14708 --- [wms-backend] [http-nio-8080-exec-9] s.w.s.m.m.a.RequestMappingHandlerMapping : Mapped to com.woden.wms_backend.controllers.ClientesControllers.AccesorioController#getPackedAccesoriesSerials(String, String, Integer)
2025-10-10T08:57:21.820-05:00 DEBUG 14708 --- [wms-backend] [http-nio-8080-exec-4] o.s.web.servlet.DispatcherServlet        : GET "/client/accesorio/getPackedAccesoriesSerials?codigoSap=HME0004064&tipoAccesorio=nuevo&palletId=674", parameters={masked}
2025-10-10T08:57:21.821-05:00 DEBUG 14708 --- [wms-backend] [http-nio-8080-exec-4] s.w.s.m.m.a.RequestMappingHandlerMapping : Mapped to com.woden.wms_backend.controllers.ClientesControllers.AccesorioController#getPackedAccesoriesSerials(String, String, Integer)
2025-10-10T08:57:21.821-05:00 DEBUG 14708 --- [wms-backend] [http-nio-8080-exec-7] o.s.web.servlet.DispatcherServlet        : GET "/client/accesorio/getPackedAccesoriesSerials?codigoSap=ACC0000540&tipoAccesorio=reacondicionado&palletId=674", parameters={masked}
2025-10-10T08:57:21.821-05:00 DEBUG 14708 --- [wms-backend] [http-nio-8080-exec-7] s.w.s.m.m.a.RequestMappingHandlerMapping : Mapped to com.woden.wms_backend.controllers.ClientesControllers.AccesorioController#getPackedAccesoriesSerials(String, String, Integer)
2025-10-10T08:57:21.821-05:00 DEBUG 14708 --- [wms-backend] [http-nio-8080-exec-6] o.s.web.servlet.DispatcherServlet        : GET "/client/accesorio/getPackedAccesoriesSerials?codigoSap=ACC0000540&tipoAccesorio=nuevo&palletId=674", parameters={masked}
2025-10-10T08:57:21.821-05:00 DEBUG 14708 --- [wms-backend] [http-nio-8080-exec-6] s.w.s.m.m.a.RequestMappingHandlerMapping : Mapped to com.woden.wms_backend.controllers.ClientesControllers.AccesorioController#getPackedAccesoriesSerials(String, String, Integer)
2025-10-10T08:57:21.935-05:00 DEBUG 14708 --- [wms-backend] [http-nio-8080-exec-9] o.s.w.s.m.m.a.HttpEntityMethodProcessor  : Using 'application/json', given [application/json, text/plain, */*] and supported [application/json, application/*+json, application/yaml, application/xml;charset=UTF-8, text/xml;charset=UTF-8, application/*+xml;charset=UTF-8]
2025-10-10T08:57:21.935-05:00 DEBUG 14708 --- [wms-backend] [http-nio-8080-exec-9] o.s.w.s.m.m.a.HttpEntityMethodProcessor  : Writing [0]
2025-10-10T08:57:21.936-05:00 DEBUG 14708 --- [wms-backend] [http-nio-8080-exec-9] o.s.web.servlet.DispatcherServlet        : Completed 200 OK
2025-10-10T08:57:21.941-05:00 DEBUG 14708 --- [wms-backend] [http-nio-8080-exec-3] o.s.web.servlet.DispatcherServlet        : GET "/client/accesorio/getPackedAccesoriesSerials?codigoSap=HME0004232&tipoAccesorio=nuevo&palletId=674", parameters={masked}
2025-10-10T08:57:21.943-05:00 DEBUG 14708 --- [wms-backend] [http-nio-8080-exec-3] s.w.s.m.m.a.RequestMappingHandlerMapping : Mapped to com.woden.wms_backend.controllers.ClientesControllers.AccesorioController#getPackedAccesoriesSerials(String, String, Integer)
2025-10-10T08:57:21.943-05:00 DEBUG 14708 --- [wms-backend] [http-nio-8080-exec-8] o.s.w.s.m.m.a.HttpEntityMethodProcessor  : Using 'application/json', given [application/json, text/plain, */*] and supported [application/json, application/*+json, application/yaml, application/xml;charset=UTF-8, text/xml;charset=UTF-8, application/*+xml;charset=UTF-8]
2025-10-10T08:57:21.943-05:00 DEBUG 14708 --- [wms-backend] [http-nio-8080-exec-8] o.s.w.s.m.m.a.HttpEntityMethodProcessor  : Writing [0]
2025-10-10T08:57:21.945-05:00 DEBUG 14708 --- [wms-backend] [http-nio-8080-exec-8] o.s.web.servlet.DispatcherServlet        : Completed 200 OK
2025-10-10T08:57:21.950-05:00 DEBUG 14708 --- [wms-backend] [http-nio-8080-exec-10] o.s.web.servlet.DispatcherServlet        : GET "/client/accesorio/getPackedAccesoriesSerials?codigoSap=HME0004232&tipoAccesorio=reacondicionado&palletId=674", parameters={masked}
2025-10-10T08:57:21.950-05:00 DEBUG 14708 --- [wms-backend] [http-nio-8080-exec-10] s.w.s.m.m.a.RequestMappingHandlerMapping : Mapped to com.woden.wms_backend.controllers.ClientesControllers.AccesorioController#getPackedAccesoriesSerials(String, String, Integer)
2025-10-10T08:57:21.951-05:00 DEBUG 14708 --- [wms-backend] [http-nio-8080-exec-4] o.s.w.s.m.m.a.HttpEntityMethodProcessor  : Using 'application/json', given [application/json, text/plain, */*] and supported [application/json, application/*+json, application/yaml, application/xml;charset=UTF-8, text/xml;charset=UTF-8, application/*+xml;charset=UTF-8]
2025-10-10T08:57:21.952-05:00 DEBUG 14708 --- [wms-backend] [http-nio-8080-exec-4] o.s.w.s.m.m.a.HttpEntityMethodProcessor  : Writing [1]
2025-10-10T08:57:21.952-05:00 DEBUG 14708 --- [wms-backend] [http-nio-8080-exec-4] o.s.web.servlet.DispatcherServlet        : Completed 200 OK
2025-10-10T08:57:22.030-05:00 DEBUG 14708 --- [wms-backend] [http-nio-8080-exec-1] o.s.w.s.m.m.a.HttpEntityMethodProcessor  : Using 'application/json', given [application/json, text/plain, */*] and supported [application/json, application/*+json, application/yaml, application/xml;charset=UTF-8, text/xml;charset=UTF-8, application/*+xml;charset=UTF-8]
2025-10-10T08:57:22.030-05:00 DEBUG 14708 --- [wms-backend] [http-nio-8080-exec-1] o.s.w.s.m.m.a.HttpEntityMethodProcessor  : Writing [0]
2025-10-10T08:57:22.031-05:00 DEBUG 14708 --- [wms-backend] [http-nio-8080-exec-1] o.s.web.servlet.DispatcherServlet        : Completed 200 OK
2025-10-10T08:57:22.050-05:00 DEBUG 14708 --- [wms-backend] [http-nio-8080-exec-6] o.s.w.s.m.m.a.HttpEntityMethodProcessor  : Using 'application/json', given [application/json, text/plain, */*] and supported [application/json, application/*+json, application/yaml, application/xml;charset=UTF-8, text/xml;charset=UTF-8, application/*+xml;charset=UTF-8]
2025-10-10T08:57:22.050-05:00 DEBUG 14708 --- [wms-backend] [http-nio-8080-exec-6] o.s.w.s.m.m.a.HttpEntityMethodProcessor  : Writing [0]
2025-10-10T08:57:22.051-05:00 DEBUG 14708 --- [wms-backend] [http-nio-8080-exec-6] o.s.web.servlet.DispatcherServlet        : Completed 200 OK
2025-10-10T08:57:22.056-05:00 DEBUG 14708 --- [wms-backend] [http-nio-8080-exec-3] o.s.w.s.m.m.a.HttpEntityMethodProcessor  : Using 'application/json', given [application/json, text/plain, */*] and supported [application/json, application/*+json, application/yaml, application/xml;charset=UTF-8, text/xml;charset=UTF-8, application/*+xml;charset=UTF-8]
2025-10-10T08:57:22.056-05:00 DEBUG 14708 --- [wms-backend] [http-nio-8080-exec-3] o.s.w.s.m.m.a.HttpEntityMethodProcessor  : Writing [0]
2025-10-10T08:57:22.057-05:00 DEBUG 14708 --- [wms-backend] [http-nio-8080-exec-7] o.s.w.s.m.m.a.HttpEntityMethodProcessor  : Using 'application/json', given [application/json, text/plain, */*] and supported [application/json, application/*+json, application/yaml, application/xml;charset=UTF-8, text/xml;charset=UTF-8, application/*+xml;charset=UTF-8]
2025-10-10T08:57:22.057-05:00 DEBUG 14708 --- [wms-backend] [http-nio-8080-exec-7] o.s.w.s.m.m.a.HttpEntityMethodProcessor  : Writing [0]
2025-10-10T08:57:22.057-05:00 DEBUG 14708 --- [wms-backend] [http-nio-8080-exec-7] o.s.web.servlet.DispatcherServlet        : Completed 200 OK
2025-10-10T08:57:22.057-05:00 DEBUG 14708 --- [wms-backend] [http-nio-8080-exec-3] o.s.web.servlet.DispatcherServlet        : Completed 200 OK
2025-10-10T08:57:22.064-05:00 DEBUG 14708 --- [wms-backend] [http-nio-8080-exec-10] o.s.w.s.m.m.a.HttpEntityMethodProcessor  : Using 'application/json', given [application/json, text/plain, */*] and supported [application/json, application/*+json, application/yaml, application/xml;charset=UTF-8, text/xml;charset=UTF-8, application/*+xml;charset=UTF-8]
2025-10-10T08:57:22.065-05:00 DEBUG 14708 --- [wms-backend] [http-nio-8080-exec-10] o.s.w.s.m.m.a.HttpEntityMethodProcessor  : Writing [1]
2025-10-10T08:57:22.065-05:00 DEBUG 14708 --- [wms-backend] [http-nio-8080-exec-10] o.s.web.servlet.DispatcherServlet        : Completed 200 OK
2025-10-10T08:57:28.264-05:00 DEBUG 14708 --- [wms-backend] [http-nio-8080-exec-5] o.s.web.servlet.DispatcherServlet        : POST "/client/accesorio/updatePackingBatch", parameters={}
2025-10-10T08:57:28.264-05:00 DEBUG 14708 --- [wms-backend] [http-nio-8080-exec-5] s.w.s.m.m.a.RequestMappingHandlerMapping : Mapped to com.woden.wms_backend.controllers.ClientesControllers.AccesorioController#updatePackingBatch(List)
2025-10-10T08:57:28.265-05:00 DEBUG 14708 --- [wms-backend] [http-nio-8080-exec-5] m.m.a.RequestResponseBodyMethodProcessor : Read "application/json;charset=UTF-8" to [[[Ljava.lang.String;@854800b, [Ljava.lang.String;@6ba95f07]]
2025-10-10T08:57:28.687-05:00 DEBUG 14708 --- [wms-backend] [http-nio-8080-exec-9] o.s.web.servlet.DispatcherServlet        : GET "/general/version", parameters={}
2025-10-10T08:57:28.687-05:00 DEBUG 14708 --- [wms-backend] [http-nio-8080-exec-9] s.w.s.m.m.a.RequestMappingHandlerMapping : Mapped to com.woden.wms_backend.controllers.WmsWdGeneral.VersionController#getVersion()
2025-10-10T08:57:28.687-05:00 DEBUG 14708 --- [wms-backend] [http-nio-8080-exec-9] o.s.w.s.m.m.a.HttpEntityMethodProcessor  : Using 'application/json', given [application/json, text/plain, */*] and supported [text/plain, */*, application/json, application/*+json, application/yaml, application/xml;charset=UTF-8, text/xml;charset=UTF-8, application/*+xml;charset=UTF-8]
2025-10-10T08:57:28.687-05:00 DEBUG 14708 --- [wms-backend] [http-nio-8080-exec-9] o.s.w.s.m.m.a.HttpEntityMethodProcessor  : Writing ["1.0.1.48"]
2025-10-10T08:57:28.688-05:00 DEBUG 14708 --- [wms-backend] [http-nio-8080-exec-9] o.s.web.servlet.DispatcherServlet        : Completed 200 OK
2025-10-10T08:57:29.482-05:00 DEBUG 14708 --- [wms-backend] [http-nio-8080-exec-5] o.s.w.s.m.m.a.HttpEntityMethodProcessor  : Using 'application/json', given [application/json, text/plain, */*] and supported [application/json, application/*+json, application/yaml, application/xml;charset=UTF-8, text/xml;charset=UTF-8, application/*+xml;charset=UTF-8]
2025-10-10T08:57:29.482-05:00 DEBUG 14708 --- [wms-backend] [http-nio-8080-exec-5] o.s.w.s.m.m.a.HttpEntityMethodProcessor  : Writing [1]
2025-10-10T08:57:29.482-05:00 DEBUG 14708 --- [wms-backend] [http-nio-8080-exec-5] o.s.web.servlet.DispatcherServlet        : Completed 200 OK
2025-10-10T08:57:29.496-05:00 DEBUG 14708 --- [wms-backend] [http-nio-8080-exec-1] o.s.web.servlet.DispatcherServlet        : GET "/client/accesorio/searchPackingCodigoSapAccesory?estado=EMPAQUE&palletId=674&codigoSapId=20", parameters={masked}
2025-10-10T08:57:29.496-05:00 DEBUG 14708 --- [wms-backend] [http-nio-8080-exec-1] s.w.s.m.m.a.RequestMappingHandlerMapping : Mapped to com.woden.wms_backend.controllers.ClientesControllers.AccesorioController#searchPackingCodigoSapAccesory(String, Integer, Integer)
2025-10-10T08:57:29.496-05:00 DEBUG 14708 --- [wms-backend] [http-nio-8080-exec-6] o.s.web.servlet.DispatcherServlet        : GET "/client/accesorio/searchPackingCodigoSapAccesory?estado=EMPACADO&palletId=674&codigoSapId=20", parameters={masked}
2025-10-10T08:57:29.497-05:00 DEBUG 14708 --- [wms-backend] [http-nio-8080-exec-6] s.w.s.m.m.a.RequestMappingHandlerMapping : Mapped to com.woden.wms_backend.controllers.ClientesControllers.AccesorioController#searchPackingCodigoSapAccesory(String, Integer, Integer)
2025-10-10T08:57:29.613-05:00 DEBUG 14708 --- [wms-backend] [http-nio-8080-exec-6] o.s.w.s.m.m.a.HttpEntityMethodProcessor  : Using 'application/json', given [application/json, text/plain, */*] and supported [application/json, application/*+json, application/yaml, application/xml;charset=UTF-8, text/xml;charset=UTF-8, application/*+xml;charset=UTF-8]
2025-10-10T08:57:29.614-05:00 DEBUG 14708 --- [wms-backend] [http-nio-8080-exec-6] o.s.w.s.m.m.a.HttpEntityMethodProcessor  : Writing [[{descripcion=REMOTE CONTROL DTH, codigo=06010740002, reacondicionados=0, nuevos=1, familia=CONTROL} (truncated)...]
2025-10-10T08:57:29.615-05:00 DEBUG 14708 --- [wms-backend] [http-nio-8080-exec-6] o.s.web.servlet.DispatcherServlet        : Completed 200 OK
2025-10-10T08:57:29.635-05:00 DEBUG 14708 --- [wms-backend] [http-nio-8080-exec-6] o.s.web.servlet.DispatcherServlet        : GET "/client/accesorio/getPackedAccesoriesSerials?codigoSap=ACC0000540&tipoAccesorio=nuevo&palletId=674", parameters={masked}
2025-10-10T08:57:29.635-05:00 DEBUG 14708 --- [wms-backend] [http-nio-8080-exec-6] s.w.s.m.m.a.RequestMappingHandlerMapping : Mapped to com.woden.wms_backend.controllers.ClientesControllers.AccesorioController#getPackedAccesoriesSerials(String, String, Integer)
2025-10-10T08:57:29.635-05:00 DEBUG 14708 --- [wms-backend] [http-nio-8080-exec-2] o.s.web.servlet.DispatcherServlet        : GET "/client/accesorio/getPackedAccesoriesSerials?codigoSap=06010740002&tipoAccesorio=nuevo&palletId=674", parameters={masked}
2025-10-10T08:57:29.636-05:00 DEBUG 14708 --- [wms-backend] [http-nio-8080-exec-2] s.w.s.m.m.a.RequestMappingHandlerMapping : Mapped to com.woden.wms_backend.controllers.ClientesControllers.AccesorioController#getPackedAccesoriesSerials(String, String, Integer)
2025-10-10T08:57:29.642-05:00 DEBUG 14708 --- [wms-backend] [http-nio-8080-exec-7] o.s.web.servlet.DispatcherServlet        : GET "/client/accesorio/getPackedAccesoriesSerials?codigoSap=ACC0000540&tipoAccesorio=reacondicionado&palletId=674", parameters={masked}
2025-10-10T08:57:29.643-05:00 DEBUG 14708 --- [wms-backend] [http-nio-8080-exec-3] o.s.web.servlet.DispatcherServlet        : GET "/client/accesorio/getPackedAccesoriesSerials?codigoSap=HME0004064&tipoAccesorio=nuevo&palletId=674", parameters={masked}
2025-10-10T08:57:29.643-05:00 DEBUG 14708 --- [wms-backend] [http-nio-8080-exec-9] o.s.web.servlet.DispatcherServlet        : GET "/client/accesorio/getPackedAccesoriesSerials?codigoSap=06010740002&tipoAccesorio=reacondicionado&palletId=674", parameters={masked}
2025-10-10T08:57:29.643-05:00 DEBUG 14708 --- [wms-backend] [http-nio-8080-exec-7] s.w.s.m.m.a.RequestMappingHandlerMapping : Mapped to com.woden.wms_backend.controllers.ClientesControllers.AccesorioController#getPackedAccesoriesSerials(String, String, Integer)
2025-10-10T08:57:29.643-05:00 DEBUG 14708 --- [wms-backend] [http-nio-8080-exec-9] s.w.s.m.m.a.RequestMappingHandlerMapping : Mapped to com.woden.wms_backend.controllers.ClientesControllers.AccesorioController#getPackedAccesoriesSerials(String, String, Integer)
2025-10-10T08:57:29.643-05:00 DEBUG 14708 --- [wms-backend] [http-nio-8080-exec-3] s.w.s.m.m.a.RequestMappingHandlerMapping : Mapped to com.woden.wms_backend.controllers.ClientesControllers.AccesorioController#getPackedAccesoriesSerials(String, String, Integer)
2025-10-10T08:57:29.744-05:00 DEBUG 14708 --- [wms-backend] [http-nio-8080-exec-1] o.s.w.s.m.m.a.HttpEntityMethodProcessor  : Using 'application/json', given [application/json, text/plain, */*] and supported [application/json, application/*+json, application/yaml, application/xml;charset=UTF-8, text/xml;charset=UTF-8, application/*+xml;charset=UTF-8]
2025-10-10T08:57:29.744-05:00 DEBUG 14708 --- [wms-backend] [http-nio-8080-exec-1] o.s.w.s.m.m.a.HttpEntityMethodProcessor  : Writing [[{descripcion=CABLE HDMI JUMPER, codigo=ACC0000540, reacondicionados=13, nuevos=0, familia=CABLE}, { (truncated)...]
2025-10-10T08:57:29.745-05:00 DEBUG 14708 --- [wms-backend] [http-nio-8080-exec-1] o.s.web.servlet.DispatcherServlet        : Completed 200 OK
2025-10-10T08:57:29.753-05:00 DEBUG 14708 --- [wms-backend] [http-nio-8080-exec-10] o.s.web.servlet.DispatcherServlet        : GET "/client/accesorio/getPackedAccesoriesSerials?codigoSap=HME0004064&tipoAccesorio=reacondicionado&palletId=674", parameters={masked}
2025-10-10T08:57:29.754-05:00 DEBUG 14708 --- [wms-backend] [http-nio-8080-exec-10] s.w.s.m.m.a.RequestMappingHandlerMapping : Mapped to com.woden.wms_backend.controllers.ClientesControllers.AccesorioController#getPackedAccesoriesSerials(String, String, Integer)
2025-10-10T08:57:29.754-05:00 DEBUG 14708 --- [wms-backend] [http-nio-8080-exec-2] o.s.w.s.m.m.a.HttpEntityMethodProcessor  : Using 'application/json', given [application/json, text/plain, */*] and supported [application/json, application/*+json, application/yaml, application/xml;charset=UTF-8, text/xml;charset=UTF-8, application/*+xml;charset=UTF-8]
2025-10-10T08:57:29.755-05:00 DEBUG 14708 --- [wms-backend] [http-nio-8080-exec-2] o.s.w.s.m.m.a.HttpEntityMethodProcessor  : Writing [0]
2025-10-10T08:57:29.755-05:00 DEBUG 14708 --- [wms-backend] [http-nio-8080-exec-2] o.s.web.servlet.DispatcherServlet        : Completed 200 OK
2025-10-10T08:57:29.766-05:00 DEBUG 14708 --- [wms-backend] [http-nio-8080-exec-5] o.s.web.servlet.DispatcherServlet        : GET "/client/accesorio/getPackedAccesoriesSerials?codigoSap=HME0004232&tipoAccesorio=nuevo&palletId=674", parameters={masked}
2025-10-10T08:57:29.766-05:00 DEBUG 14708 --- [wms-backend] [http-nio-8080-exec-5] s.w.s.m.m.a.RequestMappingHandlerMapping : Mapped to com.woden.wms_backend.controllers.ClientesControllers.AccesorioController#getPackedAccesoriesSerials(String, String, Integer)
2025-10-10T08:57:29.848-05:00 DEBUG 14708 --- [wms-backend] [http-nio-8080-exec-6] o.s.w.s.m.m.a.HttpEntityMethodProcessor  : Using 'application/json', given [application/json, text/plain, */*] and supported [application/json, application/*+json, application/yaml, application/xml;charset=UTF-8, text/xml;charset=UTF-8, application/*+xml;charset=UTF-8]
2025-10-10T08:57:29.850-05:00 DEBUG 14708 --- [wms-backend] [http-nio-8080-exec-6] o.s.w.s.m.m.a.HttpEntityMethodProcessor  : Writing [0]
2025-10-10T08:57:29.850-05:00 DEBUG 14708 --- [wms-backend] [http-nio-8080-exec-6] o.s.web.servlet.DispatcherServlet        : Completed 200 OK
2025-10-10T08:57:29.856-05:00 DEBUG 14708 --- [wms-backend] [http-nio-8080-exec-7] o.s.w.s.m.m.a.HttpEntityMethodProcessor  : Using 'application/json', given [application/json, text/plain, */*] and supported [application/json, application/*+json, application/yaml, application/xml;charset=UTF-8, text/xml;charset=UTF-8, application/*+xml;charset=UTF-8]
2025-10-10T08:57:29.856-05:00 DEBUG 14708 --- [wms-backend] [http-nio-8080-exec-7] o.s.w.s.m.m.a.HttpEntityMethodProcessor  : Writing [0]
2025-10-10T08:57:29.857-05:00 DEBUG 14708 --- [wms-backend] [http-nio-8080-exec-7] o.s.web.servlet.DispatcherServlet        : Completed 200 OK
2025-10-10T08:57:29.858-05:00 DEBUG 14708 --- [wms-backend] [http-nio-8080-exec-8] o.s.web.servlet.DispatcherServlet        : GET "/client/accesorio/getPackedAccesoriesSerials?codigoSap=HME0004232&tipoAccesorio=reacondicionado&palletId=674", parameters={masked}
2025-10-10T08:57:29.859-05:00 DEBUG 14708 --- [wms-backend] [http-nio-8080-exec-8] s.w.s.m.m.a.RequestMappingHandlerMapping : Mapped to com.woden.wms_backend.controllers.ClientesControllers.AccesorioController#getPackedAccesoriesSerials(String, String, Integer)
2025-10-10T08:57:29.863-05:00 DEBUG 14708 --- [wms-backend] [http-nio-8080-exec-9] o.s.w.s.m.m.a.HttpEntityMethodProcessor  : Using 'application/json', given [application/json, text/plain, */*] and supported [application/json, application/*+json, application/yaml, application/xml;charset=UTF-8, text/xml;charset=UTF-8, application/*+xml;charset=UTF-8]
2025-10-10T08:57:29.863-05:00 DEBUG 14708 --- [wms-backend] [http-nio-8080-exec-9] o.s.w.s.m.m.a.HttpEntityMethodProcessor  : Writing [0]
2025-10-10T08:57:29.863-05:00 DEBUG 14708 --- [wms-backend] [http-nio-8080-exec-9] o.s.web.servlet.DispatcherServlet        : Completed 200 OK
2025-10-10T08:57:29.866-05:00 DEBUG 14708 --- [wms-backend] [http-nio-8080-exec-10] o.s.w.s.m.m.a.HttpEntityMethodProcessor  : Using 'application/json', given [application/json, text/plain, */*] and supported [application/json, application/*+json, application/yaml, application/xml;charset=UTF-8, text/xml;charset=UTF-8, application/*+xml;charset=UTF-8]
2025-10-10T08:57:29.866-05:00 DEBUG 14708 --- [wms-backend] [http-nio-8080-exec-10] o.s.w.s.m.m.a.HttpEntityMethodProcessor  : Writing [0]
2025-10-10T08:57:29.866-05:00 DEBUG 14708 --- [wms-backend] [http-nio-8080-exec-3] o.s.w.s.m.m.a.HttpEntityMethodProcessor  : Using 'application/json', given [application/json, text/plain, */*] and supported [application/json, application/*+json, application/yaml, application/xml;charset=UTF-8, text/xml;charset=UTF-8, application/*+xml;charset=UTF-8]
2025-10-10T08:57:29.866-05:00 DEBUG 14708 --- [wms-backend] [http-nio-8080-exec-3] o.s.w.s.m.m.a.HttpEntityMethodProcessor  : Writing [3]
2025-10-10T08:57:29.866-05:00 DEBUG 14708 --- [wms-backend] [http-nio-8080-exec-10] o.s.web.servlet.DispatcherServlet        : Completed 200 OK
2025-10-10T08:57:29.867-05:00 DEBUG 14708 --- [wms-backend] [http-nio-8080-exec-3] o.s.web.servlet.DispatcherServlet        : Completed 200 OK
2025-10-10T08:57:29.878-05:00 DEBUG 14708 --- [wms-backend] [http-nio-8080-exec-5] o.s.w.s.m.m.a.HttpEntityMethodProcessor  : Using 'application/json', given [application/json, text/plain, */*] and supported [application/json, application/*+json, application/yaml, application/xml;charset=UTF-8, text/xml;charset=UTF-8, application/*+xml;charset=UTF-8]
2025-10-10T08:57:29.878-05:00 DEBUG 14708 --- [wms-backend] [http-nio-8080-exec-5] o.s.w.s.m.m.a.HttpEntityMethodProcessor  : Writing [0]
2025-10-10T08:57:29.879-05:00 DEBUG 14708 --- [wms-backend] [http-nio-8080-exec-5] o.s.web.servlet.DispatcherServlet        : Completed 200 OK
2025-10-10T08:57:29.968-05:00 DEBUG 14708 --- [wms-backend] [http-nio-8080-exec-8] o.s.w.s.m.m.a.HttpEntityMethodProcessor  : Using 'application/json', given [application/json, text/plain, */*] and supported [application/json, application/*+json, application/yaml, application/xml;charset=UTF-8, text/xml;charset=UTF-8, application/*+xml;charset=UTF-8]
2025-10-10T08:57:29.969-05:00 DEBUG 14708 --- [wms-backend] [http-nio-8080-exec-8] o.s.w.s.m.m.a.HttpEntityMethodProcessor  : Writing [1]
2025-10-10T08:57:29.969-05:00 DEBUG 14708 --- [wms-backend] [http-nio-8080-exec-8] o.s.web.servlet.DispatcherServlet        : Completed 200 OK
2025-10-10T08:57:38.733-05:00 DEBUG 14708 --- [wms-backend] [http-nio-8080-exec-4] o.s.web.servlet.DispatcherServlet        : GET "/general/version", parameters={}
2025-10-10T08:57:38.733-05:00 DEBUG 14708 --- [wms-backend] [http-nio-8080-exec-4] s.w.s.m.m.a.RequestMappingHandlerMapping : Mapped to com.woden.wms_backend.controllers.WmsWdGeneral.VersionController#getVersion()
2025-10-10T08:57:38.733-05:00 DEBUG 14708 --- [wms-backend] [http-nio-8080-exec-4] o.s.w.s.m.m.a.HttpEntityMethodProcessor  : Using 'application/json', given [application/json, text/plain, */*] and supported [text/plain, */*, application/json, application/*+json, application/yaml, application/xml;charset=UTF-8, text/xml;charset=UTF-8, application/*+xml;charset=UTF-8]
2025-10-10T08:57:38.733-05:00 DEBUG 14708 --- [wms-backend] [http-nio-8080-exec-4] o.s.w.s.m.m.a.HttpEntityMethodProcessor  : Writing ["1.0.1.48"]
2025-10-10T08:57:38.736-05:00 DEBUG 14708 --- [wms-backend] [http-nio-8080-exec-4] o.s.web.servlet.DispatcherServlet        : Completed 200 OK
2025-10-10T08:57:48.731-05:00 DEBUG 14708 --- [wms-backend] [http-nio-8080-exec-1] o.s.web.servlet.DispatcherServlet        : GET "/general/version", parameters={}
2025-10-10T08:57:48.731-05:00 DEBUG 14708 --- [wms-backend] [http-nio-8080-exec-1] s.w.s.m.m.a.RequestMappingHandlerMapping : Mapped to com.woden.wms_backend.controllers.WmsWdGeneral.VersionController#getVersion()
2025-10-10T08:57:48.732-05:00 DEBUG 14708 --- [wms-backend] [http-nio-8080-exec-1] o.s.w.s.m.m.a.HttpEntityMethodProcessor  : Using 'application/json', given [application/json, text/plain, */*] and supported [text/plain, */*, application/json, application/*+json, application/yaml, application/xml;charset=UTF-8, text/xml;charset=UTF-8, application/*+xml;charset=UTF-8]
2025-10-10T08:57:48.732-05:00 DEBUG 14708 --- [wms-backend] [http-nio-8080-exec-1] o.s.w.s.m.m.a.HttpEntityMethodProcessor  : Writing ["1.0.1.48"]
2025-10-10T08:57:48.732-05:00 DEBUG 14708 --- [wms-backend] [http-nio-8080-exec-1] o.s.web.servlet.DispatcherServlet        : Completed 200 OK
2025-10-10T08:57:58.728-05:00 DEBUG 14708 --- [wms-backend] [http-nio-8080-exec-2] o.s.web.servlet.DispatcherServlet        : GET "/general/version", parameters={}
2025-10-10T08:57:58.728-05:00 DEBUG 14708 --- [wms-backend] [http-nio-8080-exec-2] s.w.s.m.m.a.RequestMappingHandlerMapping : Mapped to com.woden.wms_backend.controllers.WmsWdGeneral.VersionController#getVersion()
2025-10-10T08:57:58.728-05:00 DEBUG 14708 --- [wms-backend] [http-nio-8080-exec-2] o.s.w.s.m.m.a.HttpEntityMethodProcessor  : Using 'application/json', given [application/json, text/plain, */*] and supported [text/plain, */*, application/json, application/*+json, application/yaml, application/xml;charset=UTF-8, text/xml;charset=UTF-8, application/*+xml;charset=UTF-8]
2025-10-10T08:57:58.728-05:00 DEBUG 14708 --- [wms-backend] [http-nio-8080-exec-2] o.s.w.s.m.m.a.HttpEntityMethodProcessor  : Writing ["1.0.1.48"]
2025-10-10T08:57:58.729-05:00 DEBUG 14708 --- [wms-backend] [http-nio-8080-exec-2] o.s.web.servlet.DispatcherServlet        : Completed 200 OK
2025-10-10T08:58:08.691-05:00 DEBUG 14708 --- [wms-backend] [http-nio-8080-exec-6] o.s.web.servlet.DispatcherServlet        : GET "/general/version", parameters={}
2025-10-10T08:58:08.691-05:00 DEBUG 14708 --- [wms-backend] [http-nio-8080-exec-6] s.w.s.m.m.a.RequestMappingHandlerMapping : Mapped to com.woden.wms_backend.controllers.WmsWdGeneral.VersionController#getVersion()
2025-10-10T08:58:08.691-05:00 DEBUG 14708 --- [wms-backend] [http-nio-8080-exec-6] o.s.w.s.m.m.a.HttpEntityMethodProcessor  : Using 'application/json', given [application/json, text/plain, */*] and supported [text/plain, */*, application/json, application/*+json, application/yaml, application/xml;charset=UTF-8, text/xml;charset=UTF-8, application/*+xml;charset=UTF-8]
2025-10-10T08:58:08.733-05:00 DEBUG 14708 --- [wms-backend] [http-nio-8080-exec-6] o.s.w.s.m.m.a.HttpEntityMethodProcessor  : Writing ["1.0.1.48"]
2025-10-10T08:58:08.733-05:00 DEBUG 14708 --- [wms-backend] [http-nio-8080-exec-6] o.s.web.servlet.DispatcherServlet        : Completed 200 OK
2025-10-10T08:58:19.216-05:00 DEBUG 14708 --- [wms-backend] [http-nio-8080-exec-7] o.s.web.servlet.DispatcherServlet        : GET "/general/version", parameters={}
2025-10-10T08:58:19.216-05:00 DEBUG 14708 --- [wms-backend] [http-nio-8080-exec-7] s.w.s.m.m.a.RequestMappingHandlerMapping : Mapped to com.woden.wms_backend.controllers.WmsWdGeneral.VersionController#getVersion()
2025-10-10T08:58:19.217-05:00 DEBUG 14708 --- [wms-backend] [http-nio-8080-exec-7] o.s.w.s.m.m.a.HttpEntityMethodProcessor  : Using 'application/json', given [application/json, text/plain, */*] and supported [text/plain, */*, application/json, application/*+json, application/yaml, application/xml;charset=UTF-8, text/xml;charset=UTF-8, application/*+xml;charset=UTF-8]
2025-10-10T08:58:19.217-05:00 DEBUG 14708 --- [wms-backend] [http-nio-8080-exec-7] o.s.w.s.m.m.a.HttpEntityMethodProcessor  : Writing ["1.0.1.48"]
2025-10-10T08:58:19.218-05:00 DEBUG 14708 --- [wms-backend] [http-nio-8080-exec-7] o.s.web.servlet.DispatcherServlet        : Completed 200 OK
2025-10-10T08:58:29.217-05:00 DEBUG 14708 --- [wms-backend] [http-nio-8080-exec-9] o.s.web.servlet.DispatcherServlet        : GET "/general/version", parameters={}
2025-10-10T08:58:29.218-05:00 DEBUG 14708 --- [wms-backend] [http-nio-8080-exec-9] s.w.s.m.m.a.RequestMappingHandlerMapping : Mapped to com.woden.wms_backend.controllers.WmsWdGeneral.VersionController#getVersion()
2025-10-10T08:58:29.219-05:00 DEBUG 14708 --- [wms-backend] [http-nio-8080-exec-9] o.s.w.s.m.m.a.HttpEntityMethodProcessor  : Using 'application/json', given [application/json, text/plain, */*] and supported [text/plain, */*, application/json, application/*+json, application/yaml, application/xml;charset=UTF-8, text/xml;charset=UTF-8, application/*+xml;charset=UTF-8]
2025-10-10T08:58:29.219-05:00 DEBUG 14708 --- [wms-backend] [http-nio-8080-exec-9] o.s.w.s.m.m.a.HttpEntityMethodProcessor  : Writing ["1.0.1.48"]
2025-10-10T08:58:29.220-05:00 DEBUG 14708 --- [wms-backend] [http-nio-8080-exec-9] o.s.web.servlet.DispatcherServlet        : Completed 200 OK
2025-10-10T08:58:39.216-05:00 DEBUG 14708 --- [wms-backend] [http-nio-8080-exec-1] o.s.web.servlet.DispatcherServlet        : GET "/general/version", parameters={}
2025-10-10T08:58:39.216-05:00 DEBUG 14708 --- [wms-backend] [http-nio-8080-exec-1] s.w.s.m.m.a.RequestMappingHandlerMapping : Mapped to com.woden.wms_backend.controllers.WmsWdGeneral.VersionController#getVersion()
2025-10-10T08:58:39.246-05:00 DEBUG 14708 --- [wms-backend] [http-nio-8080-exec-1] o.s.w.s.m.m.a.HttpEntityMethodProcessor  : Using 'application/json', given [application/json, text/plain, */*] and supported [text/plain, */*, application/json, application/*+json, application/yaml, application/xml;charset=UTF-8, text/xml;charset=UTF-8, application/*+xml;charset=UTF-8]
2025-10-10T08:58:39.247-05:00 DEBUG 14708 --- [wms-backend] [http-nio-8080-exec-1] o.s.w.s.m.m.a.HttpEntityMethodProcessor  : Writing ["1.0.1.48"]
2025-10-10T08:58:39.247-05:00 DEBUG 14708 --- [wms-backend] [http-nio-8080-exec-1] o.s.web.servlet.DispatcherServlet        : Completed 200 OK
2025-10-10T08:58:49.244-05:00 DEBUG 14708 --- [wms-backend] [http-nio-8080-exec-2] o.s.web.servlet.DispatcherServlet        : GET "/general/version", parameters={}
2025-10-10T08:58:49.244-05:00 DEBUG 14708 --- [wms-backend] [http-nio-8080-exec-2] s.w.s.m.m.a.RequestMappingHandlerMapping : Mapped to com.woden.wms_backend.controllers.WmsWdGeneral.VersionController#getVersion()
2025-10-10T08:58:49.245-05:00 DEBUG 14708 --- [wms-backend] [http-nio-8080-exec-2] o.s.w.s.m.m.a.HttpEntityMethodProcessor  : Using 'application/json', given [application/json, text/plain, */*] and supported [text/plain, */*, application/json, application/*+json, application/yaml, application/xml;charset=UTF-8, text/xml;charset=UTF-8, application/*+xml;charset=UTF-8]
2025-10-10T08:58:49.245-05:00 DEBUG 14708 --- [wms-backend] [http-nio-8080-exec-2] o.s.w.s.m.m.a.HttpEntityMethodProcessor  : Writing ["1.0.1.48"]
2025-10-10T08:58:49.246-05:00 DEBUG 14708 --- [wms-backend] [http-nio-8080-exec-2] o.s.web.servlet.DispatcherServlet        : Completed 200 OK
2025-10-10T08:58:59.218-05:00 DEBUG 14708 --- [wms-backend] [http-nio-8080-exec-6] o.s.web.servlet.DispatcherServlet        : GET "/general/version", parameters={}
2025-10-10T08:58:59.218-05:00 DEBUG 14708 --- [wms-backend] [http-nio-8080-exec-6] s.w.s.m.m.a.RequestMappingHandlerMapping : Mapped to com.woden.wms_backend.controllers.WmsWdGeneral.VersionController#getVersion()
2025-10-10T08:58:59.219-05:00 DEBUG 14708 --- [wms-backend] [http-nio-8080-exec-6] o.s.w.s.m.m.a.HttpEntityMethodProcessor  : Using 'application/json', given [application/json, text/plain, */*] and supported [text/plain, */*, application/json, application/*+json, application/yaml, application/xml;charset=UTF-8, text/xml;charset=UTF-8, application/*+xml;charset=UTF-8]
2025-10-10T08:58:59.219-05:00 DEBUG 14708 --- [wms-backend] [http-nio-8080-exec-6] o.s.w.s.m.m.a.HttpEntityMethodProcessor  : Writing ["1.0.1.48"]
2025-10-10T08:58:59.248-05:00 DEBUG 14708 --- [wms-backend] [http-nio-8080-exec-6] o.s.web.servlet.DispatcherServlet        : Completed 200 OK
2025-10-10T08:59:09.211-05:00 DEBUG 14708 --- [wms-backend] [http-nio-8080-exec-7] o.s.web.servlet.DispatcherServlet        : GET "/general/version", parameters={}
2025-10-10T08:59:09.213-05:00 DEBUG 14708 --- [wms-backend] [http-nio-8080-exec-7] s.w.s.m.m.a.RequestMappingHandlerMapping : Mapped to com.woden.wms_backend.controllers.WmsWdGeneral.VersionController#getVersion()
2025-10-10T08:59:09.215-05:00 DEBUG 14708 --- [wms-backend] [http-nio-8080-exec-7] o.s.w.s.m.m.a.HttpEntityMethodProcessor  : Using 'application/json', given [application/json, text/plain, */*] and supported [text/plain, */*, application/json, application/*+json, application/yaml, application/xml;charset=UTF-8, text/xml;charset=UTF-8, application/*+xml;charset=UTF-8]
2025-10-10T08:59:09.215-05:00 DEBUG 14708 --- [wms-backend] [http-nio-8080-exec-7] o.s.w.s.m.m.a.HttpEntityMethodProcessor  : Writing ["1.0.1.48"]
2025-10-10T08:59:09.216-05:00 DEBUG 14708 --- [wms-backend] [http-nio-8080-exec-7] o.s.web.servlet.DispatcherServlet        : Completed 200 OK
2025-10-10T08:59:22.218-05:00 DEBUG 14708 --- [wms-backend] [http-nio-8080-exec-9] o.s.web.servlet.DispatcherServlet        : GET "/general/version", parameters={}
2025-10-10T08:59:22.218-05:00 DEBUG 14708 --- [wms-backend] [http-nio-8080-exec-9] s.w.s.m.m.a.RequestMappingHandlerMapping : Mapped to com.woden.wms_backend.controllers.WmsWdGeneral.VersionController#getVersion()
2025-10-10T08:59:22.219-05:00 DEBUG 14708 --- [wms-backend] [http-nio-8080-exec-9] o.s.w.s.m.m.a.HttpEntityMethodProcessor  : Using 'application/json', given [application/json, text/plain, */*] and supported [text/plain, */*, application/json, application/*+json, application/yaml, application/xml;charset=UTF-8, text/xml;charset=UTF-8, application/*+xml;charset=UTF-8]
2025-10-10T08:59:22.220-05:00 DEBUG 14708 --- [wms-backend] [http-nio-8080-exec-9] o.s.w.s.m.m.a.HttpEntityMethodProcessor  : Writing ["1.0.1.48"]
2025-10-10T08:59:22.220-05:00 DEBUG 14708 --- [wms-backend] [http-nio-8080-exec-9] o.s.web.servlet.DispatcherServlet        : Completed 200 OK
2025-10-10T09:00:13.670-05:00 DEBUG 14708 --- [wms-backend] [http-nio-8080-exec-10] o.s.web.servlet.DispatcherServlet        : GET "/general/version", parameters={}
2025-10-10T09:00:13.670-05:00 DEBUG 14708 --- [wms-backend] [http-nio-8080-exec-10] s.w.s.m.m.a.RequestMappingHandlerMapping : Mapped to com.woden.wms_backend.controllers.WmsWdGeneral.VersionController#getVersion()
2025-10-10T09:00:13.671-05:00 DEBUG 14708 --- [wms-backend] [http-nio-8080-exec-10] o.s.w.s.m.m.a.HttpEntityMethodProcessor  : Using 'application/json', given [application/json, text/plain, */*] and supported [text/plain, */*, application/json, application/*+json, application/yaml, application/xml;charset=UTF-8, text/xml;charset=UTF-8, application/*+xml;charset=UTF-8]
2025-10-10T09:00:13.671-05:00 DEBUG 14708 --- [wms-backend] [http-nio-8080-exec-10] o.s.w.s.m.m.a.HttpEntityMethodProcessor  : Writing ["1.0.1.48"]
2025-10-10T09:00:13.672-05:00 DEBUG 14708 --- [wms-backend] [http-nio-8080-exec-10] o.s.web.servlet.DispatcherServlet        : Completed 200 OK
2025-10-10T09:00:18.688-05:00 DEBUG 14708 --- [wms-backend] [http-nio-8080-exec-3] o.s.web.servlet.DispatcherServlet        : GET "/general/version", parameters={}
2025-10-10T09:00:18.688-05:00 DEBUG 14708 --- [wms-backend] [http-nio-8080-exec-3] s.w.s.m.m.a.RequestMappingHandlerMapping : Mapped to com.woden.wms_backend.controllers.WmsWdGeneral.VersionController#getVersion()
2025-10-10T09:00:18.689-05:00 DEBUG 14708 --- [wms-backend] [http-nio-8080-exec-3] o.s.w.s.m.m.a.HttpEntityMethodProcessor  : Using 'application/json', given [application/json, text/plain, */*] and supported [text/plain, */*, application/json, application/*+json, application/yaml, application/xml;charset=UTF-8, text/xml;charset=UTF-8, application/*+xml;charset=UTF-8]
2025-10-10T09:00:18.689-05:00 DEBUG 14708 --- [wms-backend] [http-nio-8080-exec-3] o.s.w.s.m.m.a.HttpEntityMethodProcessor  : Writing ["1.0.1.48"]
2025-10-10T09:00:18.690-05:00 DEBUG 14708 --- [wms-backend] [http-nio-8080-exec-3] o.s.web.servlet.DispatcherServlet        : Completed 200 OK
2025-10-10T09:00:29.225-05:00 DEBUG 14708 --- [wms-backend] [http-nio-8080-exec-5] o.s.web.servlet.DispatcherServlet        : GET "/general/version", parameters={}
2025-10-10T09:00:29.225-05:00 DEBUG 14708 --- [wms-backend] [http-nio-8080-exec-5] s.w.s.m.m.a.RequestMappingHandlerMapping : Mapped to com.woden.wms_backend.controllers.WmsWdGeneral.VersionController#getVersion()
2025-10-10T09:00:29.226-05:00 DEBUG 14708 --- [wms-backend] [http-nio-8080-exec-5] o.s.w.s.m.m.a.HttpEntityMethodProcessor  : Using 'application/json', given [application/json, text/plain, */*] and supported [text/plain, */*, application/json, application/*+json, application/yaml, application/xml;charset=UTF-8, text/xml;charset=UTF-8, application/*+xml;charset=UTF-8]
2025-10-10T09:00:29.226-05:00 DEBUG 14708 --- [wms-backend] [http-nio-8080-exec-5] o.s.w.s.m.m.a.HttpEntityMethodProcessor  : Writing ["1.0.1.48"]
2025-10-10T09:00:29.226-05:00 DEBUG 14708 --- [wms-backend] [http-nio-8080-exec-5] o.s.web.servlet.DispatcherServlet        : Completed 200 OK
2025-10-10T09:00:39.216-05:00 DEBUG 14708 --- [wms-backend] [http-nio-8080-exec-8] o.s.web.servlet.DispatcherServlet        : GET "/general/version", parameters={}
2025-10-10T09:00:39.217-05:00 DEBUG 14708 --- [wms-backend] [http-nio-8080-exec-8] s.w.s.m.m.a.RequestMappingHandlerMapping : Mapped to com.woden.wms_backend.controllers.WmsWdGeneral.VersionController#getVersion()
2025-10-10T09:00:39.217-05:00 DEBUG 14708 --- [wms-backend] [http-nio-8080-exec-8] o.s.w.s.m.m.a.HttpEntityMethodProcessor  : Using 'application/json', given [application/json, text/plain, */*] and supported [text/plain, */*, application/json, application/*+json, application/yaml, application/xml;charset=UTF-8, text/xml;charset=UTF-8, application/*+xml;charset=UTF-8]
2025-10-10T09:00:39.218-05:00 DEBUG 14708 --- [wms-backend] [http-nio-8080-exec-8] o.s.w.s.m.m.a.HttpEntityMethodProcessor  : Writing ["1.0.1.48"]
2025-10-10T09:00:39.218-05:00 DEBUG 14708 --- [wms-backend] [http-nio-8080-exec-8] o.s.web.servlet.DispatcherServlet        : Completed 200 OK
2025-10-10T09:00:49.215-05:00 DEBUG 14708 --- [wms-backend] [http-nio-8080-exec-4] o.s.web.servlet.DispatcherServlet        : GET "/general/version", parameters={}
2025-10-10T09:00:49.215-05:00 DEBUG 14708 --- [wms-backend] [http-nio-8080-exec-4] s.w.s.m.m.a.RequestMappingHandlerMapping : Mapped to com.woden.wms_backend.controllers.WmsWdGeneral.VersionController#getVersion()
2025-10-10T09:00:49.216-05:00 DEBUG 14708 --- [wms-backend] [http-nio-8080-exec-4] o.s.w.s.m.m.a.HttpEntityMethodProcessor  : Using 'application/json', given [application/json, text/plain, */*] and supported [text/plain, */*, application/json, application/*+json, application/yaml, application/xml;charset=UTF-8, text/xml;charset=UTF-8, application/*+xml;charset=UTF-8]
2025-10-10T09:00:49.216-05:00 DEBUG 14708 --- [wms-backend] [http-nio-8080-exec-4] o.s.w.s.m.m.a.HttpEntityMethodProcessor  : Writing ["1.0.1.48"]
2025-10-10T09:00:49.216-05:00 DEBUG 14708 --- [wms-backend] [http-nio-8080-exec-4] o.s.web.servlet.DispatcherServlet        : Completed 200 OK
2025-10-10T09:00:59.215-05:00 DEBUG 14708 --- [wms-backend] [http-nio-8080-exec-1] o.s.web.servlet.DispatcherServlet        : GET "/general/version", parameters={}
2025-10-10T09:00:59.216-05:00 DEBUG 14708 --- [wms-backend] [http-nio-8080-exec-1] s.w.s.m.m.a.RequestMappingHandlerMapping : Mapped to com.woden.wms_backend.controllers.WmsWdGeneral.VersionController#getVersion()
2025-10-10T09:00:59.216-05:00 DEBUG 14708 --- [wms-backend] [http-nio-8080-exec-1] o.s.w.s.m.m.a.HttpEntityMethodProcessor  : Using 'application/json', given [application/json, text/plain, */*] and supported [text/plain, */*, application/json, application/*+json, application/yaml, application/xml;charset=UTF-8, text/xml;charset=UTF-8, application/*+xml;charset=UTF-8]
2025-10-10T09:00:59.216-05:00 DEBUG 14708 --- [wms-backend] [http-nio-8080-exec-1] o.s.w.s.m.m.a.HttpEntityMethodProcessor  : Writing ["1.0.1.48"]
2025-10-10T09:00:59.217-05:00 DEBUG 14708 --- [wms-backend] [http-nio-8080-exec-1] o.s.web.servlet.DispatcherServlet        : Completed 200 OK
2025-10-10T09:01:09.217-05:00 DEBUG 14708 --- [wms-backend] [http-nio-8080-exec-2] o.s.web.servlet.DispatcherServlet        : GET "/general/version", parameters={}
2025-10-10T09:01:09.217-05:00 DEBUG 14708 --- [wms-backend] [http-nio-8080-exec-2] s.w.s.m.m.a.RequestMappingHandlerMapping : Mapped to com.woden.wms_backend.controllers.WmsWdGeneral.VersionController#getVersion()
2025-10-10T09:01:09.217-05:00 DEBUG 14708 --- [wms-backend] [http-nio-8080-exec-2] o.s.w.s.m.m.a.HttpEntityMethodProcessor  : Using 'application/json', given [application/json, text/plain, */*] and supported [text/plain, */*, application/json, application/*+json, application/yaml, application/xml;charset=UTF-8, text/xml;charset=UTF-8, application/*+xml;charset=UTF-8]
2025-10-10T09:01:09.217-05:00 DEBUG 14708 --- [wms-backend] [http-nio-8080-exec-2] o.s.w.s.m.m.a.HttpEntityMethodProcessor  : Writing ["1.0.1.48"]
2025-10-10T09:01:09.218-05:00 DEBUG 14708 --- [wms-backend] [http-nio-8080-exec-2] o.s.web.servlet.DispatcherServlet        : Completed 200 OK
2025-10-10T09:01:19.220-05:00 DEBUG 14708 --- [wms-backend] [http-nio-8080-exec-6] o.s.web.servlet.DispatcherServlet        : GET "/general/version", parameters={}
2025-10-10T09:01:19.220-05:00 DEBUG 14708 --- [wms-backend] [http-nio-8080-exec-6] s.w.s.m.m.a.RequestMappingHandlerMapping : Mapped to com.woden.wms_backend.controllers.WmsWdGeneral.VersionController#getVersion()
2025-10-10T09:01:19.221-05:00 DEBUG 14708 --- [wms-backend] [http-nio-8080-exec-6] o.s.w.s.m.m.a.HttpEntityMethodProcessor  : Using 'application/json', given [application/json, text/plain, */*] and supported [text/plain, */*, application/json, application/*+json, application/yaml, application/xml;charset=UTF-8, text/xml;charset=UTF-8, application/*+xml;charset=UTF-8]
2025-10-10T09:01:19.221-05:00 DEBUG 14708 --- [wms-backend] [http-nio-8080-exec-6] o.s.w.s.m.m.a.HttpEntityMethodProcessor  : Writing ["1.0.1.48"]
2025-10-10T09:01:19.223-05:00 DEBUG 14708 --- [wms-backend] [http-nio-8080-exec-6] o.s.web.servlet.DispatcherServlet        : Completed 200 OK
2025-10-10T09:01:28.697-05:00 DEBUG 14708 --- [wms-backend] [http-nio-8080-exec-7] o.s.web.servlet.DispatcherServlet        : GET "/general/version", parameters={}
2025-10-10T09:01:28.697-05:00 DEBUG 14708 --- [wms-backend] [http-nio-8080-exec-7] s.w.s.m.m.a.RequestMappingHandlerMapping : Mapped to com.woden.wms_backend.controllers.WmsWdGeneral.VersionController#getVersion()
2025-10-10T09:01:28.697-05:00 DEBUG 14708 --- [wms-backend] [http-nio-8080-exec-7] o.s.w.s.m.m.a.HttpEntityMethodProcessor  : Using 'application/json', given [application/json, text/plain, */*] and supported [text/plain, */*, application/json, application/*+json, application/yaml, application/xml;charset=UTF-8, text/xml;charset=UTF-8, application/*+xml;charset=UTF-8]
2025-10-10T09:01:28.697-05:00 DEBUG 14708 --- [wms-backend] [http-nio-8080-exec-7] o.s.w.s.m.m.a.HttpEntityMethodProcessor  : Writing ["1.0.1.48"]
2025-10-10T09:01:28.699-05:00 DEBUG 14708 --- [wms-backend] [http-nio-8080-exec-7] o.s.web.servlet.DispatcherServlet        : Completed 200 OK
2025-10-10T09:01:39.226-05:00 DEBUG 14708 --- [wms-backend] [http-nio-8080-exec-9] o.s.web.servlet.DispatcherServlet        : GET "/general/version", parameters={}
2025-10-10T09:01:39.226-05:00 DEBUG 14708 --- [wms-backend] [http-nio-8080-exec-9] s.w.s.m.m.a.RequestMappingHandlerMapping : Mapped to com.woden.wms_backend.controllers.WmsWdGeneral.VersionController#getVersion()
2025-10-10T09:01:39.227-05:00 DEBUG 14708 --- [wms-backend] [http-nio-8080-exec-9] o.s.w.s.m.m.a.HttpEntityMethodProcessor  : Using 'application/json', given [application/json, text/plain, */*] and supported [text/plain, */*, application/json, application/*+json, application/yaml, application/xml;charset=UTF-8, text/xml;charset=UTF-8, application/*+xml;charset=UTF-8]
2025-10-10T09:01:39.227-05:00 DEBUG 14708 --- [wms-backend] [http-nio-8080-exec-9] o.s.w.s.m.m.a.HttpEntityMethodProcessor  : Writing ["1.0.1.48"]
2025-10-10T09:01:39.227-05:00 DEBUG 14708 --- [wms-backend] [http-nio-8080-exec-9] o.s.web.servlet.DispatcherServlet        : Completed 200 OK
2025-10-10T09:01:49.212-05:00 DEBUG 14708 --- [wms-backend] [http-nio-8080-exec-10] o.s.web.servlet.DispatcherServlet        : GET "/general/version", parameters={}
2025-10-10T09:01:49.213-05:00 DEBUG 14708 --- [wms-backend] [http-nio-8080-exec-10] s.w.s.m.m.a.RequestMappingHandlerMapping : Mapped to com.woden.wms_backend.controllers.WmsWdGeneral.VersionController#getVersion()
2025-10-10T09:01:49.213-05:00 DEBUG 14708 --- [wms-backend] [http-nio-8080-exec-10] o.s.w.s.m.m.a.HttpEntityMethodProcessor  : Using 'application/json', given [application/json, text/plain, */*] and supported [text/plain, */*, application/json, application/*+json, application/yaml, application/xml;charset=UTF-8, text/xml;charset=UTF-8, application/*+xml;charset=UTF-8]
2025-10-10T09:01:49.213-05:00 DEBUG 14708 --- [wms-backend] [http-nio-8080-exec-10] o.s.w.s.m.m.a.HttpEntityMethodProcessor  : Writing ["1.0.1.48"]
2025-10-10T09:01:49.214-05:00 DEBUG 14708 --- [wms-backend] [http-nio-8080-exec-10] o.s.web.servlet.DispatcherServlet        : Completed 200 OK
2025-10-10T09:01:59.223-05:00 DEBUG 14708 --- [wms-backend] [http-nio-8080-exec-3] o.s.web.servlet.DispatcherServlet        : GET "/general/version", parameters={}
2025-10-10T09:01:59.223-05:00 DEBUG 14708 --- [wms-backend] [http-nio-8080-exec-3] s.w.s.m.m.a.RequestMappingHandlerMapping : Mapped to com.woden.wms_backend.controllers.WmsWdGeneral.VersionController#getVersion()
2025-10-10T09:01:59.225-05:00 DEBUG 14708 --- [wms-backend] [http-nio-8080-exec-3] o.s.w.s.m.m.a.HttpEntityMethodProcessor  : Using 'application/json', given [application/json, text/plain, */*] and supported [text/plain, */*, application/json, application/*+json, application/yaml, application/xml;charset=UTF-8, text/xml;charset=UTF-8, application/*+xml;charset=UTF-8]
2025-10-10T09:01:59.225-05:00 DEBUG 14708 --- [wms-backend] [http-nio-8080-exec-3] o.s.w.s.m.m.a.HttpEntityMethodProcessor  : Writing ["1.0.1.48"]
2025-10-10T09:01:59.226-05:00 DEBUG 14708 --- [wms-backend] [http-nio-8080-exec-3] o.s.web.servlet.DispatcherServlet        : Completed 200 OK
2025-10-10T09:02:09.225-05:00 DEBUG 14708 --- [wms-backend] [http-nio-8080-exec-5] o.s.web.servlet.DispatcherServlet        : GET "/general/version", parameters={}
2025-10-10T09:02:09.225-05:00 DEBUG 14708 --- [wms-backend] [http-nio-8080-exec-5] s.w.s.m.m.a.RequestMappingHandlerMapping : Mapped to com.woden.wms_backend.controllers.WmsWdGeneral.VersionController#getVersion()
2025-10-10T09:02:09.225-05:00 DEBUG 14708 --- [wms-backend] [http-nio-8080-exec-5] o.s.w.s.m.m.a.HttpEntityMethodProcessor  : Using 'application/json', given [application/json, text/plain, */*] and supported [text/plain, */*, application/json, application/*+json, application/yaml, application/xml;charset=UTF-8, text/xml;charset=UTF-8, application/*+xml;charset=UTF-8]
2025-10-10T09:02:09.225-05:00 DEBUG 14708 --- [wms-backend] [http-nio-8080-exec-5] o.s.w.s.m.m.a.HttpEntityMethodProcessor  : Writing ["1.0.1.48"]
2025-10-10T09:02:09.226-05:00 DEBUG 14708 --- [wms-backend] [http-nio-8080-exec-5] o.s.web.servlet.DispatcherServlet        : Completed 200 OK
2025-10-10T09:02:19.214-05:00 DEBUG 14708 --- [wms-backend] [http-nio-8080-exec-8] o.s.web.servlet.DispatcherServlet        : GET "/general/version", parameters={}
2025-10-10T09:02:19.214-05:00 DEBUG 14708 --- [wms-backend] [http-nio-8080-exec-8] s.w.s.m.m.a.RequestMappingHandlerMapping : Mapped to com.woden.wms_backend.controllers.WmsWdGeneral.VersionController#getVersion()
2025-10-10T09:02:19.214-05:00 DEBUG 14708 --- [wms-backend] [http-nio-8080-exec-8] o.s.w.s.m.m.a.HttpEntityMethodProcessor  : Using 'application/json', given [application/json, text/plain, */*] and supported [text/plain, */*, application/json, application/*+json, application/yaml, application/xml;charset=UTF-8, text/xml;charset=UTF-8, application/*+xml;charset=UTF-8]
2025-10-10T09:02:19.215-05:00 DEBUG 14708 --- [wms-backend] [http-nio-8080-exec-8] o.s.w.s.m.m.a.HttpEntityMethodProcessor  : Writing ["1.0.1.48"]
2025-10-10T09:02:19.215-05:00 DEBUG 14708 --- [wms-backend] [http-nio-8080-exec-8] o.s.web.servlet.DispatcherServlet        : Completed 200 OK
2025-10-10T09:02:29.223-05:00 DEBUG 14708 --- [wms-backend] [http-nio-8080-exec-4] o.s.web.servlet.DispatcherServlet        : GET "/general/version", parameters={}
2025-10-10T09:02:29.223-05:00 DEBUG 14708 --- [wms-backend] [http-nio-8080-exec-4] s.w.s.m.m.a.RequestMappingHandlerMapping : Mapped to com.woden.wms_backend.controllers.WmsWdGeneral.VersionController#getVersion()
2025-10-10T09:02:29.225-05:00 DEBUG 14708 --- [wms-backend] [http-nio-8080-exec-4] o.s.w.s.m.m.a.HttpEntityMethodProcessor  : Using 'application/json', given [application/json, text/plain, */*] and supported [text/plain, */*, application/json, application/*+json, application/yaml, application/xml;charset=UTF-8, text/xml;charset=UTF-8, application/*+xml;charset=UTF-8]
2025-10-10T09:02:29.225-05:00 DEBUG 14708 --- [wms-backend] [http-nio-8080-exec-4] o.s.w.s.m.m.a.HttpEntityMethodProcessor  : Writing ["1.0.1.48"]
2025-10-10T09:02:29.225-05:00 DEBUG 14708 --- [wms-backend] [http-nio-8080-exec-4] o.s.web.servlet.DispatcherServlet        : Completed 200 OK
2025-10-10T09:03:22.217-05:00 DEBUG 14708 --- [wms-backend] [http-nio-8080-exec-1] o.s.web.servlet.DispatcherServlet        : GET "/general/version", parameters={}
2025-10-10T09:03:22.217-05:00 DEBUG 14708 --- [wms-backend] [http-nio-8080-exec-1] s.w.s.m.m.a.RequestMappingHandlerMapping : Mapped to com.woden.wms_backend.controllers.WmsWdGeneral.VersionController#getVersion()
2025-10-10T09:03:22.218-05:00 DEBUG 14708 --- [wms-backend] [http-nio-8080-exec-1] o.s.w.s.m.m.a.HttpEntityMethodProcessor  : Using 'application/json', given [application/json, text/plain, */*] and supported [text/plain, */*, application/json, application/*+json, application/yaml, application/xml;charset=UTF-8, text/xml;charset=UTF-8, application/*+xml;charset=UTF-8]
2025-10-10T09:03:22.218-05:00 DEBUG 14708 --- [wms-backend] [http-nio-8080-exec-1] o.s.w.s.m.m.a.HttpEntityMethodProcessor  : Writing ["1.0.1.48"]
2025-10-10T09:03:22.218-05:00 DEBUG 14708 --- [wms-backend] [http-nio-8080-exec-1] o.s.web.servlet.DispatcherServlet        : Completed 200 OK
2025-10-10T09:03:46.194-05:00 DEBUG 14708 --- [wms-backend] [http-nio-8080-exec-2] o.s.web.servlet.DispatcherServlet        : GET "/general/version", parameters={}
2025-10-10T09:03:46.195-05:00 DEBUG 14708 --- [wms-backend] [http-nio-8080-exec-2] s.w.s.m.m.a.RequestMappingHandlerMapping : Mapped to com.woden.wms_backend.controllers.WmsWdGeneral.VersionController#getVersion()
2025-10-10T09:03:46.195-05:00 DEBUG 14708 --- [wms-backend] [http-nio-8080-exec-2] o.s.w.s.m.m.a.HttpEntityMethodProcessor  : Using 'application/json', given [application/json, text/plain, */*] and supported [text/plain, */*, application/json, application/*+json, application/yaml, application/xml;charset=UTF-8, text/xml;charset=UTF-8, application/*+xml;charset=UTF-8]
2025-10-10T09:03:46.195-05:00 DEBUG 14708 --- [wms-backend] [http-nio-8080-exec-2] o.s.w.s.m.m.a.HttpEntityMethodProcessor  : Writing ["1.0.1.48"]
2025-10-10T09:03:46.195-05:00 DEBUG 14708 --- [wms-backend] [http-nio-8080-exec-2] o.s.web.servlet.DispatcherServlet        : Completed 200 OK
2025-10-10T09:03:48.689-05:00 DEBUG 14708 --- [wms-backend] [http-nio-8080-exec-6] o.s.web.servlet.DispatcherServlet        : GET "/general/version", parameters={}
2025-10-10T09:03:48.689-05:00 DEBUG 14708 --- [wms-backend] [http-nio-8080-exec-6] s.w.s.m.m.a.RequestMappingHandlerMapping : Mapped to com.woden.wms_backend.controllers.WmsWdGeneral.VersionController#getVersion()
2025-10-10T09:03:48.689-05:00 DEBUG 14708 --- [wms-backend] [http-nio-8080-exec-6] o.s.w.s.m.m.a.HttpEntityMethodProcessor  : Using 'application/json', given [application/json, text/plain, */*] and supported [text/plain, */*, application/json, application/*+json, application/yaml, application/xml;charset=UTF-8, text/xml;charset=UTF-8, application/*+xml;charset=UTF-8]
2025-10-10T09:03:48.689-05:00 DEBUG 14708 --- [wms-backend] [http-nio-8080-exec-6] o.s.w.s.m.m.a.HttpEntityMethodProcessor  : Writing ["1.0.1.48"]
2025-10-10T09:03:48.690-05:00 DEBUG 14708 --- [wms-backend] [http-nio-8080-exec-6] o.s.web.servlet.DispatcherServlet        : Completed 200 OK
2025-10-10T09:03:59.220-05:00 DEBUG 14708 --- [wms-backend] [http-nio-8080-exec-7] o.s.web.servlet.DispatcherServlet        : GET "/general/version", parameters={}
2025-10-10T09:03:59.220-05:00 DEBUG 14708 --- [wms-backend] [http-nio-8080-exec-7] s.w.s.m.m.a.RequestMappingHandlerMapping : Mapped to com.woden.wms_backend.controllers.WmsWdGeneral.VersionController#getVersion()
2025-10-10T09:03:59.221-05:00 DEBUG 14708 --- [wms-backend] [http-nio-8080-exec-7] o.s.w.s.m.m.a.HttpEntityMethodProcessor  : Using 'application/json', given [application/json, text/plain, */*] and supported [text/plain, */*, application/json, application/*+json, application/yaml, application/xml;charset=UTF-8, text/xml;charset=UTF-8, application/*+xml;charset=UTF-8]
2025-10-10T09:03:59.221-05:00 DEBUG 14708 --- [wms-backend] [http-nio-8080-exec-7] o.s.w.s.m.m.a.HttpEntityMethodProcessor  : Writing ["1.0.1.48"]
2025-10-10T09:03:59.221-05:00 DEBUG 14708 --- [wms-backend] [http-nio-8080-exec-7] o.s.web.servlet.DispatcherServlet        : Completed 200 OK
2025-10-10T09:04:09.215-05:00 DEBUG 14708 --- [wms-backend] [http-nio-8080-exec-9] o.s.web.servlet.DispatcherServlet        : GET "/general/version", parameters={}
2025-10-10T09:04:09.215-05:00 DEBUG 14708 --- [wms-backend] [http-nio-8080-exec-9] s.w.s.m.m.a.RequestMappingHandlerMapping : Mapped to com.woden.wms_backend.controllers.WmsWdGeneral.VersionController#getVersion()
2025-10-10T09:04:09.216-05:00 DEBUG 14708 --- [wms-backend] [http-nio-8080-exec-9] o.s.w.s.m.m.a.HttpEntityMethodProcessor  : Using 'application/json', given [application/json, text/plain, */*] and supported [text/plain, */*, application/json, application/*+json, application/yaml, application/xml;charset=UTF-8, text/xml;charset=UTF-8, application/*+xml;charset=UTF-8]
2025-10-10T09:04:09.216-05:00 DEBUG 14708 --- [wms-backend] [http-nio-8080-exec-9] o.s.w.s.m.m.a.HttpEntityMethodProcessor  : Writing ["1.0.1.48"]
2025-10-10T09:04:09.217-05:00 DEBUG 14708 --- [wms-backend] [http-nio-8080-exec-9] o.s.web.servlet.DispatcherServlet        : Completed 200 OK
2025-10-10T09:04:19.216-05:00 DEBUG 14708 --- [wms-backend] [http-nio-8080-exec-10] o.s.web.servlet.DispatcherServlet        : GET "/general/version", parameters={}
2025-10-10T09:04:19.217-05:00 DEBUG 14708 --- [wms-backend] [http-nio-8080-exec-10] s.w.s.m.m.a.RequestMappingHandlerMapping : Mapped to com.woden.wms_backend.controllers.WmsWdGeneral.VersionController#getVersion()
2025-10-10T09:04:19.217-05:00 DEBUG 14708 --- [wms-backend] [http-nio-8080-exec-10] o.s.w.s.m.m.a.HttpEntityMethodProcessor  : Using 'application/json', given [application/json, text/plain, */*] and supported [text/plain, */*, application/json, application/*+json, application/yaml, application/xml;charset=UTF-8, text/xml;charset=UTF-8, application/*+xml;charset=UTF-8]
2025-10-10T09:04:19.217-05:00 DEBUG 14708 --- [wms-backend] [http-nio-8080-exec-10] o.s.w.s.m.m.a.HttpEntityMethodProcessor  : Writing ["1.0.1.48"]
2025-10-10T09:04:19.218-05:00 DEBUG 14708 --- [wms-backend] [http-nio-8080-exec-10] o.s.web.servlet.DispatcherServlet        : Completed 200 OK
2025-10-10T09:04:29.217-05:00 DEBUG 14708 --- [wms-backend] [http-nio-8080-exec-3] o.s.web.servlet.DispatcherServlet        : GET "/general/version", parameters={}
2025-10-10T09:04:29.217-05:00 DEBUG 14708 --- [wms-backend] [http-nio-8080-exec-3] s.w.s.m.m.a.RequestMappingHandlerMapping : Mapped to com.woden.wms_backend.controllers.WmsWdGeneral.VersionController#getVersion()
2025-10-10T09:04:29.217-05:00 DEBUG 14708 --- [wms-backend] [http-nio-8080-exec-3] o.s.w.s.m.m.a.HttpEntityMethodProcessor  : Using 'application/json', given [application/json, text/plain, */*] and supported [text/plain, */*, application/json, application/*+json, application/yaml, application/xml;charset=UTF-8, text/xml;charset=UTF-8, application/*+xml;charset=UTF-8]
2025-10-10T09:04:29.217-05:00 DEBUG 14708 --- [wms-backend] [http-nio-8080-exec-3] o.s.w.s.m.m.a.HttpEntityMethodProcessor  : Writing ["1.0.1.48"]
2025-10-10T09:04:29.218-05:00 DEBUG 14708 --- [wms-backend] [http-nio-8080-exec-3] o.s.web.servlet.DispatcherServlet        : Completed 200 OK
2025-10-10T09:04:39.219-05:00 DEBUG 14708 --- [wms-backend] [http-nio-8080-exec-5] o.s.web.servlet.DispatcherServlet        : GET "/general/version", parameters={}
2025-10-10T09:04:39.219-05:00 DEBUG 14708 --- [wms-backend] [http-nio-8080-exec-5] s.w.s.m.m.a.RequestMappingHandlerMapping : Mapped to com.woden.wms_backend.controllers.WmsWdGeneral.VersionController#getVersion()
2025-10-10T09:04:39.220-05:00 DEBUG 14708 --- [wms-backend] [http-nio-8080-exec-5] o.s.w.s.m.m.a.HttpEntityMethodProcessor  : Using 'application/json', given [application/json, text/plain, */*] and supported [text/plain, */*, application/json, application/*+json, application/yaml, application/xml;charset=UTF-8, text/xml;charset=UTF-8, application/*+xml;charset=UTF-8]
2025-10-10T09:04:39.220-05:00 DEBUG 14708 --- [wms-backend] [http-nio-8080-exec-5] o.s.w.s.m.m.a.HttpEntityMethodProcessor  : Writing ["1.0.1.48"]
2025-10-10T09:04:39.220-05:00 DEBUG 14708 --- [wms-backend] [http-nio-8080-exec-5] o.s.web.servlet.DispatcherServlet        : Completed 200 OK
2025-10-10T09:04:49.224-05:00 DEBUG 14708 --- [wms-backend] [http-nio-8080-exec-8] o.s.web.servlet.DispatcherServlet        : GET "/general/version", parameters={}
2025-10-10T09:04:49.224-05:00 DEBUG 14708 --- [wms-backend] [http-nio-8080-exec-8] s.w.s.m.m.a.RequestMappingHandlerMapping : Mapped to com.woden.wms_backend.controllers.WmsWdGeneral.VersionController#getVersion()
2025-10-10T09:04:49.224-05:00 DEBUG 14708 --- [wms-backend] [http-nio-8080-exec-8] o.s.w.s.m.m.a.HttpEntityMethodProcessor  : Using 'application/json', given [application/json, text/plain, */*] and supported [text/plain, */*, application/json, application/*+json, application/yaml, application/xml;charset=UTF-8, text/xml;charset=UTF-8, application/*+xml;charset=UTF-8]
2025-10-10T09:04:49.224-05:00 DEBUG 14708 --- [wms-backend] [http-nio-8080-exec-8] o.s.w.s.m.m.a.HttpEntityMethodProcessor  : Writing ["1.0.1.48"]
2025-10-10T09:04:49.225-05:00 DEBUG 14708 --- [wms-backend] [http-nio-8080-exec-8] o.s.web.servlet.DispatcherServlet        : Completed 200 OK
2025-10-10T09:04:59.216-05:00 DEBUG 14708 --- [wms-backend] [http-nio-8080-exec-4] o.s.web.servlet.DispatcherServlet        : GET "/general/version", parameters={}
2025-10-10T09:04:59.216-05:00 DEBUG 14708 --- [wms-backend] [http-nio-8080-exec-4] s.w.s.m.m.a.RequestMappingHandlerMapping : Mapped to com.woden.wms_backend.controllers.WmsWdGeneral.VersionController#getVersion()
2025-10-10T09:04:59.217-05:00 DEBUG 14708 --- [wms-backend] [http-nio-8080-exec-4] o.s.w.s.m.m.a.HttpEntityMethodProcessor  : Using 'application/json', given [application/json, text/plain, */*] and supported [text/plain, */*, application/json, application/*+json, application/yaml, application/xml;charset=UTF-8, text/xml;charset=UTF-8, application/*+xml;charset=UTF-8]
2025-10-10T09:04:59.217-05:00 DEBUG 14708 --- [wms-backend] [http-nio-8080-exec-4] o.s.w.s.m.m.a.HttpEntityMethodProcessor  : Writing ["1.0.1.48"]
2025-10-10T09:04:59.217-05:00 DEBUG 14708 --- [wms-backend] [http-nio-8080-exec-4] o.s.web.servlet.DispatcherServlet        : Completed 200 OK
2025-10-10T09:05:09.223-05:00 DEBUG 14708 --- [wms-backend] [http-nio-8080-exec-1] o.s.web.servlet.DispatcherServlet        : GET "/general/version", parameters={}
2025-10-10T09:05:09.223-05:00 DEBUG 14708 --- [wms-backend] [http-nio-8080-exec-1] s.w.s.m.m.a.RequestMappingHandlerMapping : Mapped to com.woden.wms_backend.controllers.WmsWdGeneral.VersionController#getVersion()
2025-10-10T09:05:09.224-05:00 DEBUG 14708 --- [wms-backend] [http-nio-8080-exec-1] o.s.w.s.m.m.a.HttpEntityMethodProcessor  : Using 'application/json', given [application/json, text/plain, */*] and supported [text/plain, */*, application/json, application/*+json, application/yaml, application/xml;charset=UTF-8, text/xml;charset=UTF-8, application/*+xml;charset=UTF-8]
2025-10-10T09:05:09.224-05:00 DEBUG 14708 --- [wms-backend] [http-nio-8080-exec-1] o.s.w.s.m.m.a.HttpEntityMethodProcessor  : Writing ["1.0.1.48"]
2025-10-10T09:05:09.224-05:00 DEBUG 14708 --- [wms-backend] [http-nio-8080-exec-1] o.s.web.servlet.DispatcherServlet        : Completed 200 OK
2025-10-10T09:05:19.225-05:00 DEBUG 14708 --- [wms-backend] [http-nio-8080-exec-2] o.s.web.servlet.DispatcherServlet        : GET "/general/version", parameters={}
2025-10-10T09:05:19.225-05:00 DEBUG 14708 --- [wms-backend] [http-nio-8080-exec-2] s.w.s.m.m.a.RequestMappingHandlerMapping : Mapped to com.woden.wms_backend.controllers.WmsWdGeneral.VersionController#getVersion()
2025-10-10T09:05:19.225-05:00 DEBUG 14708 --- [wms-backend] [http-nio-8080-exec-2] o.s.w.s.m.m.a.HttpEntityMethodProcessor  : Using 'application/json', given [application/json, text/plain, */*] and supported [text/plain, */*, application/json, application/*+json, application/yaml, application/xml;charset=UTF-8, text/xml;charset=UTF-8, application/*+xml;charset=UTF-8]
2025-10-10T09:05:19.225-05:00 DEBUG 14708 --- [wms-backend] [http-nio-8080-exec-2] o.s.w.s.m.m.a.HttpEntityMethodProcessor  : Writing ["1.0.1.48"]
2025-10-10T09:05:19.226-05:00 DEBUG 14708 --- [wms-backend] [http-nio-8080-exec-2] o.s.web.servlet.DispatcherServlet        : Completed 200 OK
2025-10-10T09:05:29.216-05:00 DEBUG 14708 --- [wms-backend] [http-nio-8080-exec-6] o.s.web.servlet.DispatcherServlet        : GET "/general/version", parameters={}
2025-10-10T09:05:29.217-05:00 DEBUG 14708 --- [wms-backend] [http-nio-8080-exec-6] s.w.s.m.m.a.RequestMappingHandlerMapping : Mapped to com.woden.wms_backend.controllers.WmsWdGeneral.VersionController#getVersion()
2025-10-10T09:05:29.217-05:00 DEBUG 14708 --- [wms-backend] [http-nio-8080-exec-6] o.s.w.s.m.m.a.HttpEntityMethodProcessor  : Using 'application/json', given [application/json, text/plain, */*] and supported [text/plain, */*, application/json, application/*+json, application/yaml, application/xml;charset=UTF-8, text/xml;charset=UTF-8, application/*+xml;charset=UTF-8]
2025-10-10T09:05:29.218-05:00 DEBUG 14708 --- [wms-backend] [http-nio-8080-exec-6] o.s.w.s.m.m.a.HttpEntityMethodProcessor  : Writing ["1.0.1.48"]
2025-10-10T09:05:29.218-05:00 DEBUG 14708 --- [wms-backend] [http-nio-8080-exec-6] o.s.web.servlet.DispatcherServlet        : Completed 200 OK
2025-10-10T09:06:22.213-05:00 DEBUG 14708 --- [wms-backend] [http-nio-8080-exec-7] o.s.web.servlet.DispatcherServlet        : GET "/general/version", parameters={}
2025-10-10T09:06:22.214-05:00 DEBUG 14708 --- [wms-backend] [http-nio-8080-exec-7] s.w.s.m.m.a.RequestMappingHandlerMapping : Mapped to com.woden.wms_backend.controllers.WmsWdGeneral.VersionController#getVersion()
2025-10-10T09:06:22.214-05:00 DEBUG 14708 --- [wms-backend] [http-nio-8080-exec-7] o.s.w.s.m.m.a.HttpEntityMethodProcessor  : Using 'application/json', given [application/json, text/plain, */*] and supported [text/plain, */*, application/json, application/*+json, application/yaml, application/xml;charset=UTF-8, text/xml;charset=UTF-8, application/*+xml;charset=UTF-8]
2025-10-10T09:06:22.214-05:00 DEBUG 14708 --- [wms-backend] [http-nio-8080-exec-7] o.s.w.s.m.m.a.HttpEntityMethodProcessor  : Writing ["1.0.1.48"]
2025-10-10T09:06:22.215-05:00 DEBUG 14708 --- [wms-backend] [http-nio-8080-exec-7] o.s.web.servlet.DispatcherServlet        : Completed 200 OK
2025-10-10T09:06:45.727-05:00 DEBUG 14708 --- [wms-backend] [http-nio-8080-exec-9] o.s.web.servlet.DispatcherServlet        : GET "/general/version", parameters={}
2025-10-10T09:06:45.727-05:00 DEBUG 14708 --- [wms-backend] [http-nio-8080-exec-9] s.w.s.m.m.a.RequestMappingHandlerMapping : Mapped to com.woden.wms_backend.controllers.WmsWdGeneral.VersionController#getVersion()
2025-10-10T09:06:45.727-05:00 DEBUG 14708 --- [wms-backend] [http-nio-8080-exec-9] o.s.w.s.m.m.a.HttpEntityMethodProcessor  : Using 'application/json', given [application/json, text/plain, */*] and supported [text/plain, */*, application/json, application/*+json, application/yaml, application/xml;charset=UTF-8, text/xml;charset=UTF-8, application/*+xml;charset=UTF-8]
2025-10-10T09:06:45.727-05:00 DEBUG 14708 --- [wms-backend] [http-nio-8080-exec-9] o.s.w.s.m.m.a.HttpEntityMethodProcessor  : Writing ["1.0.1.48"]
2025-10-10T09:06:45.728-05:00 DEBUG 14708 --- [wms-backend] [http-nio-8080-exec-9] o.s.web.servlet.DispatcherServlet        : Completed 200 OK
2025-10-10T09:06:49.289-05:00 DEBUG 14708 --- [wms-backend] [http-nio-8080-exec-10] o.s.web.servlet.DispatcherServlet        : GET "/general/version", parameters={}
2025-10-10T09:06:49.289-05:00 DEBUG 14708 --- [wms-backend] [http-nio-8080-exec-10] s.w.s.m.m.a.RequestMappingHandlerMapping : Mapped to com.woden.wms_backend.controllers.WmsWdGeneral.VersionController#getVersion()
2025-10-10T09:06:49.289-05:00 DEBUG 14708 --- [wms-backend] [http-nio-8080-exec-10] o.s.w.s.m.m.a.HttpEntityMethodProcessor  : Using 'application/json', given [application/json, text/plain, */*] and supported [text/plain, */*, application/json, application/*+json, application/yaml, application/xml;charset=UTF-8, text/xml;charset=UTF-8, application/*+xml;charset=UTF-8]
2025-10-10T09:06:49.289-05:00 DEBUG 14708 --- [wms-backend] [http-nio-8080-exec-10] o.s.w.s.m.m.a.HttpEntityMethodProcessor  : Writing ["1.0.1.48"]
2025-10-10T09:06:49.290-05:00 DEBUG 14708 --- [wms-backend] [http-nio-8080-exec-10] o.s.web.servlet.DispatcherServlet        : Completed 200 OK
2025-10-10T09:06:59.217-05:00 DEBUG 14708 --- [wms-backend] [http-nio-8080-exec-3] o.s.web.servlet.DispatcherServlet        : GET "/general/version", parameters={}
2025-10-10T09:06:59.217-05:00 DEBUG 14708 --- [wms-backend] [http-nio-8080-exec-3] s.w.s.m.m.a.RequestMappingHandlerMapping : Mapped to com.woden.wms_backend.controllers.WmsWdGeneral.VersionController#getVersion()
2025-10-10T09:06:59.218-05:00 DEBUG 14708 --- [wms-backend] [http-nio-8080-exec-3] o.s.w.s.m.m.a.HttpEntityMethodProcessor  : Using 'application/json', given [application/json, text/plain, */*] and supported [text/plain, */*, application/json, application/*+json, application/yaml, application/xml;charset=UTF-8, text/xml;charset=UTF-8, application/*+xml;charset=UTF-8]
2025-10-10T09:06:59.218-05:00 DEBUG 14708 --- [wms-backend] [http-nio-8080-exec-3] o.s.w.s.m.m.a.HttpEntityMethodProcessor  : Writing ["1.0.1.48"]
2025-10-10T09:06:59.219-05:00 DEBUG 14708 --- [wms-backend] [http-nio-8080-exec-3] o.s.web.servlet.DispatcherServlet        : Completed 200 OK
2025-10-10T09:07:09.222-05:00 DEBUG 14708 --- [wms-backend] [http-nio-8080-exec-5] o.s.web.servlet.DispatcherServlet        : GET "/general/version", parameters={}
2025-10-10T09:07:09.224-05:00 DEBUG 14708 --- [wms-backend] [http-nio-8080-exec-5] s.w.s.m.m.a.RequestMappingHandlerMapping : Mapped to com.woden.wms_backend.controllers.WmsWdGeneral.VersionController#getVersion()
2025-10-10T09:07:09.224-05:00 DEBUG 14708 --- [wms-backend] [http-nio-8080-exec-5] o.s.w.s.m.m.a.HttpEntityMethodProcessor  : Using 'application/json', given [application/json, text/plain, */*] and supported [text/plain, */*, application/json, application/*+json, application/yaml, application/xml;charset=UTF-8, text/xml;charset=UTF-8, application/*+xml;charset=UTF-8]
2025-10-10T09:07:09.224-05:00 DEBUG 14708 --- [wms-backend] [http-nio-8080-exec-5] o.s.w.s.m.m.a.HttpEntityMethodProcessor  : Writing ["1.0.1.48"]
2025-10-10T09:07:09.225-05:00 DEBUG 14708 --- [wms-backend] [http-nio-8080-exec-5] o.s.web.servlet.DispatcherServlet        : Completed 200 OK
2025-10-10T09:07:19.218-05:00 DEBUG 14708 --- [wms-backend] [http-nio-8080-exec-8] o.s.web.servlet.DispatcherServlet        : GET "/general/version", parameters={}
2025-10-10T09:07:19.218-05:00 DEBUG 14708 --- [wms-backend] [http-nio-8080-exec-8] s.w.s.m.m.a.RequestMappingHandlerMapping : Mapped to com.woden.wms_backend.controllers.WmsWdGeneral.VersionController#getVersion()
2025-10-10T09:07:19.219-05:00 DEBUG 14708 --- [wms-backend] [http-nio-8080-exec-8] o.s.w.s.m.m.a.HttpEntityMethodProcessor  : Using 'application/json', given [application/json, text/plain, */*] and supported [text/plain, */*, application/json, application/*+json, application/yaml, application/xml;charset=UTF-8, text/xml;charset=UTF-8, application/*+xml;charset=UTF-8]
2025-10-10T09:07:19.219-05:00 DEBUG 14708 --- [wms-backend] [http-nio-8080-exec-8] o.s.w.s.m.m.a.HttpEntityMethodProcessor  : Writing ["1.0.1.48"]
2025-10-10T09:07:19.219-05:00 DEBUG 14708 --- [wms-backend] [http-nio-8080-exec-8] o.s.web.servlet.DispatcherServlet        : Completed 200 OK
2025-10-10T09:07:29.214-05:00 DEBUG 14708 --- [wms-backend] [http-nio-8080-exec-4] o.s.web.servlet.DispatcherServlet        : GET "/general/version", parameters={}
2025-10-10T09:07:29.214-05:00 DEBUG 14708 --- [wms-backend] [http-nio-8080-exec-4] s.w.s.m.m.a.RequestMappingHandlerMapping : Mapped to com.woden.wms_backend.controllers.WmsWdGeneral.VersionController#getVersion()
2025-10-10T09:07:29.215-05:00 DEBUG 14708 --- [wms-backend] [http-nio-8080-exec-4] o.s.w.s.m.m.a.HttpEntityMethodProcessor  : Using 'application/json', given [application/json, text/plain, */*] and supported [text/plain, */*, application/json, application/*+json, application/yaml, application/xml;charset=UTF-8, text/xml;charset=UTF-8, application/*+xml;charset=UTF-8]
2025-10-10T09:07:29.215-05:00 DEBUG 14708 --- [wms-backend] [http-nio-8080-exec-4] o.s.w.s.m.m.a.HttpEntityMethodProcessor  : Writing ["1.0.1.48"]
2025-10-10T09:07:29.216-05:00 DEBUG 14708 --- [wms-backend] [http-nio-8080-exec-4] o.s.web.servlet.DispatcherServlet        : Completed 200 OK
2025-10-10T09:07:39.212-05:00 DEBUG 14708 --- [wms-backend] [http-nio-8080-exec-1] o.s.web.servlet.DispatcherServlet        : GET "/general/version", parameters={}
2025-10-10T09:07:39.212-05:00 DEBUG 14708 --- [wms-backend] [http-nio-8080-exec-1] s.w.s.m.m.a.RequestMappingHandlerMapping : Mapped to com.woden.wms_backend.controllers.WmsWdGeneral.VersionController#getVersion()
2025-10-10T09:07:39.212-05:00 DEBUG 14708 --- [wms-backend] [http-nio-8080-exec-1] o.s.w.s.m.m.a.HttpEntityMethodProcessor  : Using 'application/json', given [application/json, text/plain, */*] and supported [text/plain, */*, application/json, application/*+json, application/yaml, application/xml;charset=UTF-8, text/xml;charset=UTF-8, application/*+xml;charset=UTF-8]
2025-10-10T09:07:39.212-05:00 DEBUG 14708 --- [wms-backend] [http-nio-8080-exec-1] o.s.w.s.m.m.a.HttpEntityMethodProcessor  : Writing ["1.0.1.48"]
2025-10-10T09:07:39.213-05:00 DEBUG 14708 --- [wms-backend] [http-nio-8080-exec-1] o.s.web.servlet.DispatcherServlet        : Completed 200 OK
2025-10-10T09:08:22.224-05:00 DEBUG 14708 --- [wms-backend] [http-nio-8080-exec-2] o.s.web.servlet.DispatcherServlet        : GET "/general/version", parameters={}
2025-10-10T09:08:22.224-05:00 DEBUG 14708 --- [wms-backend] [http-nio-8080-exec-2] s.w.s.m.m.a.RequestMappingHandlerMapping : Mapped to com.woden.wms_backend.controllers.WmsWdGeneral.VersionController#getVersion()
2025-10-10T09:08:22.225-05:00 DEBUG 14708 --- [wms-backend] [http-nio-8080-exec-2] o.s.w.s.m.m.a.HttpEntityMethodProcessor  : Using 'application/json', given [application/json, text/plain, */*] and supported [text/plain, */*, application/json, application/*+json, application/yaml, application/xml;charset=UTF-8, text/xml;charset=UTF-8, application/*+xml;charset=UTF-8]
2025-10-10T09:08:22.225-05:00 DEBUG 14708 --- [wms-backend] [http-nio-8080-exec-2] o.s.w.s.m.m.a.HttpEntityMethodProcessor  : Writing ["1.0.1.48"]
2025-10-10T09:08:22.226-05:00 DEBUG 14708 --- [wms-backend] [http-nio-8080-exec-2] o.s.web.servlet.DispatcherServlet        : Completed 200 OK
2025-10-10T09:09:22.230-05:00 DEBUG 14708 --- [wms-backend] [http-nio-8080-exec-6] o.s.web.servlet.DispatcherServlet        : GET "/general/version", parameters={}
2025-10-10T09:09:22.230-05:00 DEBUG 14708 --- [wms-backend] [http-nio-8080-exec-6] s.w.s.m.m.a.RequestMappingHandlerMapping : Mapped to com.woden.wms_backend.controllers.WmsWdGeneral.VersionController#getVersion()
2025-10-10T09:09:22.232-05:00 DEBUG 14708 --- [wms-backend] [http-nio-8080-exec-6] o.s.w.s.m.m.a.HttpEntityMethodProcessor  : Using 'application/json', given [application/json, text/plain, */*] and supported [text/plain, */*, application/json, application/*+json, application/yaml, application/xml;charset=UTF-8, text/xml;charset=UTF-8, application/*+xml;charset=UTF-8]
2025-10-10T09:09:22.232-05:00 DEBUG 14708 --- [wms-backend] [http-nio-8080-exec-6] o.s.w.s.m.m.a.HttpEntityMethodProcessor  : Writing ["1.0.1.48"]
2025-10-10T09:09:22.233-05:00 DEBUG 14708 --- [wms-backend] [http-nio-8080-exec-6] o.s.web.servlet.DispatcherServlet        : Completed 200 OK
2025-10-10T09:10:22.226-05:00 DEBUG 14708 --- [wms-backend] [http-nio-8080-exec-7] o.s.web.servlet.DispatcherServlet        : GET "/general/version", parameters={}
2025-10-10T09:10:22.226-05:00 DEBUG 14708 --- [wms-backend] [http-nio-8080-exec-7] s.w.s.m.m.a.RequestMappingHandlerMapping : Mapped to com.woden.wms_backend.controllers.WmsWdGeneral.VersionController#getVersion()
2025-10-10T09:10:22.227-05:00 DEBUG 14708 --- [wms-backend] [http-nio-8080-exec-7] o.s.w.s.m.m.a.HttpEntityMethodProcessor  : Using 'application/json', given [application/json, text/plain, */*] and supported [text/plain, */*, application/json, application/*+json, application/yaml, application/xml;charset=UTF-8, text/xml;charset=UTF-8, application/*+xml;charset=UTF-8]
2025-10-10T09:10:22.227-05:00 DEBUG 14708 --- [wms-backend] [http-nio-8080-exec-7] o.s.w.s.m.m.a.HttpEntityMethodProcessor  : Writing ["1.0.1.48"]
2025-10-10T09:10:22.227-05:00 DEBUG 14708 --- [wms-backend] [http-nio-8080-exec-7] o.s.web.servlet.DispatcherServlet        : Completed 200 OK
2025-10-10T09:11:22.220-05:00 DEBUG 14708 --- [wms-backend] [http-nio-8080-exec-9] o.s.web.servlet.DispatcherServlet        : GET "/general/version", parameters={}
2025-10-10T09:11:22.220-05:00 DEBUG 14708 --- [wms-backend] [http-nio-8080-exec-9] s.w.s.m.m.a.RequestMappingHandlerMapping : Mapped to com.woden.wms_backend.controllers.WmsWdGeneral.VersionController#getVersion()
2025-10-10T09:11:22.221-05:00 DEBUG 14708 --- [wms-backend] [http-nio-8080-exec-9] o.s.w.s.m.m.a.HttpEntityMethodProcessor  : Using 'application/json', given [application/json, text/plain, */*] and supported [text/plain, */*, application/json, application/*+json, application/yaml, application/xml;charset=UTF-8, text/xml;charset=UTF-8, application/*+xml;charset=UTF-8]
2025-10-10T09:11:22.221-05:00 DEBUG 14708 --- [wms-backend] [http-nio-8080-exec-9] o.s.w.s.m.m.a.HttpEntityMethodProcessor  : Writing ["1.0.1.48"]
2025-10-10T09:11:22.222-05:00 DEBUG 14708 --- [wms-backend] [http-nio-8080-exec-9] o.s.web.servlet.DispatcherServlet        : Completed 200 OK
2025-10-10T09:12:22.222-05:00 DEBUG 14708 --- [wms-backend] [http-nio-8080-exec-10] o.s.web.servlet.DispatcherServlet        : GET "/general/version", parameters={}
2025-10-10T09:12:22.224-05:00 DEBUG 14708 --- [wms-backend] [http-nio-8080-exec-10] s.w.s.m.m.a.RequestMappingHandlerMapping : Mapped to com.woden.wms_backend.controllers.WmsWdGeneral.VersionController#getVersion()
2025-10-10T09:12:22.224-05:00 DEBUG 14708 --- [wms-backend] [http-nio-8080-exec-10] o.s.w.s.m.m.a.HttpEntityMethodProcessor  : Using 'application/json', given [application/json, text/plain, */*] and supported [text/plain, */*, application/json, application/*+json, application/yaml, application/xml;charset=UTF-8, text/xml;charset=UTF-8, application/*+xml;charset=UTF-8]
2025-10-10T09:12:22.224-05:00 DEBUG 14708 --- [wms-backend] [http-nio-8080-exec-10] o.s.w.s.m.m.a.HttpEntityMethodProcessor  : Writing ["1.0.1.48"]
2025-10-10T09:12:22.225-05:00 DEBUG 14708 --- [wms-backend] [http-nio-8080-exec-10] o.s.web.servlet.DispatcherServlet        : Completed 200 OK
2025-10-10T09:13:22.215-05:00 DEBUG 14708 --- [wms-backend] [http-nio-8080-exec-3] o.s.web.servlet.DispatcherServlet        : GET "/general/version", parameters={}
2025-10-10T09:13:22.215-05:00 DEBUG 14708 --- [wms-backend] [http-nio-8080-exec-3] s.w.s.m.m.a.RequestMappingHandlerMapping : Mapped to com.woden.wms_backend.controllers.WmsWdGeneral.VersionController#getVersion()
2025-10-10T09:13:22.215-05:00 DEBUG 14708 --- [wms-backend] [http-nio-8080-exec-3] o.s.w.s.m.m.a.HttpEntityMethodProcessor  : Using 'application/json', given [application/json, text/plain, */*] and supported [text/plain, */*, application/json, application/*+json, application/yaml, application/xml;charset=UTF-8, text/xml;charset=UTF-8, application/*+xml;charset=UTF-8]
2025-10-10T09:13:22.215-05:00 DEBUG 14708 --- [wms-backend] [http-nio-8080-exec-3] o.s.w.s.m.m.a.HttpEntityMethodProcessor  : Writing ["1.0.1.48"]
2025-10-10T09:13:22.216-05:00 DEBUG 14708 --- [wms-backend] [http-nio-8080-exec-3] o.s.web.servlet.DispatcherServlet        : Completed 200 OK
2025-10-10T09:14:22.220-05:00 DEBUG 14708 --- [wms-backend] [http-nio-8080-exec-5] o.s.web.servlet.DispatcherServlet        : GET "/general/version", parameters={}
2025-10-10T09:14:22.220-05:00 DEBUG 14708 --- [wms-backend] [http-nio-8080-exec-5] s.w.s.m.m.a.RequestMappingHandlerMapping : Mapped to com.woden.wms_backend.controllers.WmsWdGeneral.VersionController#getVersion()
2025-10-10T09:14:22.220-05:00 DEBUG 14708 --- [wms-backend] [http-nio-8080-exec-5] o.s.w.s.m.m.a.HttpEntityMethodProcessor  : Using 'application/json', given [application/json, text/plain, */*] and supported [text/plain, */*, application/json, application/*+json, application/yaml, application/xml;charset=UTF-8, text/xml;charset=UTF-8, application/*+xml;charset=UTF-8]
2025-10-10T09:14:22.221-05:00 DEBUG 14708 --- [wms-backend] [http-nio-8080-exec-5] o.s.w.s.m.m.a.HttpEntityMethodProcessor  : Writing ["1.0.1.48"]
2025-10-10T09:14:22.221-05:00 DEBUG 14708 --- [wms-backend] [http-nio-8080-exec-5] o.s.web.servlet.DispatcherServlet        : Completed 200 OK
2025-10-10T09:15:22.221-05:00 DEBUG 14708 --- [wms-backend] [http-nio-8080-exec-8] o.s.web.servlet.DispatcherServlet        : GET "/general/version", parameters={}
2025-10-10T09:15:22.221-05:00 DEBUG 14708 --- [wms-backend] [http-nio-8080-exec-8] s.w.s.m.m.a.RequestMappingHandlerMapping : Mapped to com.woden.wms_backend.controllers.WmsWdGeneral.VersionController#getVersion()
2025-10-10T09:15:22.222-05:00 DEBUG 14708 --- [wms-backend] [http-nio-8080-exec-8] o.s.w.s.m.m.a.HttpEntityMethodProcessor  : Using 'application/json', given [application/json, text/plain, */*] and supported [text/plain, */*, application/json, application/*+json, application/yaml, application/xml;charset=UTF-8, text/xml;charset=UTF-8, application/*+xml;charset=UTF-8]
2025-10-10T09:15:22.222-05:00 DEBUG 14708 --- [wms-backend] [http-nio-8080-exec-8] o.s.w.s.m.m.a.HttpEntityMethodProcessor  : Writing ["1.0.1.48"]
2025-10-10T09:15:22.222-05:00 DEBUG 14708 --- [wms-backend] [http-nio-8080-exec-8] o.s.web.servlet.DispatcherServlet        : Completed 200 OK
2025-10-10T09:16:22.222-05:00 DEBUG 14708 --- [wms-backend] [http-nio-8080-exec-4] o.s.web.servlet.DispatcherServlet        : GET "/general/version", parameters={}
2025-10-10T09:16:22.222-05:00 DEBUG 14708 --- [wms-backend] [http-nio-8080-exec-4] s.w.s.m.m.a.RequestMappingHandlerMapping : Mapped to com.woden.wms_backend.controllers.WmsWdGeneral.VersionController#getVersion()
2025-10-10T09:16:22.222-05:00 DEBUG 14708 --- [wms-backend] [http-nio-8080-exec-4] o.s.w.s.m.m.a.HttpEntityMethodProcessor  : Using 'application/json', given [application/json, text/plain, */*] and supported [text/plain, */*, application/json, application/*+json, application/yaml, application/xml;charset=UTF-8, text/xml;charset=UTF-8, application/*+xml;charset=UTF-8]
2025-10-10T09:16:22.222-05:00 DEBUG 14708 --- [wms-backend] [http-nio-8080-exec-4] o.s.w.s.m.m.a.HttpEntityMethodProcessor  : Writing ["1.0.1.48"]
2025-10-10T09:16:22.224-05:00 DEBUG 14708 --- [wms-backend] [http-nio-8080-exec-4] o.s.web.servlet.DispatcherServlet        : Completed 200 OK
2025-10-10T09:17:22.219-05:00 DEBUG 14708 --- [wms-backend] [http-nio-8080-exec-1] o.s.web.servlet.DispatcherServlet        : GET "/general/version", parameters={}
2025-10-10T09:17:22.219-05:00 DEBUG 14708 --- [wms-backend] [http-nio-8080-exec-1] s.w.s.m.m.a.RequestMappingHandlerMapping : Mapped to com.woden.wms_backend.controllers.WmsWdGeneral.VersionController#getVersion()
2025-10-10T09:17:22.220-05:00 DEBUG 14708 --- [wms-backend] [http-nio-8080-exec-1] o.s.w.s.m.m.a.HttpEntityMethodProcessor  : Using 'application/json', given [application/json, text/plain, */*] and supported [text/plain, */*, application/json, application/*+json, application/yaml, application/xml;charset=UTF-8, text/xml;charset=UTF-8, application/*+xml;charset=UTF-8]
2025-10-10T09:17:22.220-05:00 DEBUG 14708 --- [wms-backend] [http-nio-8080-exec-1] o.s.w.s.m.m.a.HttpEntityMethodProcessor  : Writing ["1.0.1.48"]
2025-10-10T09:17:22.221-05:00 DEBUG 14708 --- [wms-backend] [http-nio-8080-exec-1] o.s.web.servlet.DispatcherServlet        : Completed 200 OK
2025-10-10T09:18:22.223-05:00 DEBUG 14708 --- [wms-backend] [http-nio-8080-exec-2] o.s.web.servlet.DispatcherServlet        : GET "/general/version", parameters={}
2025-10-10T09:18:22.223-05:00 DEBUG 14708 --- [wms-backend] [http-nio-8080-exec-2] s.w.s.m.m.a.RequestMappingHandlerMapping : Mapped to com.woden.wms_backend.controllers.WmsWdGeneral.VersionController#getVersion()
2025-10-10T09:18:22.224-05:00 DEBUG 14708 --- [wms-backend] [http-nio-8080-exec-2] o.s.w.s.m.m.a.HttpEntityMethodProcessor  : Using 'application/json', given [application/json, text/plain, */*] and supported [text/plain, */*, application/json, application/*+json, application/yaml, application/xml;charset=UTF-8, text/xml;charset=UTF-8, application/*+xml;charset=UTF-8]
2025-10-10T09:18:22.224-05:00 DEBUG 14708 --- [wms-backend] [http-nio-8080-exec-2] o.s.w.s.m.m.a.HttpEntityMethodProcessor  : Writing ["1.0.1.48"]
2025-10-10T09:18:22.225-05:00 DEBUG 14708 --- [wms-backend] [http-nio-8080-exec-2] o.s.web.servlet.DispatcherServlet        : Completed 200 OK
2025-10-10T09:19:22.229-05:00 DEBUG 14708 --- [wms-backend] [http-nio-8080-exec-6] o.s.web.servlet.DispatcherServlet        : GET "/general/version", parameters={}
2025-10-10T09:19:22.229-05:00 DEBUG 14708 --- [wms-backend] [http-nio-8080-exec-6] s.w.s.m.m.a.RequestMappingHandlerMapping : Mapped to com.woden.wms_backend.controllers.WmsWdGeneral.VersionController#getVersion()
2025-10-10T09:19:22.229-05:00 DEBUG 14708 --- [wms-backend] [http-nio-8080-exec-6] o.s.w.s.m.m.a.HttpEntityMethodProcessor  : Using 'application/json', given [application/json, text/plain, */*] and supported [text/plain, */*, application/json, application/*+json, application/yaml, application/xml;charset=UTF-8, text/xml;charset=UTF-8, application/*+xml;charset=UTF-8]
2025-10-10T09:19:22.229-05:00 DEBUG 14708 --- [wms-backend] [http-nio-8080-exec-6] o.s.w.s.m.m.a.HttpEntityMethodProcessor  : Writing ["1.0.1.48"]
2025-10-10T09:19:22.230-05:00 DEBUG 14708 --- [wms-backend] [http-nio-8080-exec-6] o.s.web.servlet.DispatcherServlet        : Completed 200 OK
2025-10-10T09:20:22.219-05:00 DEBUG 14708 --- [wms-backend] [http-nio-8080-exec-7] o.s.web.servlet.DispatcherServlet        : GET "/general/version", parameters={}
2025-10-10T09:20:22.219-05:00 DEBUG 14708 --- [wms-backend] [http-nio-8080-exec-7] s.w.s.m.m.a.RequestMappingHandlerMapping : Mapped to com.woden.wms_backend.controllers.WmsWdGeneral.VersionController#getVersion()
2025-10-10T09:20:22.220-05:00 DEBUG 14708 --- [wms-backend] [http-nio-8080-exec-7] o.s.w.s.m.m.a.HttpEntityMethodProcessor  : Using 'application/json', given [application/json, text/plain, */*] and supported [text/plain, */*, application/json, application/*+json, application/yaml, application/xml;charset=UTF-8, text/xml;charset=UTF-8, application/*+xml;charset=UTF-8]
2025-10-10T09:20:22.220-05:00 DEBUG 14708 --- [wms-backend] [http-nio-8080-exec-7] o.s.w.s.m.m.a.HttpEntityMethodProcessor  : Writing ["1.0.1.48"]
2025-10-10T09:20:22.220-05:00 DEBUG 14708 --- [wms-backend] [http-nio-8080-exec-7] o.s.web.servlet.DispatcherServlet        : Completed 200 OK
2025-10-10T09:21:22.224-05:00 DEBUG 14708 --- [wms-backend] [http-nio-8080-exec-9] o.s.web.servlet.DispatcherServlet        : GET "/general/version", parameters={}
2025-10-10T09:21:22.224-05:00 DEBUG 14708 --- [wms-backend] [http-nio-8080-exec-9] s.w.s.m.m.a.RequestMappingHandlerMapping : Mapped to com.woden.wms_backend.controllers.WmsWdGeneral.VersionController#getVersion()
2025-10-10T09:21:22.224-05:00 DEBUG 14708 --- [wms-backend] [http-nio-8080-exec-9] o.s.w.s.m.m.a.HttpEntityMethodProcessor  : Using 'application/json', given [application/json, text/plain, */*] and supported [text/plain, */*, application/json, application/*+json, application/yaml, application/xml;charset=UTF-8, text/xml;charset=UTF-8, application/*+xml;charset=UTF-8]
2025-10-10T09:21:22.224-05:00 DEBUG 14708 --- [wms-backend] [http-nio-8080-exec-9] o.s.w.s.m.m.a.HttpEntityMethodProcessor  : Writing ["1.0.1.48"]
2025-10-10T09:21:22.226-05:00 DEBUG 14708 --- [wms-backend] [http-nio-8080-exec-9] o.s.web.servlet.DispatcherServlet        : Completed 200 OK
2025-10-10T09:22:22.228-05:00 DEBUG 14708 --- [wms-backend] [http-nio-8080-exec-10] o.s.web.servlet.DispatcherServlet        : GET "/general/version", parameters={}
2025-10-10T09:22:22.228-05:00 DEBUG 14708 --- [wms-backend] [http-nio-8080-exec-10] s.w.s.m.m.a.RequestMappingHandlerMapping : Mapped to com.woden.wms_backend.controllers.WmsWdGeneral.VersionController#getVersion()
2025-10-10T09:22:22.229-05:00 DEBUG 14708 --- [wms-backend] [http-nio-8080-exec-10] o.s.w.s.m.m.a.HttpEntityMethodProcessor  : Using 'application/json', given [application/json, text/plain, */*] and supported [text/plain, */*, application/json, application/*+json, application/yaml, application/xml;charset=UTF-8, text/xml;charset=UTF-8, application/*+xml;charset=UTF-8]
2025-10-10T09:22:22.229-05:00 DEBUG 14708 --- [wms-backend] [http-nio-8080-exec-10] o.s.w.s.m.m.a.HttpEntityMethodProcessor  : Writing ["1.0.1.48"]
2025-10-10T09:22:22.230-05:00 DEBUG 14708 --- [wms-backend] [http-nio-8080-exec-10] o.s.web.servlet.DispatcherServlet        : Completed 200 OK
2025-10-10T09:23:22.226-05:00 DEBUG 14708 --- [wms-backend] [http-nio-8080-exec-5] o.s.web.servlet.DispatcherServlet        : GET "/general/version", parameters={}
2025-10-10T09:23:22.226-05:00 DEBUG 14708 --- [wms-backend] [http-nio-8080-exec-5] s.w.s.m.m.a.RequestMappingHandlerMapping : Mapped to com.woden.wms_backend.controllers.WmsWdGeneral.VersionController#getVersion()
2025-10-10T09:23:22.227-05:00 DEBUG 14708 --- [wms-backend] [http-nio-8080-exec-5] o.s.w.s.m.m.a.HttpEntityMethodProcessor  : Using 'application/json', given [application/json, text/plain, */*] and supported [text/plain, */*, application/json, application/*+json, application/yaml, application/xml;charset=UTF-8, text/xml;charset=UTF-8, application/*+xml;charset=UTF-8]
2025-10-10T09:23:22.227-05:00 DEBUG 14708 --- [wms-backend] [http-nio-8080-exec-5] o.s.w.s.m.m.a.HttpEntityMethodProcessor  : Writing ["1.0.1.48"]
2025-10-10T09:23:22.228-05:00 DEBUG 14708 --- [wms-backend] [http-nio-8080-exec-5] o.s.web.servlet.DispatcherServlet        : Completed 200 OK
2025-10-10T09:24:22.215-05:00 DEBUG 14708 --- [wms-backend] [http-nio-8080-exec-8] o.s.web.servlet.DispatcherServlet        : GET "/general/version", parameters={}
2025-10-10T09:24:22.215-05:00 DEBUG 14708 --- [wms-backend] [http-nio-8080-exec-8] s.w.s.m.m.a.RequestMappingHandlerMapping : Mapped to com.woden.wms_backend.controllers.WmsWdGeneral.VersionController#getVersion()
2025-10-10T09:24:22.216-05:00 DEBUG 14708 --- [wms-backend] [http-nio-8080-exec-8] o.s.w.s.m.m.a.HttpEntityMethodProcessor  : Using 'application/json', given [application/json, text/plain, */*] and supported [text/plain, */*, application/json, application/*+json, application/yaml, application/xml;charset=UTF-8, text/xml;charset=UTF-8, application/*+xml;charset=UTF-8]
2025-10-10T09:24:22.216-05:00 DEBUG 14708 --- [wms-backend] [http-nio-8080-exec-8] o.s.w.s.m.m.a.HttpEntityMethodProcessor  : Writing ["1.0.1.48"]
2025-10-10T09:24:22.217-05:00 DEBUG 14708 --- [wms-backend] [http-nio-8080-exec-8] o.s.web.servlet.DispatcherServlet        : Completed 200 OK
2025-10-10T09:25:08.910-05:00 DEBUG 14708 --- [wms-backend] [http-nio-8080-exec-4] o.s.web.servlet.DispatcherServlet        : GET "/general/version", parameters={}
2025-10-10T09:25:08.911-05:00 DEBUG 14708 --- [wms-backend] [http-nio-8080-exec-4] s.w.s.m.m.a.RequestMappingHandlerMapping : Mapped to com.woden.wms_backend.controllers.WmsWdGeneral.VersionController#getVersion()
2025-10-10T09:25:08.913-05:00 DEBUG 14708 --- [wms-backend] [http-nio-8080-exec-4] o.s.w.s.m.m.a.HttpEntityMethodProcessor  : Using 'application/json', given [application/json, text/plain, */*] and supported [text/plain, */*, application/json, application/*+json, application/yaml, application/xml;charset=UTF-8, text/xml;charset=UTF-8, application/*+xml;charset=UTF-8]
2025-10-10T09:25:08.913-05:00 DEBUG 14708 --- [wms-backend] [http-nio-8080-exec-4] o.s.w.s.m.m.a.HttpEntityMethodProcessor  : Writing ["1.0.1.48"]
2025-10-10T09:25:08.914-05:00 DEBUG 14708 --- [wms-backend] [http-nio-8080-exec-4] o.s.web.servlet.DispatcherServlet        : Completed 200 OK
2025-10-10T09:25:18.707-05:00 DEBUG 14708 --- [wms-backend] [http-nio-8080-exec-2] o.s.web.servlet.DispatcherServlet        : GET "/general/version", parameters={}
2025-10-10T09:25:18.707-05:00 DEBUG 14708 --- [wms-backend] [http-nio-8080-exec-2] s.w.s.m.m.a.RequestMappingHandlerMapping : Mapped to com.woden.wms_backend.controllers.WmsWdGeneral.VersionController#getVersion()
2025-10-10T09:25:18.709-05:00 DEBUG 14708 --- [wms-backend] [http-nio-8080-exec-2] o.s.w.s.m.m.a.HttpEntityMethodProcessor  : Using 'application/json', given [application/json, text/plain, */*] and supported [text/plain, */*, application/json, application/*+json, application/yaml, application/xml;charset=UTF-8, text/xml;charset=UTF-8, application/*+xml;charset=UTF-8]
2025-10-10T09:25:18.709-05:00 DEBUG 14708 --- [wms-backend] [http-nio-8080-exec-2] o.s.w.s.m.m.a.HttpEntityMethodProcessor  : Writing ["1.0.1.48"]
2025-10-10T09:25:18.710-05:00 DEBUG 14708 --- [wms-backend] [http-nio-8080-exec-2] o.s.web.servlet.DispatcherServlet        : Completed 200 OK
2025-10-10T09:25:28.694-05:00 DEBUG 14708 --- [wms-backend] [http-nio-8080-exec-6] o.s.web.servlet.DispatcherServlet        : GET "/general/version", parameters={}
2025-10-10T09:25:28.694-05:00 DEBUG 14708 --- [wms-backend] [http-nio-8080-exec-6] s.w.s.m.m.a.RequestMappingHandlerMapping : Mapped to com.woden.wms_backend.controllers.WmsWdGeneral.VersionController#getVersion()
2025-10-10T09:25:28.696-05:00 DEBUG 14708 --- [wms-backend] [http-nio-8080-exec-6] o.s.w.s.m.m.a.HttpEntityMethodProcessor  : Using 'application/json', given [application/json, text/plain, */*] and supported [text/plain, */*, application/json, application/*+json, application/yaml, application/xml;charset=UTF-8, text/xml;charset=UTF-8, application/*+xml;charset=UTF-8]
2025-10-10T09:25:28.696-05:00 DEBUG 14708 --- [wms-backend] [http-nio-8080-exec-6] o.s.w.s.m.m.a.HttpEntityMethodProcessor  : Writing ["1.0.1.48"]
2025-10-10T09:25:28.697-05:00 DEBUG 14708 --- [wms-backend] [http-nio-8080-exec-6] o.s.web.servlet.DispatcherServlet        : Completed 200 OK
2025-10-10T09:25:29.520-05:00 DEBUG 14708 --- [wms-backend] [http-nio-8080-exec-9] o.s.web.servlet.DispatcherServlet        : GET "/client/cajaEmpaque/pallet/674", parameters={}
2025-10-10T09:25:29.521-05:00 DEBUG 14708 --- [wms-backend] [http-nio-8080-exec-9] s.w.s.m.m.a.RequestMappingHandlerMapping : Mapped to com.woden.wms_backend.controllers.ClientesControllers.CajaEmpaqueController#getSerialesByPallet(Integer)
2025-10-10T09:25:30.214-05:00 DEBUG 14708 --- [wms-backend] [http-nio-8080-exec-9] o.s.w.s.m.m.a.HttpEntityMethodProcessor  : Using 'application/json', given [application/json, text/plain, */*] and supported [application/json, application/*+json, application/yaml, application/xml;charset=UTF-8, text/xml;charset=UTF-8, application/*+xml;charset=UTF-8]
2025-10-10T09:25:30.217-05:00 DEBUG 14708 --- [wms-backend] [http-nio-8080-exec-9] o.s.w.s.m.m.a.HttpEntityMethodProcessor  : Writing [[7366514514, OOPP, NMNM]]
2025-10-10T09:25:30.229-05:00 DEBUG 14708 --- [wms-backend] [http-nio-8080-exec-9] o.s.web.servlet.DispatcherServlet        : Completed 200 OK
2025-10-10T09:25:30.267-05:00 DEBUG 14708 --- [wms-backend] [http-nio-8080-exec-5] o.s.web.servlet.DispatcherServlet        : GET "/client/accesorio/searchPackingCodigoSapAccesory?estado=EMPAQUE&palletId=674&codigoSapId=20", parameters={masked}
2025-10-10T09:25:30.267-05:00 DEBUG 14708 --- [wms-backend] [http-nio-8080-exec-8] o.s.web.servlet.DispatcherServlet        : GET "/client/accesorio/searchPackingCodigoSapAccesory?estado=EMPACADO&palletId=674&codigoSapId=20", parameters={masked}
2025-10-10T09:25:30.267-05:00 DEBUG 14708 --- [wms-backend] [http-nio-8080-exec-5] s.w.s.m.m.a.RequestMappingHandlerMapping : Mapped to com.woden.wms_backend.controllers.ClientesControllers.AccesorioController#searchPackingCodigoSapAccesory(String, Integer, Integer)
2025-10-10T09:25:30.267-05:00 DEBUG 14708 --- [wms-backend] [http-nio-8080-exec-8] s.w.s.m.m.a.RequestMappingHandlerMapping : Mapped to com.woden.wms_backend.controllers.ClientesControllers.AccesorioController#searchPackingCodigoSapAccesory(String, Integer, Integer)
2025-10-10T09:25:30.407-05:00 DEBUG 14708 --- [wms-backend] [http-nio-8080-exec-8] o.s.w.s.m.m.a.HttpEntityMethodProcessor  : Using 'application/json', given [application/json, text/plain, */*] and supported [application/json, application/*+json, application/yaml, application/xml;charset=UTF-8, text/xml;charset=UTF-8, application/*+xml;charset=UTF-8]
2025-10-10T09:25:30.408-05:00 DEBUG 14708 --- [wms-backend] [http-nio-8080-exec-8] o.s.w.s.m.m.a.HttpEntityMethodProcessor  : Writing [[{descripcion=REMOTE CONTROL DTH, codigo=06010740002, reacondicionados=0, nuevos=1, familia=CONTROL} (truncated)...]
2025-10-10T09:25:30.412-05:00 DEBUG 14708 --- [wms-backend] [http-nio-8080-exec-8] o.s.web.servlet.DispatcherServlet        : Completed 200 OK
2025-10-10T09:25:30.432-05:00 DEBUG 14708 --- [wms-backend] [http-nio-8080-exec-8] o.s.web.servlet.DispatcherServlet        : GET "/client/accesorio/getPackedAccesoriesSerials?codigoSap=06010740002&tipoAccesorio=reacondicionado&palletId=674", parameters={masked}
2025-10-10T09:25:30.432-05:00 DEBUG 14708 --- [wms-backend] [http-nio-8080-exec-4] o.s.web.servlet.DispatcherServlet        : GET "/client/accesorio/getPackedAccesoriesSerials?codigoSap=06010740002&tipoAccesorio=nuevo&palletId=674", parameters={masked}
2025-10-10T09:25:30.432-05:00 DEBUG 14708 --- [wms-backend] [http-nio-8080-exec-8] s.w.s.m.m.a.RequestMappingHandlerMapping : Mapped to com.woden.wms_backend.controllers.ClientesControllers.AccesorioController#getPackedAccesoriesSerials(String, String, Integer)
2025-10-10T09:25:30.432-05:00 DEBUG 14708 --- [wms-backend] [http-nio-8080-exec-4] s.w.s.m.m.a.RequestMappingHandlerMapping : Mapped to com.woden.wms_backend.controllers.ClientesControllers.AccesorioController#getPackedAccesoriesSerials(String, String, Integer)
2025-10-10T09:25:30.432-05:00 DEBUG 14708 --- [wms-backend] [http-nio-8080-exec-7] o.s.web.servlet.DispatcherServlet        : GET "/client/accesorio/getPackedAccesoriesSerials?codigoSap=ACC0000540&tipoAccesorio=reacondicionado&palletId=674", parameters={masked}
2025-10-10T09:25:30.432-05:00 DEBUG 14708 --- [wms-backend] [http-nio-8080-exec-7] s.w.s.m.m.a.RequestMappingHandlerMapping : Mapped to com.woden.wms_backend.controllers.ClientesControllers.AccesorioController#getPackedAccesoriesSerials(String, String, Integer)
2025-10-10T09:25:30.433-05:00 DEBUG 14708 --- [wms-backend] [http-nio-8080-exec-3] o.s.web.servlet.DispatcherServlet        : GET "/client/accesorio/getPackedAccesoriesSerials?codigoSap=HME0004064&tipoAccesorio=nuevo&palletId=674", parameters={masked}
2025-10-10T09:25:30.434-05:00 DEBUG 14708 --- [wms-backend] [http-nio-8080-exec-3] s.w.s.m.m.a.RequestMappingHandlerMapping : Mapped to com.woden.wms_backend.controllers.ClientesControllers.AccesorioController#getPackedAccesoriesSerials(String, String, Integer)
2025-10-10T09:25:30.435-05:00 DEBUG 14708 --- [wms-backend] [http-nio-8080-exec-2] o.s.web.servlet.DispatcherServlet        : GET "/client/accesorio/getPackedAccesoriesSerials?codigoSap=ACC0000540&tipoAccesorio=nuevo&palletId=674", parameters={masked}
2025-10-10T09:25:30.435-05:00 DEBUG 14708 --- [wms-backend] [http-nio-8080-exec-2] s.w.s.m.m.a.RequestMappingHandlerMapping : Mapped to com.woden.wms_backend.controllers.ClientesControllers.AccesorioController#getPackedAccesoriesSerials(String, String, Integer)
2025-10-10T09:25:30.504-05:00 DEBUG 14708 --- [wms-backend] [http-nio-8080-exec-5] o.s.w.s.m.m.a.HttpEntityMethodProcessor  : Using 'application/json', given [application/json, text/plain, */*] and supported [application/json, application/*+json, application/yaml, application/xml;charset=UTF-8, text/xml;charset=UTF-8, application/*+xml;charset=UTF-8]
2025-10-10T09:25:30.504-05:00 DEBUG 14708 --- [wms-backend] [http-nio-8080-exec-5] o.s.w.s.m.m.a.HttpEntityMethodProcessor  : Writing [[{descripcion=CABLE HDMI JUMPER, codigo=ACC0000540, reacondicionados=13, nuevos=0, familia=CABLE}, { (truncated)...]
2025-10-10T09:25:30.506-05:00 DEBUG 14708 --- [wms-backend] [http-nio-8080-exec-5] o.s.web.servlet.DispatcherServlet        : Completed 200 OK
2025-10-10T09:25:30.511-05:00 DEBUG 14708 --- [wms-backend] [http-nio-8080-exec-6] o.s.web.servlet.DispatcherServlet        : GET "/client/accesorio/getPackedAccesoriesSerials?codigoSap=HME0004064&tipoAccesorio=reacondicionado&palletId=674", parameters={masked}
2025-10-10T09:25:30.512-05:00 DEBUG 14708 --- [wms-backend] [http-nio-8080-exec-6] s.w.s.m.m.a.RequestMappingHandlerMapping : Mapped to com.woden.wms_backend.controllers.ClientesControllers.AccesorioController#getPackedAccesoriesSerials(String, String, Integer)
2025-10-10T09:25:30.542-05:00 DEBUG 14708 --- [wms-backend] [http-nio-8080-exec-4] o.s.w.s.m.m.a.HttpEntityMethodProcessor  : Using 'application/json', given [application/json, text/plain, */*] and supported [application/json, application/*+json, application/yaml, application/xml;charset=UTF-8, text/xml;charset=UTF-8, application/*+xml;charset=UTF-8]
2025-10-10T09:25:30.543-05:00 DEBUG 14708 --- [wms-backend] [http-nio-8080-exec-4] o.s.w.s.m.m.a.HttpEntityMethodProcessor  : Writing [0]
2025-10-10T09:25:30.544-05:00 DEBUG 14708 --- [wms-backend] [http-nio-8080-exec-4] o.s.web.servlet.DispatcherServlet        : Completed 200 OK
2025-10-10T09:25:30.552-05:00 DEBUG 14708 --- [wms-backend] [http-nio-8080-exec-9] o.s.web.servlet.DispatcherServlet        : GET "/client/accesorio/getPackedAccesoriesSerials?codigoSap=HME0004232&tipoAccesorio=nuevo&palletId=674", parameters={masked}
2025-10-10T09:25:30.553-05:00 DEBUG 14708 --- [wms-backend] [http-nio-8080-exec-9] s.w.s.m.m.a.RequestMappingHandlerMapping : Mapped to com.woden.wms_backend.controllers.ClientesControllers.AccesorioController#getPackedAccesoriesSerials(String, String, Integer)
2025-10-10T09:25:30.653-05:00 DEBUG 14708 --- [wms-backend] [http-nio-8080-exec-7] o.s.w.s.m.m.a.HttpEntityMethodProcessor  : Using 'application/json', given [application/json, text/plain, */*] and supported [application/json, application/*+json, application/yaml, application/xml;charset=UTF-8, text/xml;charset=UTF-8, application/*+xml;charset=UTF-8]
2025-10-10T09:25:30.653-05:00 DEBUG 14708 --- [wms-backend] [http-nio-8080-exec-7] o.s.w.s.m.m.a.HttpEntityMethodProcessor  : Writing [0]
2025-10-10T09:25:30.654-05:00 DEBUG 14708 --- [wms-backend] [http-nio-8080-exec-7] o.s.web.servlet.DispatcherServlet        : Completed 200 OK
2025-10-10T09:25:30.659-05:00 DEBUG 14708 --- [wms-backend] [http-nio-8080-exec-3] o.s.w.s.m.m.a.HttpEntityMethodProcessor  : Using 'application/json', given [application/json, text/plain, */*] and supported [application/json, application/*+json, application/yaml, application/xml;charset=UTF-8, text/xml;charset=UTF-8, application/*+xml;charset=UTF-8]
2025-10-10T09:25:30.659-05:00 DEBUG 14708 --- [wms-backend] [http-nio-8080-exec-3] o.s.w.s.m.m.a.HttpEntityMethodProcessor  : Writing [3]
2025-10-10T09:25:30.661-05:00 DEBUG 14708 --- [wms-backend] [http-nio-8080-exec-3] o.s.web.servlet.DispatcherServlet        : Completed 200 OK
2025-10-10T09:25:30.662-05:00 DEBUG 14708 --- [wms-backend] [http-nio-8080-exec-10] o.s.web.servlet.DispatcherServlet        : GET "/client/accesorio/getPackedAccesoriesSerials?codigoSap=HME0004232&tipoAccesorio=reacondicionado&palletId=674", parameters={masked}
2025-10-10T09:25:30.663-05:00 DEBUG 14708 --- [wms-backend] [http-nio-8080-exec-10] s.w.s.m.m.a.RequestMappingHandlerMapping : Mapped to com.woden.wms_backend.controllers.ClientesControllers.AccesorioController#getPackedAccesoriesSerials(String, String, Integer)
2025-10-10T09:25:30.768-05:00 DEBUG 14708 --- [wms-backend] [http-nio-8080-exec-2] o.s.w.s.m.m.a.HttpEntityMethodProcessor  : Using 'application/json', given [application/json, text/plain, */*] and supported [application/json, application/*+json, application/yaml, application/xml;charset=UTF-8, text/xml;charset=UTF-8, application/*+xml;charset=UTF-8]
2025-10-10T09:25:30.768-05:00 DEBUG 14708 --- [wms-backend] [http-nio-8080-exec-2] o.s.w.s.m.m.a.HttpEntityMethodProcessor  : Writing [0]
2025-10-10T09:25:30.768-05:00 DEBUG 14708 --- [wms-backend] [http-nio-8080-exec-2] o.s.web.servlet.DispatcherServlet        : Completed 200 OK
2025-10-10T09:25:30.772-05:00 DEBUG 14708 --- [wms-backend] [http-nio-8080-exec-8] o.s.w.s.m.m.a.HttpEntityMethodProcessor  : Using 'application/json', given [application/json, text/plain, */*] and supported [application/json, application/*+json, application/yaml, application/xml;charset=UTF-8, text/xml;charset=UTF-8, application/*+xml;charset=UTF-8]
2025-10-10T09:25:30.772-05:00 DEBUG 14708 --- [wms-backend] [http-nio-8080-exec-8] o.s.w.s.m.m.a.HttpEntityMethodProcessor  : Writing [0]
2025-10-10T09:25:30.773-05:00 DEBUG 14708 --- [wms-backend] [http-nio-8080-exec-8] o.s.web.servlet.DispatcherServlet        : Completed 200 OK
2025-10-10T09:25:30.874-05:00 DEBUG 14708 --- [wms-backend] [http-nio-8080-exec-6] o.s.w.s.m.m.a.HttpEntityMethodProcessor  : Using 'application/json', given [application/json, text/plain, */*] and supported [application/json, application/*+json, application/yaml, application/xml;charset=UTF-8, text/xml;charset=UTF-8, application/*+xml;charset=UTF-8]
2025-10-10T09:25:30.875-05:00 DEBUG 14708 --- [wms-backend] [http-nio-8080-exec-6] o.s.w.s.m.m.a.HttpEntityMethodProcessor  : Writing [0]
2025-10-10T09:25:30.875-05:00 DEBUG 14708 --- [wms-backend] [http-nio-8080-exec-6] o.s.web.servlet.DispatcherServlet        : Completed 200 OK
2025-10-10T09:25:30.881-05:00 DEBUG 14708 --- [wms-backend] [http-nio-8080-exec-9] o.s.w.s.m.m.a.HttpEntityMethodProcessor  : Using 'application/json', given [application/json, text/plain, */*] and supported [application/json, application/*+json, application/yaml, application/xml;charset=UTF-8, text/xml;charset=UTF-8, application/*+xml;charset=UTF-8]
2025-10-10T09:25:30.881-05:00 DEBUG 14708 --- [wms-backend] [http-nio-8080-exec-9] o.s.w.s.m.m.a.HttpEntityMethodProcessor  : Writing [0]
2025-10-10T09:25:30.882-05:00 DEBUG 14708 --- [wms-backend] [http-nio-8080-exec-9] o.s.web.servlet.DispatcherServlet        : Completed 200 OK
2025-10-10T09:25:30.985-05:00 DEBUG 14708 --- [wms-backend] [http-nio-8080-exec-10] o.s.w.s.m.m.a.HttpEntityMethodProcessor  : Using 'application/json', given [application/json, text/plain, */*] and supported [application/json, application/*+json, application/yaml, application/xml;charset=UTF-8, text/xml;charset=UTF-8, application/*+xml;charset=UTF-8]
2025-10-10T09:25:30.985-05:00 DEBUG 14708 --- [wms-backend] [http-nio-8080-exec-10] o.s.w.s.m.m.a.HttpEntityMethodProcessor  : Writing [1]
2025-10-10T09:25:30.986-05:00 DEBUG 14708 --- [wms-backend] [http-nio-8080-exec-10] o.s.web.servlet.DispatcherServlet        : Completed 200 OK
2025-10-10T09:25:38.687-05:00 DEBUG 14708 --- [wms-backend] [http-nio-8080-exec-1] o.s.web.servlet.DispatcherServlet        : GET "/general/version", parameters={}
2025-10-10T09:25:38.687-05:00 DEBUG 14708 --- [wms-backend] [http-nio-8080-exec-1] s.w.s.m.m.a.RequestMappingHandlerMapping : Mapped to com.woden.wms_backend.controllers.WmsWdGeneral.VersionController#getVersion()
2025-10-10T09:25:38.687-05:00 DEBUG 14708 --- [wms-backend] [http-nio-8080-exec-1] o.s.w.s.m.m.a.HttpEntityMethodProcessor  : Using 'application/json', given [application/json, text/plain, */*] and supported [text/plain, */*, application/json, application/*+json, application/yaml, application/xml;charset=UTF-8, text/xml;charset=UTF-8, application/*+xml;charset=UTF-8]
2025-10-10T09:25:38.687-05:00 DEBUG 14708 --- [wms-backend] [http-nio-8080-exec-1] o.s.w.s.m.m.a.HttpEntityMethodProcessor  : Writing ["1.0.1.48"]
2025-10-10T09:25:38.688-05:00 DEBUG 14708 --- [wms-backend] [http-nio-8080-exec-1] o.s.web.servlet.DispatcherServlet        : Completed 200 OK
2025-10-10T09:25:41.062-05:00 DEBUG 14708 --- [wms-backend] [http-nio-8080-exec-4] o.s.web.servlet.DispatcherServlet        : GET "/client/cajaEmpaque/pallet/674", parameters={}
2025-10-10T09:25:41.062-05:00 DEBUG 14708 --- [wms-backend] [http-nio-8080-exec-4] s.w.s.m.m.a.RequestMappingHandlerMapping : Mapped to com.woden.wms_backend.controllers.ClientesControllers.CajaEmpaqueController#getSerialesByPallet(Integer)
2025-10-10T09:25:41.585-05:00 DEBUG 14708 --- [wms-backend] [http-nio-8080-exec-4] o.s.w.s.m.m.a.HttpEntityMethodProcessor  : Using 'application/json', given [application/json, text/plain, */*] and supported [application/json, application/*+json, application/yaml, application/xml;charset=UTF-8, text/xml;charset=UTF-8, application/*+xml;charset=UTF-8]
2025-10-10T09:25:41.585-05:00 DEBUG 14708 --- [wms-backend] [http-nio-8080-exec-4] o.s.w.s.m.m.a.HttpEntityMethodProcessor  : Writing [[7366514514, OOPP, NMNM]]
2025-10-10T09:25:41.585-05:00 DEBUG 14708 --- [wms-backend] [http-nio-8080-exec-4] o.s.web.servlet.DispatcherServlet        : Completed 200 OK
2025-10-10T09:25:41.611-05:00 DEBUG 14708 --- [wms-backend] [http-nio-8080-exec-8] o.s.web.servlet.DispatcherServlet        : GET "/client/accesorio/searchPackingCodigoSapAccesory?estado=EMPACADO&palletId=674&codigoSapId=20", parameters={masked}
2025-10-10T09:25:41.621-05:00 DEBUG 14708 --- [wms-backend] [http-nio-8080-exec-8] s.w.s.m.m.a.RequestMappingHandlerMapping : Mapped to com.woden.wms_backend.controllers.ClientesControllers.AccesorioController#searchPackingCodigoSapAccesory(String, Integer, Integer)
2025-10-10T09:25:41.611-05:00 DEBUG 14708 --- [wms-backend] [http-nio-8080-exec-2] o.s.web.servlet.DispatcherServlet        : GET "/client/accesorio/searchPackingCodigoSapAccesory?estado=EMPAQUE&palletId=674&codigoSapId=20", parameters={masked}
2025-10-10T09:25:41.638-05:00 DEBUG 14708 --- [wms-backend] [http-nio-8080-exec-2] s.w.s.m.m.a.RequestMappingHandlerMapping : Mapped to com.woden.wms_backend.controllers.ClientesControllers.AccesorioController#searchPackingCodigoSapAccesory(String, Integer, Integer)
2025-10-10T09:25:41.739-05:00 DEBUG 14708 --- [wms-backend] [http-nio-8080-exec-8] o.s.w.s.m.m.a.HttpEntityMethodProcessor  : Using 'application/json', given [application/json, text/plain, */*] and supported [application/json, application/*+json, application/yaml, application/xml;charset=UTF-8, text/xml;charset=UTF-8, application/*+xml;charset=UTF-8]
2025-10-10T09:25:41.739-05:00 DEBUG 14708 --- [wms-backend] [http-nio-8080-exec-8] o.s.w.s.m.m.a.HttpEntityMethodProcessor  : Writing [[{descripcion=REMOTE CONTROL DTH, codigo=06010740002, reacondicionados=0, nuevos=1, familia=CONTROL} (truncated)...]
2025-10-10T09:25:41.740-05:00 DEBUG 14708 --- [wms-backend] [http-nio-8080-exec-8] o.s.web.servlet.DispatcherServlet        : Completed 200 OK
2025-10-10T09:25:41.760-05:00 DEBUG 14708 --- [wms-backend] [http-nio-8080-exec-9] o.s.web.servlet.DispatcherServlet        : GET "/client/accesorio/getPackedAccesoriesSerials?codigoSap=HME0004064&tipoAccesorio=nuevo&palletId=674", parameters={masked}
2025-10-10T09:25:41.760-05:00 DEBUG 14708 --- [wms-backend] [http-nio-8080-exec-8] o.s.web.servlet.DispatcherServlet        : GET "/client/accesorio/getPackedAccesoriesSerials?codigoSap=06010740002&tipoAccesorio=nuevo&palletId=674", parameters={masked}
2025-10-10T09:25:41.760-05:00 DEBUG 14708 --- [wms-backend] [http-nio-8080-exec-9] s.w.s.m.m.a.RequestMappingHandlerMapping : Mapped to com.woden.wms_backend.controllers.ClientesControllers.AccesorioController#getPackedAccesoriesSerials(String, String, Integer)
2025-10-10T09:25:41.760-05:00 DEBUG 14708 --- [wms-backend] [http-nio-8080-exec-8] s.w.s.m.m.a.RequestMappingHandlerMapping : Mapped to com.woden.wms_backend.controllers.ClientesControllers.AccesorioController#getPackedAccesoriesSerials(String, String, Integer)
2025-10-10T09:25:41.761-05:00 DEBUG 14708 --- [wms-backend] [http-nio-8080-exec-5] o.s.web.servlet.DispatcherServlet        : GET "/client/accesorio/getPackedAccesoriesSerials?codigoSap=ACC0000540&tipoAccesorio=nuevo&palletId=674", parameters={masked}
2025-10-10T09:25:41.761-05:00 DEBUG 14708 --- [wms-backend] [http-nio-8080-exec-5] s.w.s.m.m.a.RequestMappingHandlerMapping : Mapped to com.woden.wms_backend.controllers.ClientesControllers.AccesorioController#getPackedAccesoriesSerials(String, String, Integer)
2025-10-10T09:25:41.762-05:00 DEBUG 14708 --- [wms-backend] [http-nio-8080-exec-6] o.s.web.servlet.DispatcherServlet        : GET "/client/accesorio/getPackedAccesoriesSerials?codigoSap=06010740002&tipoAccesorio=reacondicionado&palletId=674", parameters={masked}
2025-10-10T09:25:41.762-05:00 DEBUG 14708 --- [wms-backend] [http-nio-8080-exec-6] s.w.s.m.m.a.RequestMappingHandlerMapping : Mapped to com.woden.wms_backend.controllers.ClientesControllers.AccesorioController#getPackedAccesoriesSerials(String, String, Integer)
2025-10-10T09:25:41.763-05:00 DEBUG 14708 --- [wms-backend] [http-nio-8080-exec-10] o.s.web.servlet.DispatcherServlet        : GET "/client/accesorio/getPackedAccesoriesSerials?codigoSap=ACC0000540&tipoAccesorio=reacondicionado&palletId=674", parameters={masked}
2025-10-10T09:25:41.763-05:00 DEBUG 14708 --- [wms-backend] [http-nio-8080-exec-10] s.w.s.m.m.a.RequestMappingHandlerMapping : Mapped to com.woden.wms_backend.controllers.ClientesControllers.AccesorioController#getPackedAccesoriesSerials(String, String, Integer)
2025-10-10T09:25:41.850-05:00 DEBUG 14708 --- [wms-backend] [http-nio-8080-exec-2] o.s.w.s.m.m.a.HttpEntityMethodProcessor  : Using 'application/json', given [application/json, text/plain, */*] and supported [application/json, application/*+json, application/yaml, application/xml;charset=UTF-8, text/xml;charset=UTF-8, application/*+xml;charset=UTF-8]
2025-10-10T09:25:41.851-05:00 DEBUG 14708 --- [wms-backend] [http-nio-8080-exec-2] o.s.w.s.m.m.a.HttpEntityMethodProcessor  : Writing [[{descripcion=CABLE HDMI JUMPER, codigo=ACC0000540, reacondicionados=13, nuevos=0, familia=CABLE}, { (truncated)...]
2025-10-10T09:25:41.853-05:00 DEBUG 14708 --- [wms-backend] [http-nio-8080-exec-2] o.s.web.servlet.DispatcherServlet        : Completed 200 OK
2025-10-10T09:25:41.862-05:00 DEBUG 14708 --- [wms-backend] [http-nio-8080-exec-1] o.s.web.servlet.DispatcherServlet        : GET "/client/accesorio/getPackedAccesoriesSerials?codigoSap=HME0004232&tipoAccesorio=reacondicionado&palletId=674", parameters={masked}
2025-10-10T09:25:41.862-05:00 DEBUG 14708 --- [wms-backend] [http-nio-8080-exec-1] s.w.s.m.m.a.RequestMappingHandlerMapping : Mapped to com.woden.wms_backend.controllers.ClientesControllers.AccesorioController#getPackedAccesoriesSerials(String, String, Integer)
2025-10-10T09:25:41.866-05:00 DEBUG 14708 --- [wms-backend] [http-nio-8080-exec-8] o.s.w.s.m.m.a.HttpEntityMethodProcessor  : Using 'application/json', given [application/json, text/plain, */*] and supported [application/json, application/*+json, application/yaml, application/xml;charset=UTF-8, text/xml;charset=UTF-8, application/*+xml;charset=UTF-8]
2025-10-10T09:25:41.866-05:00 DEBUG 14708 --- [wms-backend] [http-nio-8080-exec-8] o.s.w.s.m.m.a.HttpEntityMethodProcessor  : Writing [0]
2025-10-10T09:25:41.868-05:00 DEBUG 14708 --- [wms-backend] [http-nio-8080-exec-8] o.s.web.servlet.DispatcherServlet        : Completed 200 OK
2025-10-10T09:25:41.878-05:00 DEBUG 14708 --- [wms-backend] [http-nio-8080-exec-3] o.s.web.servlet.DispatcherServlet        : GET "/client/accesorio/getPackedAccesoriesSerials?codigoSap=HME0004232&tipoAccesorio=nuevo&palletId=674", parameters={masked}
2025-10-10T09:25:41.879-05:00 DEBUG 14708 --- [wms-backend] [http-nio-8080-exec-3] s.w.s.m.m.a.RequestMappingHandlerMapping : Mapped to com.woden.wms_backend.controllers.ClientesControllers.AccesorioController#getPackedAccesoriesSerials(String, String, Integer)
2025-10-10T09:25:41.971-05:00 DEBUG 14708 --- [wms-backend] [http-nio-8080-exec-5] o.s.w.s.m.m.a.HttpEntityMethodProcessor  : Using 'application/json', given [application/json, text/plain, */*] and supported [application/json, application/*+json, application/yaml, application/xml;charset=UTF-8, text/xml;charset=UTF-8, application/*+xml;charset=UTF-8]
2025-10-10T09:25:41.971-05:00 DEBUG 14708 --- [wms-backend] [http-nio-8080-exec-5] o.s.w.s.m.m.a.HttpEntityMethodProcessor  : Writing [0]
2025-10-10T09:25:41.971-05:00 DEBUG 14708 --- [wms-backend] [http-nio-8080-exec-9] o.s.w.s.m.m.a.HttpEntityMethodProcessor  : Using 'application/json', given [application/json, text/plain, */*] and supported [application/json, application/*+json, application/yaml, application/xml;charset=UTF-8, text/xml;charset=UTF-8, application/*+xml;charset=UTF-8]
2025-10-10T09:25:41.971-05:00 DEBUG 14708 --- [wms-backend] [http-nio-8080-exec-9] o.s.w.s.m.m.a.HttpEntityMethodProcessor  : Writing [3]
2025-10-10T09:25:41.971-05:00 DEBUG 14708 --- [wms-backend] [http-nio-8080-exec-9] o.s.web.servlet.DispatcherServlet        : Completed 200 OK
2025-10-10T09:25:41.971-05:00 DEBUG 14708 --- [wms-backend] [http-nio-8080-exec-5] o.s.web.servlet.DispatcherServlet        : Completed 200 OK
2025-10-10T09:25:41.972-05:00 DEBUG 14708 --- [wms-backend] [http-nio-8080-exec-6] o.s.w.s.m.m.a.HttpEntityMethodProcessor  : Using 'application/json', given [application/json, text/plain, */*] and supported [application/json, application/*+json, application/yaml, application/xml;charset=UTF-8, text/xml;charset=UTF-8, application/*+xml;charset=UTF-8]
2025-10-10T09:25:41.973-05:00 DEBUG 14708 --- [wms-backend] [http-nio-8080-exec-6] o.s.w.s.m.m.a.HttpEntityMethodProcessor  : Writing [0]
2025-10-10T09:25:41.973-05:00 DEBUG 14708 --- [wms-backend] [http-nio-8080-exec-6] o.s.web.servlet.DispatcherServlet        : Completed 200 OK
2025-10-10T09:25:41.977-05:00 DEBUG 14708 --- [wms-backend] [http-nio-8080-exec-4] o.s.web.servlet.DispatcherServlet        : GET "/client/accesorio/getPackedAccesoriesSerials?codigoSap=HME0004064&tipoAccesorio=reacondicionado&palletId=674", parameters={masked}
2025-10-10T09:25:41.979-05:00 DEBUG 14708 --- [wms-backend] [http-nio-8080-exec-4] s.w.s.m.m.a.RequestMappingHandlerMapping : Mapped to com.woden.wms_backend.controllers.ClientesControllers.AccesorioController#getPackedAccesoriesSerials(String, String, Integer)
2025-10-10T09:25:42.077-05:00 DEBUG 14708 --- [wms-backend] [http-nio-8080-exec-10] o.s.w.s.m.m.a.HttpEntityMethodProcessor  : Using 'application/json', given [application/json, text/plain, */*] and supported [application/json, application/*+json, application/yaml, application/xml;charset=UTF-8, text/xml;charset=UTF-8, application/*+xml;charset=UTF-8]
2025-10-10T09:25:42.077-05:00 DEBUG 14708 --- [wms-backend] [http-nio-8080-exec-10] o.s.w.s.m.m.a.HttpEntityMethodProcessor  : Writing [0]
2025-10-10T09:25:42.079-05:00 DEBUG 14708 --- [wms-backend] [http-nio-8080-exec-10] o.s.web.servlet.DispatcherServlet        : Completed 200 OK
2025-10-10T09:25:42.081-05:00 DEBUG 14708 --- [wms-backend] [http-nio-8080-exec-1] o.s.w.s.m.m.a.HttpEntityMethodProcessor  : Using 'application/json', given [application/json, text/plain, */*] and supported [application/json, application/*+json, application/yaml, application/xml;charset=UTF-8, text/xml;charset=UTF-8, application/*+xml;charset=UTF-8]
2025-10-10T09:25:42.082-05:00 DEBUG 14708 --- [wms-backend] [http-nio-8080-exec-1] o.s.w.s.m.m.a.HttpEntityMethodProcessor  : Writing [1]
2025-10-10T09:25:42.083-05:00 DEBUG 14708 --- [wms-backend] [http-nio-8080-exec-1] o.s.web.servlet.DispatcherServlet        : Completed 200 OK
2025-10-10T09:25:42.085-05:00 DEBUG 14708 --- [wms-backend] [http-nio-8080-exec-3] o.s.w.s.m.m.a.HttpEntityMethodProcessor  : Using 'application/json', given [application/json, text/plain, */*] and supported [application/json, application/*+json, application/yaml, application/xml;charset=UTF-8, text/xml;charset=UTF-8, application/*+xml;charset=UTF-8]
2025-10-10T09:25:42.085-05:00 DEBUG 14708 --- [wms-backend] [http-nio-8080-exec-3] o.s.w.s.m.m.a.HttpEntityMethodProcessor  : Writing [0]
2025-10-10T09:25:42.086-05:00 DEBUG 14708 --- [wms-backend] [http-nio-8080-exec-3] o.s.web.servlet.DispatcherServlet        : Completed 200 OK
2025-10-10T09:25:42.195-05:00 DEBUG 14708 --- [wms-backend] [http-nio-8080-exec-4] o.s.w.s.m.m.a.HttpEntityMethodProcessor  : Using 'application/json', given [application/json, text/plain, */*] and supported [application/json, application/*+json, application/yaml, application/xml;charset=UTF-8, text/xml;charset=UTF-8, application/*+xml;charset=UTF-8]
2025-10-10T09:25:42.196-05:00 DEBUG 14708 --- [wms-backend] [http-nio-8080-exec-4] o.s.w.s.m.m.a.HttpEntityMethodProcessor  : Writing [0]
2025-10-10T09:25:42.196-05:00 DEBUG 14708 --- [wms-backend] [http-nio-8080-exec-4] o.s.web.servlet.DispatcherServlet        : Completed 200 OK
2025-10-10T09:25:46.133-05:00 DEBUG 14708 --- [wms-backend] [http-nio-8080-exec-2] o.s.web.servlet.DispatcherServlet        : POST "/client/accesorio/updatePackingBatch", parameters={}
2025-10-10T09:25:46.133-05:00 DEBUG 14708 --- [wms-backend] [http-nio-8080-exec-2] s.w.s.m.m.a.RequestMappingHandlerMapping : Mapped to com.woden.wms_backend.controllers.ClientesControllers.AccesorioController#updatePackingBatch(List)
2025-10-10T09:25:46.140-05:00 DEBUG 14708 --- [wms-backend] [http-nio-8080-exec-2] m.m.a.RequestResponseBodyMethodProcessor : Read "application/json;charset=UTF-8" to [[[Ljava.lang.String;@689f95d6, [Ljava.lang.String;@17dc1d75]]
2025-10-10T09:25:47.122-05:00 DEBUG 14708 --- [wms-backend] [http-nio-8080-exec-2] o.s.w.s.m.m.a.HttpEntityMethodProcessor  : Using 'application/json', given [application/json, text/plain, */*] and supported [application/json, application/*+json, application/yaml, application/xml;charset=UTF-8, text/xml;charset=UTF-8, application/*+xml;charset=UTF-8]
2025-10-10T09:25:47.122-05:00 DEBUG 14708 --- [wms-backend] [http-nio-8080-exec-2] o.s.w.s.m.m.a.HttpEntityMethodProcessor  : Writing [0]
2025-10-10T09:25:47.122-05:00 DEBUG 14708 --- [wms-backend] [http-nio-8080-exec-2] o.s.web.servlet.DispatcherServlet        : Completed 200 OK
2025-10-10T09:25:48.176-05:00 DEBUG 14708 --- [wms-backend] [http-nio-8080-exec-6] o.s.web.servlet.DispatcherServlet        : GET "/client/accesorio/searchPackingCodigoSapAccesory?estado=EMPACADO&palletId=674&codigoSapId=20", parameters={masked}
2025-10-10T09:25:48.176-05:00 DEBUG 14708 --- [wms-backend] [http-nio-8080-exec-9] o.s.web.servlet.DispatcherServlet        : GET "/client/accesorio/searchPackingCodigoSapAccesory?estado=EMPAQUE&palletId=674&codigoSapId=20", parameters={masked}
2025-10-10T09:25:48.176-05:00 DEBUG 14708 --- [wms-backend] [http-nio-8080-exec-6] s.w.s.m.m.a.RequestMappingHandlerMapping : Mapped to com.woden.wms_backend.controllers.ClientesControllers.AccesorioController#searchPackingCodigoSapAccesory(String, Integer, Integer)
2025-10-10T09:25:48.176-05:00 DEBUG 14708 --- [wms-backend] [http-nio-8080-exec-9] s.w.s.m.m.a.RequestMappingHandlerMapping : Mapped to com.woden.wms_backend.controllers.ClientesControllers.AccesorioController#searchPackingCodigoSapAccesory(String, Integer, Integer)
2025-10-10T09:25:48.390-05:00 DEBUG 14708 --- [wms-backend] [http-nio-8080-exec-9] o.s.w.s.m.m.a.HttpEntityMethodProcessor  : Using 'application/json', given [application/json, text/plain, */*] and supported [application/json, application/*+json, application/yaml, application/xml;charset=UTF-8, text/xml;charset=UTF-8, application/*+xml;charset=UTF-8]
2025-10-10T09:25:48.391-05:00 DEBUG 14708 --- [wms-backend] [http-nio-8080-exec-6] o.s.w.s.m.m.a.HttpEntityMethodProcessor  : Using 'application/json', given [application/json, text/plain, */*] and supported [application/json, application/*+json, application/yaml, application/xml;charset=UTF-8, text/xml;charset=UTF-8, application/*+xml;charset=UTF-8]
2025-10-10T09:25:48.391-05:00 DEBUG 14708 --- [wms-backend] [http-nio-8080-exec-9] o.s.w.s.m.m.a.HttpEntityMethodProcessor  : Writing [[{descripcion=CABLE HDMI JUMPER, codigo=ACC0000540, reacondicionados=13, nuevos=0, familia=CABLE}, { (truncated)...]
2025-10-10T09:25:48.391-05:00 DEBUG 14708 --- [wms-backend] [http-nio-8080-exec-6] o.s.w.s.m.m.a.HttpEntityMethodProcessor  : Writing [[{descripcion=REMOTE CONTROL DTH, codigo=06010740002, reacondicionados=0, nuevos=1, familia=CONTROL} (truncated)...]
2025-10-10T09:25:48.392-05:00 DEBUG 14708 --- [wms-backend] [http-nio-8080-exec-9] o.s.web.servlet.DispatcherServlet        : Completed 200 OK
2025-10-10T09:25:48.392-05:00 DEBUG 14708 --- [wms-backend] [http-nio-8080-exec-6] o.s.web.servlet.DispatcherServlet        : Completed 200 OK
2025-10-10T09:25:48.410-05:00 DEBUG 14708 --- [wms-backend] [http-nio-8080-exec-5] o.s.web.servlet.DispatcherServlet        : GET "/client/accesorio/getPackedAccesoriesSerials?codigoSap=06010740002&tipoAccesorio=nuevo&palletId=674", parameters={masked}
2025-10-10T09:25:48.410-05:00 DEBUG 14708 --- [wms-backend] [http-nio-8080-exec-5] s.w.s.m.m.a.RequestMappingHandlerMapping : Mapped to com.woden.wms_backend.controllers.ClientesControllers.AccesorioController#getPackedAccesoriesSerials(String, String, Integer)
2025-10-10T09:25:48.410-05:00 DEBUG 14708 --- [wms-backend] [http-nio-8080-exec-6] o.s.web.servlet.DispatcherServlet        : GET "/client/accesorio/getPackedAccesoriesSerials?codigoSap=ACC0000540&tipoAccesorio=nuevo&palletId=674", parameters={masked}
2025-10-10T09:25:48.411-05:00 DEBUG 14708 --- [wms-backend] [http-nio-8080-exec-6] s.w.s.m.m.a.RequestMappingHandlerMapping : Mapped to com.woden.wms_backend.controllers.ClientesControllers.AccesorioController#getPackedAccesoriesSerials(String, String, Integer)
2025-10-10T09:25:48.410-05:00 DEBUG 14708 --- [wms-backend] [http-nio-8080-exec-4] o.s.web.servlet.DispatcherServlet        : GET "/client/accesorio/getPackedAccesoriesSerials?codigoSap=HME0004232&tipoAccesorio=reacondicionado&palletId=674", parameters={masked}
2025-10-10T09:25:48.411-05:00 DEBUG 14708 --- [wms-backend] [http-nio-8080-exec-9] o.s.web.servlet.DispatcherServlet        : GET "/client/accesorio/getPackedAccesoriesSerials?codigoSap=ACC0000540&tipoAccesorio=reacondicionado&palletId=674", parameters={masked}
2025-10-10T09:25:48.411-05:00 DEBUG 14708 --- [wms-backend] [http-nio-8080-exec-4] s.w.s.m.m.a.RequestMappingHandlerMapping : Mapped to com.woden.wms_backend.controllers.ClientesControllers.AccesorioController#getPackedAccesoriesSerials(String, String, Integer)
2025-10-10T09:25:48.410-05:00 DEBUG 14708 --- [wms-backend] [http-nio-8080-exec-8] o.s.web.servlet.DispatcherServlet        : GET "/client/accesorio/getPackedAccesoriesSerials?codigoSap=06010740002&tipoAccesorio=reacondicionado&palletId=674", parameters={masked}
2025-10-10T09:25:48.412-05:00 DEBUG 14708 --- [wms-backend] [http-nio-8080-exec-1] o.s.web.servlet.DispatcherServlet        : GET "/client/accesorio/getPackedAccesoriesSerials?codigoSap=HME0004232&tipoAccesorio=nuevo&palletId=674", parameters={masked}
2025-10-10T09:25:48.412-05:00 DEBUG 14708 --- [wms-backend] [http-nio-8080-exec-8] s.w.s.m.m.a.RequestMappingHandlerMapping : Mapped to com.woden.wms_backend.controllers.ClientesControllers.AccesorioController#getPackedAccesoriesSerials(String, String, Integer)
2025-10-10T09:25:48.412-05:00 DEBUG 14708 --- [wms-backend] [http-nio-8080-exec-9] s.w.s.m.m.a.RequestMappingHandlerMapping : Mapped to com.woden.wms_backend.controllers.ClientesControllers.AccesorioController#getPackedAccesoriesSerials(String, String, Integer)
2025-10-10T09:25:48.412-05:00 DEBUG 14708 --- [wms-backend] [http-nio-8080-exec-1] s.w.s.m.m.a.RequestMappingHandlerMapping : Mapped to com.woden.wms_backend.controllers.ClientesControllers.AccesorioController#getPackedAccesoriesSerials(String, String, Integer)
2025-10-10T09:25:48.521-05:00 DEBUG 14708 --- [wms-backend] [http-nio-8080-exec-6] o.s.w.s.m.m.a.HttpEntityMethodProcessor  : Using 'application/json', given [application/json, text/plain, */*] and supported [application/json, application/*+json, application/yaml, application/xml;charset=UTF-8, text/xml;charset=UTF-8, application/*+xml;charset=UTF-8]
2025-10-10T09:25:48.522-05:00 DEBUG 14708 --- [wms-backend] [http-nio-8080-exec-6] o.s.w.s.m.m.a.HttpEntityMethodProcessor  : Writing [0]
2025-10-10T09:25:48.522-05:00 DEBUG 14708 --- [wms-backend] [http-nio-8080-exec-5] o.s.w.s.m.m.a.HttpEntityMethodProcessor  : Using 'application/json', given [application/json, text/plain, */*] and supported [application/json, application/*+json, application/yaml, application/xml;charset=UTF-8, text/xml;charset=UTF-8, application/*+xml;charset=UTF-8]
2025-10-10T09:25:48.522-05:00 DEBUG 14708 --- [wms-backend] [http-nio-8080-exec-5] o.s.w.s.m.m.a.HttpEntityMethodProcessor  : Writing [0]
2025-10-10T09:25:48.522-05:00 DEBUG 14708 --- [wms-backend] [http-nio-8080-exec-6] o.s.web.servlet.DispatcherServlet        : Completed 200 OK
2025-10-10T09:25:48.523-05:00 DEBUG 14708 --- [wms-backend] [http-nio-8080-exec-5] o.s.web.servlet.DispatcherServlet        : Completed 200 OK
2025-10-10T09:25:48.622-05:00 DEBUG 14708 --- [wms-backend] [http-nio-8080-exec-4] o.s.w.s.m.m.a.HttpEntityMethodProcessor  : Using 'application/json', given [application/json, text/plain, */*] and supported [application/json, application/*+json, application/yaml, application/xml;charset=UTF-8, text/xml;charset=UTF-8, application/*+xml;charset=UTF-8]
2025-10-10T09:25:48.622-05:00 DEBUG 14708 --- [wms-backend] [http-nio-8080-exec-4] o.s.w.s.m.m.a.HttpEntityMethodProcessor  : Writing [0]
2025-10-10T09:25:48.624-05:00 DEBUG 14708 --- [wms-backend] [http-nio-8080-exec-4] o.s.web.servlet.DispatcherServlet        : Completed 200 OK
2025-10-10T09:25:48.633-05:00 DEBUG 14708 --- [wms-backend] [http-nio-8080-exec-9] o.s.w.s.m.m.a.HttpEntityMethodProcessor  : Using 'application/json', given [application/json, text/plain, */*] and supported [application/json, application/*+json, application/yaml, application/xml;charset=UTF-8, text/xml;charset=UTF-8, application/*+xml;charset=UTF-8]
2025-10-10T09:25:48.633-05:00 DEBUG 14708 --- [wms-backend] [http-nio-8080-exec-8] o.s.w.s.m.m.a.HttpEntityMethodProcessor  : Using 'application/json', given [application/json, text/plain, */*] and supported [application/json, application/*+json, application/yaml, application/xml;charset=UTF-8, text/xml;charset=UTF-8, application/*+xml;charset=UTF-8]
2025-10-10T09:25:48.633-05:00 DEBUG 14708 --- [wms-backend] [http-nio-8080-exec-1] o.s.w.s.m.m.a.HttpEntityMethodProcessor  : Using 'application/json', given [application/json, text/plain, */*] and supported [application/json, application/*+json, application/yaml, application/xml;charset=UTF-8, text/xml;charset=UTF-8, application/*+xml;charset=UTF-8]
2025-10-10T09:25:48.633-05:00 DEBUG 14708 --- [wms-backend] [http-nio-8080-exec-9] o.s.w.s.m.m.a.HttpEntityMethodProcessor  : Writing [0]
2025-10-10T09:25:48.633-05:00 DEBUG 14708 --- [wms-backend] [http-nio-8080-exec-8] o.s.w.s.m.m.a.HttpEntityMethodProcessor  : Writing [0]
2025-10-10T09:25:48.633-05:00 DEBUG 14708 --- [wms-backend] [http-nio-8080-exec-1] o.s.w.s.m.m.a.HttpEntityMethodProcessor  : Writing [0]
2025-10-10T09:25:48.634-05:00 DEBUG 14708 --- [wms-backend] [http-nio-8080-exec-1] o.s.web.servlet.DispatcherServlet        : Completed 200 OK
2025-10-10T09:25:48.634-05:00 DEBUG 14708 --- [wms-backend] [http-nio-8080-exec-8] o.s.web.servlet.DispatcherServlet        : Completed 200 OK
2025-10-10T09:25:48.634-05:00 DEBUG 14708 --- [wms-backend] [http-nio-8080-exec-9] o.s.web.servlet.DispatcherServlet        : Completed 200 OK
2025-10-10T09:25:48.688-05:00 DEBUG 14708 --- [wms-backend] [http-nio-8080-exec-10] o.s.web.servlet.DispatcherServlet        : GET "/general/version", parameters={}
2025-10-10T09:25:48.689-05:00 DEBUG 14708 --- [wms-backend] [http-nio-8080-exec-10] s.w.s.m.m.a.RequestMappingHandlerMapping : Mapped to com.woden.wms_backend.controllers.WmsWdGeneral.VersionController#getVersion()
2025-10-10T09:25:48.689-05:00 DEBUG 14708 --- [wms-backend] [http-nio-8080-exec-10] o.s.w.s.m.m.a.HttpEntityMethodProcessor  : Using 'application/json', given [application/json, text/plain, */*] and supported [text/plain, */*, application/json, application/*+json, application/yaml, application/xml;charset=UTF-8, text/xml;charset=UTF-8, application/*+xml;charset=UTF-8]
2025-10-10T09:25:48.689-05:00 DEBUG 14708 --- [wms-backend] [http-nio-8080-exec-10] o.s.w.s.m.m.a.HttpEntityMethodProcessor  : Writing ["1.0.1.48"]
2025-10-10T09:25:48.690-05:00 DEBUG 14708 --- [wms-backend] [http-nio-8080-exec-10] o.s.web.servlet.DispatcherServlet        : Completed 200 OK
2025-10-10T09:25:58.688-05:00 DEBUG 14708 --- [wms-backend] [http-nio-8080-exec-7] o.s.web.servlet.DispatcherServlet        : GET "/general/version", parameters={}
2025-10-10T09:25:58.688-05:00 DEBUG 14708 --- [wms-backend] [http-nio-8080-exec-7] s.w.s.m.m.a.RequestMappingHandlerMapping : Mapped to com.woden.wms_backend.controllers.WmsWdGeneral.VersionController#getVersion()
2025-10-10T09:25:58.689-05:00 DEBUG 14708 --- [wms-backend] [http-nio-8080-exec-7] o.s.w.s.m.m.a.HttpEntityMethodProcessor  : Using 'application/json', given [application/json, text/plain, */*] and supported [text/plain, */*, application/json, application/*+json, application/yaml, application/xml;charset=UTF-8, text/xml;charset=UTF-8, application/*+xml;charset=UTF-8]
2025-10-10T09:25:58.689-05:00 DEBUG 14708 --- [wms-backend] [http-nio-8080-exec-7] o.s.w.s.m.m.a.HttpEntityMethodProcessor  : Writing ["1.0.1.48"]
2025-10-10T09:25:58.689-05:00 DEBUG 14708 --- [wms-backend] [http-nio-8080-exec-7] o.s.web.servlet.DispatcherServlet        : Completed 200 OK
2025-10-10T09:26:08.687-05:00 DEBUG 14708 --- [wms-backend] [http-nio-8080-exec-2] o.s.web.servlet.DispatcherServlet        : GET "/general/version", parameters={}
2025-10-10T09:26:08.687-05:00 DEBUG 14708 --- [wms-backend] [http-nio-8080-exec-2] s.w.s.m.m.a.RequestMappingHandlerMapping : Mapped to com.woden.wms_backend.controllers.WmsWdGeneral.VersionController#getVersion()
2025-10-10T09:26:08.687-05:00 DEBUG 14708 --- [wms-backend] [http-nio-8080-exec-2] o.s.w.s.m.m.a.HttpEntityMethodProcessor  : Using 'application/json', given [application/json, text/plain, */*] and supported [text/plain, */*, application/json, application/*+json, application/yaml, application/xml;charset=UTF-8, text/xml;charset=UTF-8, application/*+xml;charset=UTF-8]
2025-10-10T09:26:08.687-05:00 DEBUG 14708 --- [wms-backend] [http-nio-8080-exec-2] o.s.w.s.m.m.a.HttpEntityMethodProcessor  : Writing ["1.0.1.48"]
2025-10-10T09:26:08.687-05:00 DEBUG 14708 --- [wms-backend] [http-nio-8080-exec-2] o.s.web.servlet.DispatcherServlet        : Completed 200 OK
2025-10-10T09:26:17.180-05:00 DEBUG 14708 --- [wms-backend] [http-nio-8080-exec-6] o.s.web.servlet.DispatcherServlet        : POST "/client/accesorio/updatePackingBatch", parameters={}
2025-10-10T09:26:17.180-05:00 DEBUG 14708 --- [wms-backend] [http-nio-8080-exec-6] s.w.s.m.m.a.RequestMappingHandlerMapping : Mapped to com.woden.wms_backend.controllers.ClientesControllers.AccesorioController#updatePackingBatch(List)
2025-10-10T09:26:17.182-05:00 DEBUG 14708 --- [wms-backend] [http-nio-8080-exec-6] m.m.a.RequestResponseBodyMethodProcessor : Read "application/json;charset=UTF-8" to [[[Ljava.lang.String;@1f10eb41]]
2025-10-10T09:26:17.797-05:00 DEBUG 14708 --- [wms-backend] [http-nio-8080-exec-6] o.s.w.s.m.m.a.HttpEntityMethodProcessor  : Using 'application/json', given [application/json, text/plain, */*] and supported [application/json, application/*+json, application/yaml, application/xml;charset=UTF-8, text/xml;charset=UTF-8, application/*+xml;charset=UTF-8]
2025-10-10T09:26:17.798-05:00 DEBUG 14708 --- [wms-backend] [http-nio-8080-exec-6] o.s.w.s.m.m.a.HttpEntityMethodProcessor  : Writing [1]
2025-10-10T09:26:17.799-05:00 DEBUG 14708 --- [wms-backend] [http-nio-8080-exec-6] o.s.web.servlet.DispatcherServlet        : Completed 200 OK
2025-10-10T09:26:17.855-05:00 DEBUG 14708 --- [wms-backend] [http-nio-8080-exec-8] o.s.web.servlet.DispatcherServlet        : GET "/client/accesorio/searchPackingCodigoSapAccesory?estado=EMPACADO&palletId=674&codigoSapId=20", parameters={masked}
2025-10-10T09:26:17.855-05:00 DEBUG 14708 --- [wms-backend] [http-nio-8080-exec-8] s.w.s.m.m.a.RequestMappingHandlerMapping : Mapped to com.woden.wms_backend.controllers.ClientesControllers.AccesorioController#searchPackingCodigoSapAccesory(String, Integer, Integer)
2025-10-10T09:26:17.856-05:00 DEBUG 14708 --- [wms-backend] [http-nio-8080-exec-9] o.s.web.servlet.DispatcherServlet        : GET "/client/accesorio/searchPackingCodigoSapAccesory?estado=EMPAQUE&palletId=674&codigoSapId=20", parameters={masked}
2025-10-10T09:26:17.856-05:00 DEBUG 14708 --- [wms-backend] [http-nio-8080-exec-9] s.w.s.m.m.a.RequestMappingHandlerMapping : Mapped to com.woden.wms_backend.controllers.ClientesControllers.AccesorioController#searchPackingCodigoSapAccesory(String, Integer, Integer)
2025-10-10T09:26:18.097-05:00 DEBUG 14708 --- [wms-backend] [http-nio-8080-exec-8] o.s.w.s.m.m.a.HttpEntityMethodProcessor  : Using 'application/json', given [application/json, text/plain, */*] and supported [application/json, application/*+json, application/yaml, application/xml;charset=UTF-8, text/xml;charset=UTF-8, application/*+xml;charset=UTF-8]
2025-10-10T09:26:18.097-05:00 DEBUG 14708 --- [wms-backend] [http-nio-8080-exec-8] o.s.w.s.m.m.a.HttpEntityMethodProcessor  : Writing [[{descripcion=REMOTE CONTROL DTH, codigo=06010740002, reacondicionados=0, nuevos=1, familia=CONTROL} (truncated)...]
2025-10-10T09:26:18.099-05:00 DEBUG 14708 --- [wms-backend] [http-nio-8080-exec-8] o.s.web.servlet.DispatcherServlet        : Completed 200 OK
2025-10-10T09:26:18.121-05:00 DEBUG 14708 --- [wms-backend] [http-nio-8080-exec-4] o.s.web.servlet.DispatcherServlet        : GET "/client/accesorio/getPackedAccesoriesSerials?codigoSap=06010740002&tipoAccesorio=reacondicionado&palletId=674", parameters={masked}
2025-10-10T09:26:18.121-05:00 DEBUG 14708 --- [wms-backend] [http-nio-8080-exec-4] s.w.s.m.m.a.RequestMappingHandlerMapping : Mapped to com.woden.wms_backend.controllers.ClientesControllers.AccesorioController#getPackedAccesoriesSerials(String, String, Integer)
2025-10-10T09:26:18.121-05:00 DEBUG 14708 --- [wms-backend] [http-nio-8080-exec-1] o.s.web.servlet.DispatcherServlet        : GET "/client/accesorio/getPackedAccesoriesSerials?codigoSap=ACC0000540&tipoAccesorio=nuevo&palletId=674", parameters={masked}
2025-10-10T09:26:18.122-05:00 DEBUG 14708 --- [wms-backend] [http-nio-8080-exec-8] o.s.web.servlet.DispatcherServlet        : GET "/client/accesorio/getPackedAccesoriesSerials?codigoSap=ACC0000540&tipoAccesorio=reacondicionado&palletId=674", parameters={masked}
2025-10-10T09:26:18.122-05:00 DEBUG 14708 --- [wms-backend] [http-nio-8080-exec-1] s.w.s.m.m.a.RequestMappingHandlerMapping : Mapped to com.woden.wms_backend.controllers.ClientesControllers.AccesorioController#getPackedAccesoriesSerials(String, String, Integer)
2025-10-10T09:26:18.122-05:00 DEBUG 14708 --- [wms-backend] [http-nio-8080-exec-8] s.w.s.m.m.a.RequestMappingHandlerMapping : Mapped to com.woden.wms_backend.controllers.ClientesControllers.AccesorioController#getPackedAccesoriesSerials(String, String, Integer)
2025-10-10T09:26:18.123-05:00 DEBUG 14708 --- [wms-backend] [http-nio-8080-exec-5] o.s.web.servlet.DispatcherServlet        : GET "/client/accesorio/getPackedAccesoriesSerials?codigoSap=06010740002&tipoAccesorio=nuevo&palletId=674", parameters={masked}
2025-10-10T09:26:18.123-05:00 DEBUG 14708 --- [wms-backend] [http-nio-8080-exec-5] s.w.s.m.m.a.RequestMappingHandlerMapping : Mapped to com.woden.wms_backend.controllers.ClientesControllers.AccesorioController#getPackedAccesoriesSerials(String, String, Integer)
2025-10-10T09:26:18.126-05:00 DEBUG 14708 --- [wms-backend] [http-nio-8080-exec-2] o.s.web.servlet.DispatcherServlet        : GET "/client/accesorio/getPackedAccesoriesSerials?codigoSap=HME0004232&tipoAccesorio=nuevo&palletId=674", parameters={masked}
2025-10-10T09:26:18.127-05:00 DEBUG 14708 --- [wms-backend] [http-nio-8080-exec-2] s.w.s.m.m.a.RequestMappingHandlerMapping : Mapped to com.woden.wms_backend.controllers.ClientesControllers.AccesorioController#getPackedAccesoriesSerials(String, String, Integer)
2025-10-10T09:26:18.235-05:00 DEBUG 14708 --- [wms-backend] [http-nio-8080-exec-8] o.s.w.s.m.m.a.HttpEntityMethodProcessor  : Using 'application/json', given [application/json, text/plain, */*] and supported [application/json, application/*+json, application/yaml, application/xml;charset=UTF-8, text/xml;charset=UTF-8, application/*+xml;charset=UTF-8]
2025-10-10T09:26:18.235-05:00 DEBUG 14708 --- [wms-backend] [http-nio-8080-exec-8] o.s.w.s.m.m.a.HttpEntityMethodProcessor  : Writing [0]
2025-10-10T09:26:18.236-05:00 DEBUG 14708 --- [wms-backend] [http-nio-8080-exec-8] o.s.web.servlet.DispatcherServlet        : Completed 200 OK
2025-10-10T09:26:18.247-05:00 DEBUG 14708 --- [wms-backend] [http-nio-8080-exec-7] o.s.web.servlet.DispatcherServlet        : GET "/client/accesorio/getPackedAccesoriesSerials?codigoSap=HME0004232&tipoAccesorio=reacondicionado&palletId=674", parameters={masked}
2025-10-10T09:26:18.247-05:00 DEBUG 14708 --- [wms-backend] [http-nio-8080-exec-7] s.w.s.m.m.a.RequestMappingHandlerMapping : Mapped to com.woden.wms_backend.controllers.ClientesControllers.AccesorioController#getPackedAccesoriesSerials(String, String, Integer)
2025-10-10T09:26:18.276-05:00 DEBUG 14708 --- [wms-backend] [http-nio-8080-exec-9] o.s.w.s.m.m.a.HttpEntityMethodProcessor  : Using 'application/json', given [application/json, text/plain, */*] and supported [application/json, application/*+json, application/yaml, application/xml;charset=UTF-8, text/xml;charset=UTF-8, application/*+xml;charset=UTF-8]
2025-10-10T09:26:18.276-05:00 DEBUG 14708 --- [wms-backend] [http-nio-8080-exec-9] o.s.w.s.m.m.a.HttpEntityMethodProcessor  : Writing [[{descripcion=CABLE HDMI JUMPER, codigo=ACC0000540, reacondicionados=13, nuevos=0, familia=CABLE}, { (truncated)...]
2025-10-10T09:26:18.277-05:00 DEBUG 14708 --- [wms-backend] [http-nio-8080-exec-9] o.s.web.servlet.DispatcherServlet        : Completed 200 OK
2025-10-10T09:26:18.347-05:00 DEBUG 14708 --- [wms-backend] [http-nio-8080-exec-2] o.s.w.s.m.m.a.HttpEntityMethodProcessor  : Using 'application/json', given [application/json, text/plain, */*] and supported [application/json, application/*+json, application/yaml, application/xml;charset=UTF-8, text/xml;charset=UTF-8, application/*+xml;charset=UTF-8]
2025-10-10T09:26:18.347-05:00 DEBUG 14708 --- [wms-backend] [http-nio-8080-exec-2] o.s.w.s.m.m.a.HttpEntityMethodProcessor  : Writing [0]
2025-10-10T09:26:18.349-05:00 DEBUG 14708 --- [wms-backend] [http-nio-8080-exec-2] o.s.web.servlet.DispatcherServlet        : Completed 200 OK
2025-10-10T09:26:18.351-05:00 DEBUG 14708 --- [wms-backend] [http-nio-8080-exec-1] o.s.w.s.m.m.a.HttpEntityMethodProcessor  : Using 'application/json', given [application/json, text/plain, */*] and supported [application/json, application/*+json, application/yaml, application/xml;charset=UTF-8, text/xml;charset=UTF-8, application/*+xml;charset=UTF-8]
2025-10-10T09:26:18.351-05:00 DEBUG 14708 --- [wms-backend] [http-nio-8080-exec-1] o.s.w.s.m.m.a.HttpEntityMethodProcessor  : Writing [0]
2025-10-10T09:26:18.352-05:00 DEBUG 14708 --- [wms-backend] [http-nio-8080-exec-1] o.s.web.servlet.DispatcherServlet        : Completed 200 OK
2025-10-10T09:26:18.356-05:00 DEBUG 14708 --- [wms-backend] [http-nio-8080-exec-4] o.s.w.s.m.m.a.HttpEntityMethodProcessor  : Using 'application/json', given [application/json, text/plain, */*] and supported [application/json, application/*+json, application/yaml, application/xml;charset=UTF-8, text/xml;charset=UTF-8, application/*+xml;charset=UTF-8]
2025-10-10T09:26:18.357-05:00 DEBUG 14708 --- [wms-backend] [http-nio-8080-exec-4] o.s.w.s.m.m.a.HttpEntityMethodProcessor  : Writing [0]
2025-10-10T09:26:18.360-05:00 DEBUG 14708 --- [wms-backend] [http-nio-8080-exec-4] o.s.web.servlet.DispatcherServlet        : Completed 200 OK
2025-10-10T09:26:18.374-05:00 DEBUG 14708 --- [wms-backend] [http-nio-8080-exec-5] o.s.w.s.m.m.a.HttpEntityMethodProcessor  : Using 'application/json', given [application/json, text/plain, */*] and supported [application/json, application/*+json, application/yaml, application/xml;charset=UTF-8, text/xml;charset=UTF-8, application/*+xml;charset=UTF-8]
2025-10-10T09:26:18.375-05:00 DEBUG 14708 --- [wms-backend] [http-nio-8080-exec-5] o.s.w.s.m.m.a.HttpEntityMethodProcessor  : Writing [0]
2025-10-10T09:26:18.375-05:00 DEBUG 14708 --- [wms-backend] [http-nio-8080-exec-5] o.s.web.servlet.DispatcherServlet        : Completed 200 OK
2025-10-10T09:26:18.391-05:00 DEBUG 14708 --- [wms-backend] [http-nio-8080-exec-7] o.s.w.s.m.m.a.HttpEntityMethodProcessor  : Using 'application/json', given [application/json, text/plain, */*] and supported [application/json, application/*+json, application/yaml, application/xml;charset=UTF-8, text/xml;charset=UTF-8, application/*+xml;charset=UTF-8]
2025-10-10T09:26:18.392-05:00 DEBUG 14708 --- [wms-backend] [http-nio-8080-exec-7] o.s.w.s.m.m.a.HttpEntityMethodProcessor  : Writing [1]
2025-10-10T09:26:18.393-05:00 DEBUG 14708 --- [wms-backend] [http-nio-8080-exec-7] o.s.web.servlet.DispatcherServlet        : Completed 200 OK
2025-10-10T09:26:18.689-05:00 DEBUG 14708 --- [wms-backend] [http-nio-8080-exec-10] o.s.web.servlet.DispatcherServlet        : GET "/general/version", parameters={}
2025-10-10T09:26:18.689-05:00 DEBUG 14708 --- [wms-backend] [http-nio-8080-exec-10] s.w.s.m.m.a.RequestMappingHandlerMapping : Mapped to com.woden.wms_backend.controllers.WmsWdGeneral.VersionController#getVersion()
2025-10-10T09:26:18.690-05:00 DEBUG 14708 --- [wms-backend] [http-nio-8080-exec-10] o.s.w.s.m.m.a.HttpEntityMethodProcessor  : Using 'application/json', given [application/json, text/plain, */*] and supported [text/plain, */*, application/json, application/*+json, application/yaml, application/xml;charset=UTF-8, text/xml;charset=UTF-8, application/*+xml;charset=UTF-8]
2025-10-10T09:26:18.690-05:00 DEBUG 14708 --- [wms-backend] [http-nio-8080-exec-10] o.s.w.s.m.m.a.HttpEntityMethodProcessor  : Writing ["1.0.1.48"]
2025-10-10T09:26:18.690-05:00 DEBUG 14708 --- [wms-backend] [http-nio-8080-exec-10] o.s.web.servlet.DispatcherServlet        : Completed 200 OK
2025-10-10T09:26:28.690-05:00 DEBUG 14708 --- [wms-backend] [http-nio-8080-exec-3] o.s.web.servlet.DispatcherServlet        : GET "/general/version", parameters={}
2025-10-10T09:26:28.690-05:00 DEBUG 14708 --- [wms-backend] [http-nio-8080-exec-3] s.w.s.m.m.a.RequestMappingHandlerMapping : Mapped to com.woden.wms_backend.controllers.WmsWdGeneral.VersionController#getVersion()
2025-10-10T09:26:28.691-05:00 DEBUG 14708 --- [wms-backend] [http-nio-8080-exec-3] o.s.w.s.m.m.a.HttpEntityMethodProcessor  : Using 'application/json', given [application/json, text/plain, */*] and supported [text/plain, */*, application/json, application/*+json, application/yaml, application/xml;charset=UTF-8, text/xml;charset=UTF-8, application/*+xml;charset=UTF-8]
2025-10-10T09:26:28.691-05:00 DEBUG 14708 --- [wms-backend] [http-nio-8080-exec-3] o.s.w.s.m.m.a.HttpEntityMethodProcessor  : Writing ["1.0.1.48"]
2025-10-10T09:26:28.692-05:00 DEBUG 14708 --- [wms-backend] [http-nio-8080-exec-3] o.s.web.servlet.DispatcherServlet        : Completed 200 OK
2025-10-10T09:26:38.689-05:00 DEBUG 14708 --- [wms-backend] [http-nio-8080-exec-6] o.s.web.servlet.DispatcherServlet        : GET "/general/version", parameters={}
2025-10-10T09:26:38.689-05:00 DEBUG 14708 --- [wms-backend] [http-nio-8080-exec-6] s.w.s.m.m.a.RequestMappingHandlerMapping : Mapped to com.woden.wms_backend.controllers.WmsWdGeneral.VersionController#getVersion()
2025-10-10T09:26:38.689-05:00 DEBUG 14708 --- [wms-backend] [http-nio-8080-exec-6] o.s.w.s.m.m.a.HttpEntityMethodProcessor  : Using 'application/json', given [application/json, text/plain, */*] and supported [text/plain, */*, application/json, application/*+json, application/yaml, application/xml;charset=UTF-8, text/xml;charset=UTF-8, application/*+xml;charset=UTF-8]
2025-10-10T09:26:38.689-05:00 DEBUG 14708 --- [wms-backend] [http-nio-8080-exec-6] o.s.w.s.m.m.a.HttpEntityMethodProcessor  : Writing ["1.0.1.48"]
2025-10-10T09:26:38.690-05:00 DEBUG 14708 --- [wms-backend] [http-nio-8080-exec-6] o.s.web.servlet.DispatcherServlet        : Completed 200 OK
2025-10-10T09:26:43.538-05:00 DEBUG 14708 --- [wms-backend] [http-nio-8080-exec-9] o.s.web.servlet.DispatcherServlet        : POST "/client/accesorio/updatePackingBatch", parameters={}
2025-10-10T09:26:43.539-05:00 DEBUG 14708 --- [wms-backend] [http-nio-8080-exec-9] s.w.s.m.m.a.RequestMappingHandlerMapping : Mapped to com.woden.wms_backend.controllers.ClientesControllers.AccesorioController#updatePackingBatch(List)
2025-10-10T09:26:43.540-05:00 DEBUG 14708 --- [wms-backend] [http-nio-8080-exec-9] m.m.a.RequestResponseBodyMethodProcessor : Read "application/json;charset=UTF-8" to [[[Ljava.lang.String;@35bf34da, [Ljava.lang.String;@70505a39]]
2025-10-10T09:26:44.499-05:00 DEBUG 14708 --- [wms-backend] [http-nio-8080-exec-9] o.s.w.s.m.m.a.HttpEntityMethodProcessor  : Using 'application/json', given [application/json, text/plain, */*] and supported [application/json, application/*+json, application/yaml, application/xml;charset=UTF-8, text/xml;charset=UTF-8, application/*+xml;charset=UTF-8]
2025-10-10T09:26:44.513-05:00 DEBUG 14708 --- [wms-backend] [http-nio-8080-exec-9] o.s.w.s.m.m.a.HttpEntityMethodProcessor  : Writing [1]
2025-10-10T09:26:44.513-05:00 DEBUG 14708 --- [wms-backend] [http-nio-8080-exec-9] o.s.web.servlet.DispatcherServlet        : Completed 200 OK
2025-10-10T09:26:44.527-05:00 DEBUG 14708 --- [wms-backend] [http-nio-8080-exec-5] o.s.web.servlet.DispatcherServlet        : GET "/client/accesorio/searchPackingCodigoSapAccesory?estado=EMPACADO&palletId=674&codigoSapId=20", parameters={masked}
2025-10-10T09:26:44.528-05:00 DEBUG 14708 --- [wms-backend] [http-nio-8080-exec-5] s.w.s.m.m.a.RequestMappingHandlerMapping : Mapped to com.woden.wms_backend.controllers.ClientesControllers.AccesorioController#searchPackingCodigoSapAccesory(String, Integer, Integer)
2025-10-10T09:26:44.528-05:00 DEBUG 14708 --- [wms-backend] [http-nio-8080-exec-4] o.s.web.servlet.DispatcherServlet        : GET "/client/accesorio/searchPackingCodigoSapAccesory?estado=EMPAQUE&palletId=674&codigoSapId=20", parameters={masked}
2025-10-10T09:26:44.528-05:00 DEBUG 14708 --- [wms-backend] [http-nio-8080-exec-4] s.w.s.m.m.a.RequestMappingHandlerMapping : Mapped to com.woden.wms_backend.controllers.ClientesControllers.AccesorioController#searchPackingCodigoSapAccesory(String, Integer, Integer)
2025-10-10T09:26:44.889-05:00 DEBUG 14708 --- [wms-backend] [http-nio-8080-exec-5] o.s.w.s.m.m.a.HttpEntityMethodProcessor  : Using 'application/json', given [application/json, text/plain, */*] and supported [application/json, application/*+json, application/yaml, application/xml;charset=UTF-8, text/xml;charset=UTF-8, application/*+xml;charset=UTF-8]
2025-10-10T09:26:44.889-05:00 DEBUG 14708 --- [wms-backend] [http-nio-8080-exec-5] o.s.w.s.m.m.a.HttpEntityMethodProcessor  : Writing [[{descripcion=REMOTE CONTROL DTH, codigo=06010740002, reacondicionados=0, nuevos=1, familia=CONTROL} (truncated)...]
2025-10-10T09:26:44.889-05:00 DEBUG 14708 --- [wms-backend] [http-nio-8080-exec-5] o.s.web.servlet.DispatcherServlet        : Completed 200 OK
2025-10-10T09:26:44.900-05:00 DEBUG 14708 --- [wms-backend] [http-nio-8080-exec-4] o.s.w.s.m.m.a.HttpEntityMethodProcessor  : Using 'application/json', given [application/json, text/plain, */*] and supported [application/json, application/*+json, application/yaml, application/xml;charset=UTF-8, text/xml;charset=UTF-8, application/*+xml;charset=UTF-8]
2025-10-10T09:26:44.900-05:00 DEBUG 14708 --- [wms-backend] [http-nio-8080-exec-4] o.s.w.s.m.m.a.HttpEntityMethodProcessor  : Writing [[{descripcion=CABLE HDMI JUMPER, codigo=ACC0000540, reacondicionados=13, nuevos=0, familia=CABLE}, { (truncated)...]
2025-10-10T09:26:44.901-05:00 DEBUG 14708 --- [wms-backend] [http-nio-8080-exec-4] o.s.web.servlet.DispatcherServlet        : Completed 200 OK
2025-10-10T09:26:44.905-05:00 DEBUG 14708 --- [wms-backend] [http-nio-8080-exec-1] o.s.web.servlet.DispatcherServlet        : GET "/client/accesorio/getPackedAccesoriesSerials?codigoSap=06010740002&tipoAccesorio=reacondicionado&palletId=674", parameters={masked}
2025-10-10T09:26:44.906-05:00 DEBUG 14708 --- [wms-backend] [http-nio-8080-exec-2] o.s.web.servlet.DispatcherServlet        : GET "/client/accesorio/getPackedAccesoriesSerials?codigoSap=06010740002&tipoAccesorio=nuevo&palletId=674", parameters={masked}
2025-10-10T09:26:44.906-05:00 DEBUG 14708 --- [wms-backend] [http-nio-8080-exec-1] s.w.s.m.m.a.RequestMappingHandlerMapping : Mapped to com.woden.wms_backend.controllers.ClientesControllers.AccesorioController#getPackedAccesoriesSerials(String, String, Integer)
2025-10-10T09:26:44.906-05:00 DEBUG 14708 --- [wms-backend] [http-nio-8080-exec-2] s.w.s.m.m.a.RequestMappingHandlerMapping : Mapped to com.woden.wms_backend.controllers.ClientesControllers.AccesorioController#getPackedAccesoriesSerials(String, String, Integer)
2025-10-10T09:26:44.907-05:00 DEBUG 14708 --- [wms-backend] [http-nio-8080-exec-5] o.s.web.servlet.DispatcherServlet        : GET "/client/accesorio/getPackedAccesoriesSerials?codigoSap=ACC0000540&tipoAccesorio=reacondicionado&palletId=674", parameters={masked}
2025-10-10T09:26:44.907-05:00 DEBUG 14708 --- [wms-backend] [http-nio-8080-exec-5] s.w.s.m.m.a.RequestMappingHandlerMapping : Mapped to com.woden.wms_backend.controllers.ClientesControllers.AccesorioController#getPackedAccesoriesSerials(String, String, Integer)
2025-10-10T09:26:44.912-05:00 DEBUG 14708 --- [wms-backend] [http-nio-8080-exec-10] o.s.web.servlet.DispatcherServlet        : GET "/client/accesorio/getPackedAccesoriesSerials?codigoSap=ACC0000540&tipoAccesorio=nuevo&palletId=674", parameters={masked}
2025-10-10T09:26:44.912-05:00 DEBUG 14708 --- [wms-backend] [http-nio-8080-exec-10] s.w.s.m.m.a.RequestMappingHandlerMapping : Mapped to com.woden.wms_backend.controllers.ClientesControllers.AccesorioController#getPackedAccesoriesSerials(String, String, Integer)
2025-10-10T09:26:44.914-05:00 DEBUG 14708 --- [wms-backend] [http-nio-8080-exec-7] o.s.web.servlet.DispatcherServlet        : GET "/client/accesorio/getPackedAccesoriesSerials?codigoSap=HME0004232&tipoAccesorio=nuevo&palletId=674", parameters={masked}
2025-10-10T09:26:44.914-05:00 DEBUG 14708 --- [wms-backend] [http-nio-8080-exec-8] o.s.web.servlet.DispatcherServlet        : GET "/client/accesorio/getPackedAccesoriesSerials?codigoSap=HME0004232&tipoAccesorio=reacondicionado&palletId=674", parameters={masked}
2025-10-10T09:26:44.914-05:00 DEBUG 14708 --- [wms-backend] [http-nio-8080-exec-7] s.w.s.m.m.a.RequestMappingHandlerMapping : Mapped to com.woden.wms_backend.controllers.ClientesControllers.AccesorioController#getPackedAccesoriesSerials(String, String, Integer)
2025-10-10T09:26:44.914-05:00 DEBUG 14708 --- [wms-backend] [http-nio-8080-exec-8] s.w.s.m.m.a.RequestMappingHandlerMapping : Mapped to com.woden.wms_backend.controllers.ClientesControllers.AccesorioController#getPackedAccesoriesSerials(String, String, Integer)
2025-10-10T09:26:45.039-05:00 DEBUG 14708 --- [wms-backend] [http-nio-8080-exec-10] o.s.w.s.m.m.a.HttpEntityMethodProcessor  : Using 'application/json', given [application/json, text/plain, */*] and supported [application/json, application/*+json, application/yaml, application/xml;charset=UTF-8, text/xml;charset=UTF-8, application/*+xml;charset=UTF-8]
2025-10-10T09:26:45.039-05:00 DEBUG 14708 --- [wms-backend] [http-nio-8080-exec-5] o.s.w.s.m.m.a.HttpEntityMethodProcessor  : Using 'application/json', given [application/json, text/plain, */*] and supported [application/json, application/*+json, application/yaml, application/xml;charset=UTF-8, text/xml;charset=UTF-8, application/*+xml;charset=UTF-8]
2025-10-10T09:26:45.040-05:00 DEBUG 14708 --- [wms-backend] [http-nio-8080-exec-10] o.s.w.s.m.m.a.HttpEntityMethodProcessor  : Writing [0]
2025-10-10T09:26:45.040-05:00 DEBUG 14708 --- [wms-backend] [http-nio-8080-exec-5] o.s.w.s.m.m.a.HttpEntityMethodProcessor  : Writing [0]
2025-10-10T09:26:45.041-05:00 DEBUG 14708 --- [wms-backend] [http-nio-8080-exec-10] o.s.web.servlet.DispatcherServlet        : Completed 200 OK
2025-10-10T09:26:45.041-05:00 DEBUG 14708 --- [wms-backend] [http-nio-8080-exec-5] o.s.web.servlet.DispatcherServlet        : Completed 200 OK
2025-10-10T09:26:45.051-05:00 DEBUG 14708 --- [wms-backend] [http-nio-8080-exec-7] o.s.w.s.m.m.a.HttpEntityMethodProcessor  : Using 'application/json', given [application/json, text/plain, */*] and supported [application/json, application/*+json, application/yaml, application/xml;charset=UTF-8, text/xml;charset=UTF-8, application/*+xml;charset=UTF-8]
2025-10-10T09:26:45.051-05:00 DEBUG 14708 --- [wms-backend] [http-nio-8080-exec-7] o.s.w.s.m.m.a.HttpEntityMethodProcessor  : Writing [0]
2025-10-10T09:26:45.052-05:00 DEBUG 14708 --- [wms-backend] [http-nio-8080-exec-7] o.s.web.servlet.DispatcherServlet        : Completed 200 OK
2025-10-10T09:26:45.146-05:00 DEBUG 14708 --- [wms-backend] [http-nio-8080-exec-8] o.s.w.s.m.m.a.HttpEntityMethodProcessor  : Using 'application/json', given [application/json, text/plain, */*] and supported [application/json, application/*+json, application/yaml, application/xml;charset=UTF-8, text/xml;charset=UTF-8, application/*+xml;charset=UTF-8]
2025-10-10T09:26:45.146-05:00 DEBUG 14708 --- [wms-backend] [http-nio-8080-exec-8] o.s.w.s.m.m.a.HttpEntityMethodProcessor  : Writing [3]
2025-10-10T09:26:45.147-05:00 DEBUG 14708 --- [wms-backend] [http-nio-8080-exec-8] o.s.web.servlet.DispatcherServlet        : Completed 200 OK
2025-10-10T09:26:45.182-05:00 DEBUG 14708 --- [wms-backend] [http-nio-8080-exec-2] o.s.w.s.m.m.a.HttpEntityMethodProcessor  : Using 'application/json', given [application/json, text/plain, */*] and supported [application/json, application/*+json, application/yaml, application/xml;charset=UTF-8, text/xml;charset=UTF-8, application/*+xml;charset=UTF-8]
2025-10-10T09:26:45.183-05:00 DEBUG 14708 --- [wms-backend] [http-nio-8080-exec-2] o.s.w.s.m.m.a.HttpEntityMethodProcessor  : Writing [0]
2025-10-10T09:26:45.183-05:00 DEBUG 14708 --- [wms-backend] [http-nio-8080-exec-2] o.s.web.servlet.DispatcherServlet        : Completed 200 OK
2025-10-10T09:26:45.188-05:00 DEBUG 14708 --- [wms-backend] [http-nio-8080-exec-1] o.s.w.s.m.m.a.HttpEntityMethodProcessor  : Using 'application/json', given [application/json, text/plain, */*] and supported [application/json, application/*+json, application/yaml, application/xml;charset=UTF-8, text/xml;charset=UTF-8, application/*+xml;charset=UTF-8]
2025-10-10T09:26:45.189-05:00 DEBUG 14708 --- [wms-backend] [http-nio-8080-exec-1] o.s.w.s.m.m.a.HttpEntityMethodProcessor  : Writing [0]
2025-10-10T09:26:45.190-05:00 DEBUG 14708 --- [wms-backend] [http-nio-8080-exec-1] o.s.web.servlet.DispatcherServlet        : Completed 200 OK
2025-10-10T09:26:48.688-05:00 DEBUG 14708 --- [wms-backend] [http-nio-8080-exec-3] o.s.web.servlet.DispatcherServlet        : GET "/general/version", parameters={}
2025-10-10T09:26:48.689-05:00 DEBUG 14708 --- [wms-backend] [http-nio-8080-exec-3] s.w.s.m.m.a.RequestMappingHandlerMapping : Mapped to com.woden.wms_backend.controllers.WmsWdGeneral.VersionController#getVersion()
2025-10-10T09:26:48.690-05:00 DEBUG 14708 --- [wms-backend] [http-nio-8080-exec-3] o.s.w.s.m.m.a.HttpEntityMethodProcessor  : Using 'application/json', given [application/json, text/plain, */*] and supported [text/plain, */*, application/json, application/*+json, application/yaml, application/xml;charset=UTF-8, text/xml;charset=UTF-8, application/*+xml;charset=UTF-8]
2025-10-10T09:26:48.690-05:00 DEBUG 14708 --- [wms-backend] [http-nio-8080-exec-3] o.s.w.s.m.m.a.HttpEntityMethodProcessor  : Writing ["1.0.1.48"]
2025-10-10T09:26:48.690-05:00 DEBUG 14708 --- [wms-backend] [http-nio-8080-exec-3] o.s.web.servlet.DispatcherServlet        : Completed 200 OK
2025-10-10T09:26:58.675-05:00 DEBUG 14708 --- [wms-backend] [http-nio-8080-exec-4] o.s.web.servlet.DispatcherServlet        : POST "/client/accesorio/updatePackingBatch", parameters={}
2025-10-10T09:26:58.675-05:00 DEBUG 14708 --- [wms-backend] [http-nio-8080-exec-4] s.w.s.m.m.a.RequestMappingHandlerMapping : Mapped to com.woden.wms_backend.controllers.ClientesControllers.AccesorioController#updatePackingBatch(List)
2025-10-10T09:26:58.675-05:00 DEBUG 14708 --- [wms-backend] [http-nio-8080-exec-4] m.m.a.RequestResponseBodyMethodProcessor : Read "application/json;charset=UTF-8" to [[[Ljava.lang.String;@32028fe]]
2025-10-10T09:26:58.689-05:00 DEBUG 14708 --- [wms-backend] [http-nio-8080-exec-9] o.s.web.servlet.DispatcherServlet        : GET "/general/version", parameters={}
2025-10-10T09:26:58.689-05:00 DEBUG 14708 --- [wms-backend] [http-nio-8080-exec-9] s.w.s.m.m.a.RequestMappingHandlerMapping : Mapped to com.woden.wms_backend.controllers.WmsWdGeneral.VersionController#getVersion()
2025-10-10T09:26:58.689-05:00 DEBUG 14708 --- [wms-backend] [http-nio-8080-exec-9] o.s.w.s.m.m.a.HttpEntityMethodProcessor  : Using 'application/json', given [application/json, text/plain, */*] and supported [text/plain, */*, application/json, application/*+json, application/yaml, application/xml;charset=UTF-8, text/xml;charset=UTF-8, application/*+xml;charset=UTF-8]
2025-10-10T09:26:58.689-05:00 DEBUG 14708 --- [wms-backend] [http-nio-8080-exec-9] o.s.w.s.m.m.a.HttpEntityMethodProcessor  : Writing ["1.0.1.48"]
2025-10-10T09:26:58.690-05:00 DEBUG 14708 --- [wms-backend] [http-nio-8080-exec-9] o.s.web.servlet.DispatcherServlet        : Completed 200 OK
2025-10-10T09:26:59.220-05:00 DEBUG 14708 --- [wms-backend] [http-nio-8080-exec-4] o.s.w.s.m.m.a.HttpEntityMethodProcessor  : Using 'application/json', given [application/json, text/plain, */*] and supported [application/json, application/*+json, application/yaml, application/xml;charset=UTF-8, text/xml;charset=UTF-8, application/*+xml;charset=UTF-8]
2025-10-10T09:26:59.220-05:00 DEBUG 14708 --- [wms-backend] [http-nio-8080-exec-4] o.s.w.s.m.m.a.HttpEntityMethodProcessor  : Writing [0]
2025-10-10T09:26:59.222-05:00 DEBUG 14708 --- [wms-backend] [http-nio-8080-exec-4] o.s.web.servlet.DispatcherServlet        : Completed 200 OK
2025-10-10T09:27:00.047-05:00 DEBUG 14708 --- [wms-backend] [http-nio-8080-exec-7] o.s.web.servlet.DispatcherServlet        : GET "/client/accesorio/searchPackingCodigoSapAccesory?estado=EMPAQUE&palletId=674&codigoSapId=20", parameters={masked}
2025-10-10T09:27:00.048-05:00 DEBUG 14708 --- [wms-backend] [http-nio-8080-exec-7] s.w.s.m.m.a.RequestMappingHandlerMapping : Mapped to com.woden.wms_backend.controllers.ClientesControllers.AccesorioController#searchPackingCodigoSapAccesory(String, Integer, Integer)
2025-10-10T09:27:00.048-05:00 DEBUG 14708 --- [wms-backend] [http-nio-8080-exec-8] o.s.web.servlet.DispatcherServlet        : GET "/client/accesorio/searchPackingCodigoSapAccesory?estado=EMPACADO&palletId=674&codigoSapId=20", parameters={masked}
2025-10-10T09:27:00.048-05:00 DEBUG 14708 --- [wms-backend] [http-nio-8080-exec-8] s.w.s.m.m.a.RequestMappingHandlerMapping : Mapped to com.woden.wms_backend.controllers.ClientesControllers.AccesorioController#searchPackingCodigoSapAccesory(String, Integer, Integer)
2025-10-10T09:27:00.264-05:00 DEBUG 14708 --- [wms-backend] [http-nio-8080-exec-8] o.s.w.s.m.m.a.HttpEntityMethodProcessor  : Using 'application/json', given [application/json, text/plain, */*] and supported [application/json, application/*+json, application/yaml, application/xml;charset=UTF-8, text/xml;charset=UTF-8, application/*+xml;charset=UTF-8]
2025-10-10T09:27:00.265-05:00 DEBUG 14708 --- [wms-backend] [http-nio-8080-exec-8] o.s.w.s.m.m.a.HttpEntityMethodProcessor  : Writing [[{descripcion=REMOTE CONTROL DTH, codigo=06010740002, reacondicionados=0, nuevos=1, familia=CONTROL} (truncated)...]
2025-10-10T09:27:00.268-05:00 DEBUG 14708 --- [wms-backend] [http-nio-8080-exec-7] o.s.w.s.m.m.a.HttpEntityMethodProcessor  : Using 'application/json', given [application/json, text/plain, */*] and supported [application/json, application/*+json, application/yaml, application/xml;charset=UTF-8, text/xml;charset=UTF-8, application/*+xml;charset=UTF-8]
2025-10-10T09:27:00.268-05:00 DEBUG 14708 --- [wms-backend] [http-nio-8080-exec-8] o.s.web.servlet.DispatcherServlet        : Completed 200 OK
2025-10-10T09:27:00.268-05:00 DEBUG 14708 --- [wms-backend] [http-nio-8080-exec-7] o.s.w.s.m.m.a.HttpEntityMethodProcessor  : Writing [[{descripcion=CABLE HDMI JUMPER, codigo=ACC0000540, reacondicionados=13, nuevos=0, familia=CABLE}, { (truncated)...]
2025-10-10T09:27:00.270-05:00 DEBUG 14708 --- [wms-backend] [http-nio-8080-exec-7] o.s.web.servlet.DispatcherServlet        : Completed 200 OK
2025-10-10T09:27:00.289-05:00 DEBUG 14708 --- [wms-backend] [http-nio-8080-exec-10] o.s.web.servlet.DispatcherServlet        : GET "/client/accesorio/getPackedAccesoriesSerials?codigoSap=ACC0000540&tipoAccesorio=nuevo&palletId=674", parameters={masked}
2025-10-10T09:27:00.289-05:00 DEBUG 14708 --- [wms-backend] [http-nio-8080-exec-10] s.w.s.m.m.a.RequestMappingHandlerMapping : Mapped to com.woden.wms_backend.controllers.ClientesControllers.AccesorioController#getPackedAccesoriesSerials(String, String, Integer)
2025-10-10T09:27:00.289-05:00 DEBUG 14708 --- [wms-backend] [http-nio-8080-exec-7] o.s.web.servlet.DispatcherServlet        : GET "/client/accesorio/getPackedAccesoriesSerials?codigoSap=HME0004232&tipoAccesorio=reacondicionado&palletId=674", parameters={masked}
2025-10-10T09:27:00.290-05:00 DEBUG 14708 --- [wms-backend] [http-nio-8080-exec-7] s.w.s.m.m.a.RequestMappingHandlerMapping : Mapped to com.woden.wms_backend.controllers.ClientesControllers.AccesorioController#getPackedAccesoriesSerials(String, String, Integer)
2025-10-10T09:27:00.290-05:00 DEBUG 14708 --- [wms-backend] [http-nio-8080-exec-5] o.s.web.servlet.DispatcherServlet        : GET "/client/accesorio/getPackedAccesoriesSerials?codigoSap=06010740002&tipoAccesorio=nuevo&palletId=674", parameters={masked}
2025-10-10T09:27:00.290-05:00 DEBUG 14708 --- [wms-backend] [http-nio-8080-exec-2] o.s.web.servlet.DispatcherServlet        : GET "/client/accesorio/getPackedAccesoriesSerials?codigoSap=HME0004232&tipoAccesorio=nuevo&palletId=674", parameters={masked}
2025-10-10T09:27:00.290-05:00 DEBUG 14708 --- [wms-backend] [http-nio-8080-exec-8] o.s.web.servlet.DispatcherServlet        : GET "/client/accesorio/getPackedAccesoriesSerials?codigoSap=06010740002&tipoAccesorio=reacondicionado&palletId=674", parameters={masked}
2025-10-10T09:27:00.290-05:00 DEBUG 14708 --- [wms-backend] [http-nio-8080-exec-2] s.w.s.m.m.a.RequestMappingHandlerMapping : Mapped to com.woden.wms_backend.controllers.ClientesControllers.AccesorioController#getPackedAccesoriesSerials(String, String, Integer)
2025-10-10T09:27:00.290-05:00 DEBUG 14708 --- [wms-backend] [http-nio-8080-exec-5] s.w.s.m.m.a.RequestMappingHandlerMapping : Mapped to com.woden.wms_backend.controllers.ClientesControllers.AccesorioController#getPackedAccesoriesSerials(String, String, Integer)
2025-10-10T09:27:00.290-05:00 DEBUG 14708 --- [wms-backend] [http-nio-8080-exec-3] o.s.web.servlet.DispatcherServlet        : GET "/client/accesorio/getPackedAccesoriesSerials?codigoSap=ACC0000540&tipoAccesorio=reacondicionado&palletId=674", parameters={masked}
2025-10-10T09:27:00.290-05:00 DEBUG 14708 --- [wms-backend] [http-nio-8080-exec-3] s.w.s.m.m.a.RequestMappingHandlerMapping : Mapped to com.woden.wms_backend.controllers.ClientesControllers.AccesorioController#getPackedAccesoriesSerials(String, String, Integer)
2025-10-10T09:27:00.290-05:00 DEBUG 14708 --- [wms-backend] [http-nio-8080-exec-8] s.w.s.m.m.a.RequestMappingHandlerMapping : Mapped to com.woden.wms_backend.controllers.ClientesControllers.AccesorioController#getPackedAccesoriesSerials(String, String, Integer)
2025-10-10T09:27:00.397-05:00 DEBUG 14708 --- [wms-backend] [http-nio-8080-exec-7] o.s.w.s.m.m.a.HttpEntityMethodProcessor  : Using 'application/json', given [application/json, text/plain, */*] and supported [application/json, application/*+json, application/yaml, application/xml;charset=UTF-8, text/xml;charset=UTF-8, application/*+xml;charset=UTF-8]
2025-10-10T09:27:00.397-05:00 DEBUG 14708 --- [wms-backend] [http-nio-8080-exec-7] o.s.w.s.m.m.a.HttpEntityMethodProcessor  : Writing [0]
2025-10-10T09:27:00.400-05:00 DEBUG 14708 --- [wms-backend] [http-nio-8080-exec-7] o.s.web.servlet.DispatcherServlet        : Completed 200 OK
2025-10-10T09:27:00.402-05:00 DEBUG 14708 --- [wms-backend] [http-nio-8080-exec-8] o.s.w.s.m.m.a.HttpEntityMethodProcessor  : Using 'application/json', given [application/json, text/plain, */*] and supported [application/json, application/*+json, application/yaml, application/xml;charset=UTF-8, text/xml;charset=UTF-8, application/*+xml;charset=UTF-8]
2025-10-10T09:27:00.403-05:00 DEBUG 14708 --- [wms-backend] [http-nio-8080-exec-8] o.s.w.s.m.m.a.HttpEntityMethodProcessor  : Writing [0]
2025-10-10T09:27:00.405-05:00 DEBUG 14708 --- [wms-backend] [http-nio-8080-exec-8] o.s.web.servlet.DispatcherServlet        : Completed 200 OK
2025-10-10T09:27:00.533-05:00 DEBUG 14708 --- [wms-backend] [http-nio-8080-exec-3] o.s.w.s.m.m.a.HttpEntityMethodProcessor  : Using 'application/json', given [application/json, text/plain, */*] and supported [application/json, application/*+json, application/yaml, application/xml;charset=UTF-8, text/xml;charset=UTF-8, application/*+xml;charset=UTF-8]
2025-10-10T09:27:00.533-05:00 DEBUG 14708 --- [wms-backend] [http-nio-8080-exec-3] o.s.w.s.m.m.a.HttpEntityMethodProcessor  : Writing [0]
2025-10-10T09:27:00.533-05:00 DEBUG 14708 --- [wms-backend] [http-nio-8080-exec-3] o.s.web.servlet.DispatcherServlet        : Completed 200 OK
2025-10-10T09:27:00.542-05:00 DEBUG 14708 --- [wms-backend] [http-nio-8080-exec-10] o.s.w.s.m.m.a.HttpEntityMethodProcessor  : Using 'application/json', given [application/json, text/plain, */*] and supported [application/json, application/*+json, application/yaml, application/xml;charset=UTF-8, text/xml;charset=UTF-8, application/*+xml;charset=UTF-8]
2025-10-10T09:27:00.542-05:00 DEBUG 14708 --- [wms-backend] [http-nio-8080-exec-5] o.s.w.s.m.m.a.HttpEntityMethodProcessor  : Using 'application/json', given [application/json, text/plain, */*] and supported [application/json, application/*+json, application/yaml, application/xml;charset=UTF-8, text/xml;charset=UTF-8, application/*+xml;charset=UTF-8]
2025-10-10T09:27:00.544-05:00 DEBUG 14708 --- [wms-backend] [http-nio-8080-exec-10] o.s.w.s.m.m.a.HttpEntityMethodProcessor  : Writing [0]
2025-10-10T09:27:00.544-05:00 DEBUG 14708 --- [wms-backend] [http-nio-8080-exec-5] o.s.w.s.m.m.a.HttpEntityMethodProcessor  : Writing [0]
2025-10-10T09:27:00.544-05:00 DEBUG 14708 --- [wms-backend] [http-nio-8080-exec-2] o.s.w.s.m.m.a.HttpEntityMethodProcessor  : Using 'application/json', given [application/json, text/plain, */*] and supported [application/json, application/*+json, application/yaml, application/xml;charset=UTF-8, text/xml;charset=UTF-8, application/*+xml;charset=UTF-8]
2025-10-10T09:27:00.544-05:00 DEBUG 14708 --- [wms-backend] [http-nio-8080-exec-2] o.s.w.s.m.m.a.HttpEntityMethodProcessor  : Writing [0]
2025-10-10T09:27:00.544-05:00 DEBUG 14708 --- [wms-backend] [http-nio-8080-exec-5] o.s.web.servlet.DispatcherServlet        : Completed 200 OK
2025-10-10T09:27:00.544-05:00 DEBUG 14708 --- [wms-backend] [http-nio-8080-exec-10] o.s.web.servlet.DispatcherServlet        : Completed 200 OK
2025-10-10T09:27:00.544-05:00 DEBUG 14708 --- [wms-backend] [http-nio-8080-exec-2] o.s.web.servlet.DispatcherServlet        : Completed 200 OK
2025-10-10T09:27:08.687-05:00 DEBUG 14708 --- [wms-backend] [http-nio-8080-exec-6] o.s.web.servlet.DispatcherServlet        : GET "/general/version", parameters={}
2025-10-10T09:27:08.687-05:00 DEBUG 14708 --- [wms-backend] [http-nio-8080-exec-6] s.w.s.m.m.a.RequestMappingHandlerMapping : Mapped to com.woden.wms_backend.controllers.WmsWdGeneral.VersionController#getVersion()
2025-10-10T09:27:08.689-05:00 DEBUG 14708 --- [wms-backend] [http-nio-8080-exec-6] o.s.w.s.m.m.a.HttpEntityMethodProcessor  : Using 'application/json', given [application/json, text/plain, */*] and supported [text/plain, */*, application/json, application/*+json, application/yaml, application/xml;charset=UTF-8, text/xml;charset=UTF-8, application/*+xml;charset=UTF-8]
2025-10-10T09:27:08.689-05:00 DEBUG 14708 --- [wms-backend] [http-nio-8080-exec-6] o.s.w.s.m.m.a.HttpEntityMethodProcessor  : Writing ["1.0.1.48"]
2025-10-10T09:27:08.689-05:00 DEBUG 14708 --- [wms-backend] [http-nio-8080-exec-6] o.s.web.servlet.DispatcherServlet        : Completed 200 OK
2025-10-10T09:27:18.698-05:00 DEBUG 14708 --- [wms-backend] [http-nio-8080-exec-9] o.s.web.servlet.DispatcherServlet        : GET "/general/version", parameters={}
2025-10-10T09:27:18.698-05:00 DEBUG 14708 --- [wms-backend] [http-nio-8080-exec-9] s.w.s.m.m.a.RequestMappingHandlerMapping : Mapped to com.woden.wms_backend.controllers.WmsWdGeneral.VersionController#getVersion()
2025-10-10T09:27:18.699-05:00 DEBUG 14708 --- [wms-backend] [http-nio-8080-exec-9] o.s.w.s.m.m.a.HttpEntityMethodProcessor  : Using 'application/json', given [application/json, text/plain, */*] and supported [text/plain, */*, application/json, application/*+json, application/yaml, application/xml;charset=UTF-8, text/xml;charset=UTF-8, application/*+xml;charset=UTF-8]
2025-10-10T09:27:18.699-05:00 DEBUG 14708 --- [wms-backend] [http-nio-8080-exec-9] o.s.w.s.m.m.a.HttpEntityMethodProcessor  : Writing ["1.0.1.48"]
2025-10-10T09:27:18.700-05:00 DEBUG 14708 --- [wms-backend] [http-nio-8080-exec-9] o.s.web.servlet.DispatcherServlet        : Completed 200 OK
2025-10-10T09:27:28.699-05:00 DEBUG 14708 --- [wms-backend] [http-nio-8080-exec-1] o.s.web.servlet.DispatcherServlet        : GET "/general/version", parameters={}
2025-10-10T09:27:28.700-05:00 DEBUG 14708 --- [wms-backend] [http-nio-8080-exec-1] s.w.s.m.m.a.RequestMappingHandlerMapping : Mapped to com.woden.wms_backend.controllers.WmsWdGeneral.VersionController#getVersion()
2025-10-10T09:27:28.700-05:00 DEBUG 14708 --- [wms-backend] [http-nio-8080-exec-1] o.s.w.s.m.m.a.HttpEntityMethodProcessor  : Using 'application/json', given [application/json, text/plain, */*] and supported [text/plain, */*, application/json, application/*+json, application/yaml, application/xml;charset=UTF-8, text/xml;charset=UTF-8, application/*+xml;charset=UTF-8]
2025-10-10T09:27:28.700-05:00 DEBUG 14708 --- [wms-backend] [http-nio-8080-exec-1] o.s.w.s.m.m.a.HttpEntityMethodProcessor  : Writing ["1.0.1.48"]
2025-10-10T09:27:28.701-05:00 DEBUG 14708 --- [wms-backend] [http-nio-8080-exec-1] o.s.web.servlet.DispatcherServlet        : Completed 200 OK
2025-10-10T09:27:36.122-05:00 DEBUG 14708 --- [wms-backend] [http-nio-8080-exec-7] o.s.web.servlet.DispatcherServlet        : POST "/client/accesorio/updatePackingBatch", parameters={}
2025-10-10T09:27:36.123-05:00 DEBUG 14708 --- [wms-backend] [http-nio-8080-exec-7] s.w.s.m.m.a.RequestMappingHandlerMapping : Mapped to com.woden.wms_backend.controllers.ClientesControllers.AccesorioController#updatePackingBatch(List)
2025-10-10T09:27:36.123-05:00 DEBUG 14708 --- [wms-backend] [http-nio-8080-exec-7] m.m.a.RequestResponseBodyMethodProcessor : Read "application/json;charset=UTF-8" to [[[Ljava.lang.String;@1a62885f, [Ljava.lang.String;@3aa33d46, [Ljava.lang.String;@4a9a044b, [Ljava.la (truncated)...]
2025-10-10T09:27:38.688-05:00 DEBUG 14708 --- [wms-backend] [http-nio-8080-exec-8] o.s.web.servlet.DispatcherServlet        : GET "/general/version", parameters={}
2025-10-10T09:27:38.688-05:00 DEBUG 14708 --- [wms-backend] [http-nio-8080-exec-8] s.w.s.m.m.a.RequestMappingHandlerMapping : Mapped to com.woden.wms_backend.controllers.WmsWdGeneral.VersionController#getVersion()
2025-10-10T09:27:38.689-05:00 DEBUG 14708 --- [wms-backend] [http-nio-8080-exec-8] o.s.w.s.m.m.a.HttpEntityMethodProcessor  : Using 'application/json', given [application/json, text/plain, */*] and supported [text/plain, */*, application/json, application/*+json, application/yaml, application/xml;charset=UTF-8, text/xml;charset=UTF-8, application/*+xml;charset=UTF-8]
2025-10-10T09:27:38.689-05:00 DEBUG 14708 --- [wms-backend] [http-nio-8080-exec-8] o.s.w.s.m.m.a.HttpEntityMethodProcessor  : Writing ["1.0.1.48"]
2025-10-10T09:27:38.689-05:00 DEBUG 14708 --- [wms-backend] [http-nio-8080-exec-8] o.s.web.servlet.DispatcherServlet        : Completed 200 OK
2025-10-10T09:27:39.208-05:00 DEBUG 14708 --- [wms-backend] [http-nio-8080-exec-7] o.s.w.s.m.m.a.HttpEntityMethodProcessor  : Using 'application/json', given [application/json, text/plain, */*] and supported [application/json, application/*+json, application/yaml, application/xml;charset=UTF-8, text/xml;charset=UTF-8, application/*+xml;charset=UTF-8]
2025-10-10T09:27:39.208-05:00 DEBUG 14708 --- [wms-backend] [http-nio-8080-exec-7] o.s.w.s.m.m.a.HttpEntityMethodProcessor  : Writing [1]
2025-10-10T09:27:39.209-05:00 DEBUG 14708 --- [wms-backend] [http-nio-8080-exec-7] o.s.web.servlet.DispatcherServlet        : Completed 200 OK
2025-10-10T09:27:39.222-05:00 DEBUG 14708 --- [wms-backend] [http-nio-8080-exec-10] o.s.web.servlet.DispatcherServlet        : GET "/client/accesorio/searchPackingCodigoSapAccesory?estado=EMPACADO&palletId=674&codigoSapId=20", parameters={masked}
2025-10-10T09:27:39.222-05:00 DEBUG 14708 --- [wms-backend] [http-nio-8080-exec-10] s.w.s.m.m.a.RequestMappingHandlerMapping : Mapped to com.woden.wms_backend.controllers.ClientesControllers.AccesorioController#searchPackingCodigoSapAccesory(String, Integer, Integer)
2025-10-10T09:27:39.222-05:00 DEBUG 14708 --- [wms-backend] [http-nio-8080-exec-2] o.s.web.servlet.DispatcherServlet        : GET "/client/accesorio/searchPackingCodigoSapAccesory?estado=EMPAQUE&palletId=674&codigoSapId=20", parameters={masked}
2025-10-10T09:27:39.223-05:00 DEBUG 14708 --- [wms-backend] [http-nio-8080-exec-2] s.w.s.m.m.a.RequestMappingHandlerMapping : Mapped to com.woden.wms_backend.controllers.ClientesControllers.AccesorioController#searchPackingCodigoSapAccesory(String, Integer, Integer)
2025-10-10T09:27:39.463-05:00 DEBUG 14708 --- [wms-backend] [http-nio-8080-exec-10] o.s.w.s.m.m.a.HttpEntityMethodProcessor  : Using 'application/json', given [application/json, text/plain, */*] and supported [application/json, application/*+json, application/yaml, application/xml;charset=UTF-8, text/xml;charset=UTF-8, application/*+xml;charset=UTF-8]
2025-10-10T09:27:39.463-05:00 DEBUG 14708 --- [wms-backend] [http-nio-8080-exec-10] o.s.w.s.m.m.a.HttpEntityMethodProcessor  : Writing [[{descripcion=REMOTE CONTROL DTH, codigo=06010740002, reacondicionados=0, nuevos=1, familia=CONTROL} (truncated)...]
2025-10-10T09:27:39.466-05:00 DEBUG 14708 --- [wms-backend] [http-nio-8080-exec-10] o.s.web.servlet.DispatcherServlet        : Completed 200 OK
2025-10-10T09:27:39.466-05:00 DEBUG 14708 --- [wms-backend] [http-nio-8080-exec-2] o.s.w.s.m.m.a.HttpEntityMethodProcessor  : Using 'application/json', given [application/json, text/plain, */*] and supported [application/json, application/*+json, application/yaml, application/xml;charset=UTF-8, text/xml;charset=UTF-8, application/*+xml;charset=UTF-8]
2025-10-10T09:27:39.466-05:00 DEBUG 14708 --- [wms-backend] [http-nio-8080-exec-2] o.s.w.s.m.m.a.HttpEntityMethodProcessor  : Writing [[{descripcion=CABLE HDMI JUMPER, codigo=ACC0000540, reacondicionados=13, nuevos=0, familia=CABLE}, { (truncated)...]
2025-10-10T09:27:39.467-05:00 DEBUG 14708 --- [wms-backend] [http-nio-8080-exec-2] o.s.web.servlet.DispatcherServlet        : Completed 200 OK
2025-10-10T09:27:39.500-05:00 DEBUG 14708 --- [wms-backend] [http-nio-8080-exec-1] o.s.web.servlet.DispatcherServlet        : GET "/client/accesorio/getPackedAccesoriesSerials?codigoSap=ACC0000540&tipoAccesorio=nuevo&palletId=674", parameters={masked}
2025-10-10T09:27:39.500-05:00 DEBUG 14708 --- [wms-backend] [http-nio-8080-exec-2] o.s.web.servlet.DispatcherServlet        : GET "/client/accesorio/getPackedAccesoriesSerials?codigoSap=06010740002&tipoAccesorio=reacondicionado&palletId=674", parameters={masked}
2025-10-10T09:27:39.500-05:00 DEBUG 14708 --- [wms-backend] [http-nio-8080-exec-1] s.w.s.m.m.a.RequestMappingHandlerMapping : Mapped to com.woden.wms_backend.controllers.ClientesControllers.AccesorioController#getPackedAccesoriesSerials(String, String, Integer)
2025-10-10T09:27:39.500-05:00 DEBUG 14708 --- [wms-backend] [http-nio-8080-exec-2] s.w.s.m.m.a.RequestMappingHandlerMapping : Mapped to com.woden.wms_backend.controllers.ClientesControllers.AccesorioController#getPackedAccesoriesSerials(String, String, Integer)
2025-10-10T09:27:39.504-05:00 DEBUG 14708 --- [wms-backend] [http-nio-8080-exec-7] o.s.web.servlet.DispatcherServlet        : GET "/client/accesorio/getPackedAccesoriesSerials?codigoSap=HME0004064&tipoAccesorio=reacondicionado&palletId=674", parameters={masked}
2025-10-10T09:27:39.504-05:00 DEBUG 14708 --- [wms-backend] [http-nio-8080-exec-8] o.s.web.servlet.DispatcherServlet        : GET "/client/accesorio/getPackedAccesoriesSerials?codigoSap=06010740002&tipoAccesorio=nuevo&palletId=674", parameters={masked}
2025-10-10T09:27:39.504-05:00 DEBUG 14708 --- [wms-backend] [http-nio-8080-exec-8] s.w.s.m.m.a.RequestMappingHandlerMapping : Mapped to com.woden.wms_backend.controllers.ClientesControllers.AccesorioController#getPackedAccesoriesSerials(String, String, Integer)
2025-10-10T09:27:39.506-05:00 DEBUG 14708 --- [wms-backend] [http-nio-8080-exec-4] o.s.web.servlet.DispatcherServlet        : GET "/client/accesorio/getPackedAccesoriesSerials?codigoSap=ACC0000540&tipoAccesorio=reacondicionado&palletId=674", parameters={masked}
2025-10-10T09:27:39.506-05:00 DEBUG 14708 --- [wms-backend] [http-nio-8080-exec-4] s.w.s.m.m.a.RequestMappingHandlerMapping : Mapped to com.woden.wms_backend.controllers.ClientesControllers.AccesorioController#getPackedAccesoriesSerials(String, String, Integer)
2025-10-10T09:27:39.506-05:00 DEBUG 14708 --- [wms-backend] [http-nio-8080-exec-7] s.w.s.m.m.a.RequestMappingHandlerMapping : Mapped to com.woden.wms_backend.controllers.ClientesControllers.AccesorioController#getPackedAccesoriesSerials(String, String, Integer)
2025-10-10T09:27:39.506-05:00 DEBUG 14708 --- [wms-backend] [http-nio-8080-exec-6] o.s.web.servlet.DispatcherServlet        : GET "/client/accesorio/getPackedAccesoriesSerials?codigoSap=HME0004064&tipoAccesorio=nuevo&palletId=674", parameters={masked}
2025-10-10T09:27:39.507-05:00 DEBUG 14708 --- [wms-backend] [http-nio-8080-exec-6] s.w.s.m.m.a.RequestMappingHandlerMapping : Mapped to com.woden.wms_backend.controllers.ClientesControllers.AccesorioController#getPackedAccesoriesSerials(String, String, Integer)
2025-10-10T09:27:39.612-05:00 DEBUG 14708 --- [wms-backend] [http-nio-8080-exec-2] o.s.w.s.m.m.a.HttpEntityMethodProcessor  : Using 'application/json', given [application/json, text/plain, */*] and supported [application/json, application/*+json, application/yaml, application/xml;charset=UTF-8, text/xml;charset=UTF-8, application/*+xml;charset=UTF-8]
2025-10-10T09:27:39.613-05:00 DEBUG 14708 --- [wms-backend] [http-nio-8080-exec-2] o.s.w.s.m.m.a.HttpEntityMethodProcessor  : Writing [0]
2025-10-10T09:27:39.613-05:00 DEBUG 14708 --- [wms-backend] [http-nio-8080-exec-2] o.s.web.servlet.DispatcherServlet        : Completed 200 OK
2025-10-10T09:27:39.614-05:00 DEBUG 14708 --- [wms-backend] [http-nio-8080-exec-4] o.s.w.s.m.m.a.HttpEntityMethodProcessor  : Using 'application/json', given [application/json, text/plain, */*] and supported [application/json, application/*+json, application/yaml, application/xml;charset=UTF-8, text/xml;charset=UTF-8, application/*+xml;charset=UTF-8]
2025-10-10T09:27:39.614-05:00 DEBUG 14708 --- [wms-backend] [http-nio-8080-exec-4] o.s.w.s.m.m.a.HttpEntityMethodProcessor  : Writing [0]
2025-10-10T09:27:39.615-05:00 DEBUG 14708 --- [wms-backend] [http-nio-8080-exec-4] o.s.web.servlet.DispatcherServlet        : Completed 200 OK
2025-10-10T09:27:39.615-05:00 DEBUG 14708 --- [wms-backend] [http-nio-8080-exec-6] o.s.w.s.m.m.a.HttpEntityMethodProcessor  : Using 'application/json', given [application/json, text/plain, */*] and supported [application/json, application/*+json, application/yaml, application/xml;charset=UTF-8, text/xml;charset=UTF-8, application/*+xml;charset=UTF-8]
2025-10-10T09:27:39.615-05:00 DEBUG 14708 --- [wms-backend] [http-nio-8080-exec-6] o.s.w.s.m.m.a.HttpEntityMethodProcessor  : Writing [3]
2025-10-10T09:27:39.616-05:00 DEBUG 14708 --- [wms-backend] [http-nio-8080-exec-6] o.s.web.servlet.DispatcherServlet        : Completed 200 OK
2025-10-10T09:27:39.618-05:00 DEBUG 14708 --- [wms-backend] [http-nio-8080-exec-10] o.s.web.servlet.DispatcherServlet        : GET "/client/accesorio/getPackedAccesoriesSerials?codigoSap=HME0004232&tipoAccesorio=nuevo&palletId=674", parameters={masked}
2025-10-10T09:27:39.618-05:00 DEBUG 14708 --- [wms-backend] [http-nio-8080-exec-10] s.w.s.m.m.a.RequestMappingHandlerMapping : Mapped to com.woden.wms_backend.controllers.ClientesControllers.AccesorioController#getPackedAccesoriesSerials(String, String, Integer)
2025-10-10T09:27:39.619-05:00 DEBUG 14708 --- [wms-backend] [http-nio-8080-exec-3] o.s.web.servlet.DispatcherServlet        : GET "/client/accesorio/getPackedAccesoriesSerials?codigoSap=HME0004237&tipoAccesorio=reacondicionado&palletId=674", parameters={masked}
2025-10-10T09:27:39.620-05:00 DEBUG 14708 --- [wms-backend] [http-nio-8080-exec-3] s.w.s.m.m.a.RequestMappingHandlerMapping : Mapped to com.woden.wms_backend.controllers.ClientesControllers.AccesorioController#getPackedAccesoriesSerials(String, String, Integer)
2025-10-10T09:27:39.620-05:00 DEBUG 14708 --- [wms-backend] [http-nio-8080-exec-5] o.s.web.servlet.DispatcherServlet        : GET "/client/accesorio/getPackedAccesoriesSerials?codigoSap=HME0004237&tipoAccesorio=nuevo&palletId=674", parameters={masked}
2025-10-10T09:27:39.620-05:00 DEBUG 14708 --- [wms-backend] [http-nio-8080-exec-5] s.w.s.m.m.a.RequestMappingHandlerMapping : Mapped to com.woden.wms_backend.controllers.ClientesControllers.AccesorioController#getPackedAccesoriesSerials(String, String, Integer)
2025-10-10T09:27:39.718-05:00 DEBUG 14708 --- [wms-backend] [http-nio-8080-exec-1] o.s.w.s.m.m.a.HttpEntityMethodProcessor  : Using 'application/json', given [application/json, text/plain, */*] and supported [application/json, application/*+json, application/yaml, application/xml;charset=UTF-8, text/xml;charset=UTF-8, application/*+xml;charset=UTF-8]
2025-10-10T09:27:39.719-05:00 DEBUG 14708 --- [wms-backend] [http-nio-8080-exec-1] o.s.w.s.m.m.a.HttpEntityMethodProcessor  : Writing [0]
2025-10-10T09:27:39.720-05:00 DEBUG 14708 --- [wms-backend] [http-nio-8080-exec-1] o.s.web.servlet.DispatcherServlet        : Completed 200 OK
2025-10-10T09:27:39.728-05:00 DEBUG 14708 --- [wms-backend] [http-nio-8080-exec-9] o.s.web.servlet.DispatcherServlet        : GET "/client/accesorio/getPackedAccesoriesSerials?codigoSap=HME0004232&tipoAccesorio=reacondicionado&palletId=674", parameters={masked}
2025-10-10T09:27:39.728-05:00 DEBUG 14708 --- [wms-backend] [http-nio-8080-exec-9] s.w.s.m.m.a.RequestMappingHandlerMapping : Mapped to com.woden.wms_backend.controllers.ClientesControllers.AccesorioController#getPackedAccesoriesSerials(String, String, Integer)
2025-10-10T09:27:39.731-05:00 DEBUG 14708 --- [wms-backend] [http-nio-8080-exec-7] o.s.w.s.m.m.a.HttpEntityMethodProcessor  : Using 'application/json', given [application/json, text/plain, */*] and supported [application/json, application/*+json, application/yaml, application/xml;charset=UTF-8, text/xml;charset=UTF-8, application/*+xml;charset=UTF-8]
2025-10-10T09:27:39.731-05:00 DEBUG 14708 --- [wms-backend] [http-nio-8080-exec-7] o.s.w.s.m.m.a.HttpEntityMethodProcessor  : Writing [0]
2025-10-10T09:27:39.732-05:00 DEBUG 14708 --- [wms-backend] [http-nio-8080-exec-7] o.s.web.servlet.DispatcherServlet        : Completed 200 OK
2025-10-10T09:27:39.735-05:00 DEBUG 14708 --- [wms-backend] [http-nio-8080-exec-10] o.s.w.s.m.m.a.HttpEntityMethodProcessor  : Using 'application/json', given [application/json, text/plain, */*] and supported [application/json, application/*+json, application/yaml, application/xml;charset=UTF-8, text/xml;charset=UTF-8, application/*+xml;charset=UTF-8]
2025-10-10T09:27:39.735-05:00 DEBUG 14708 --- [wms-backend] [http-nio-8080-exec-3] o.s.w.s.m.m.a.HttpEntityMethodProcessor  : Using 'application/json', given [application/json, text/plain, */*] and supported [application/json, application/*+json, application/yaml, application/xml;charset=UTF-8, text/xml;charset=UTF-8, application/*+xml;charset=UTF-8]
2025-10-10T09:27:39.735-05:00 DEBUG 14708 --- [wms-backend] [http-nio-8080-exec-10] o.s.w.s.m.m.a.HttpEntityMethodProcessor  : Writing [0]
2025-10-10T09:27:39.735-05:00 DEBUG 14708 --- [wms-backend] [http-nio-8080-exec-3] o.s.w.s.m.m.a.HttpEntityMethodProcessor  : Writing [3]
2025-10-10T09:27:39.735-05:00 DEBUG 14708 --- [wms-backend] [http-nio-8080-exec-10] o.s.web.servlet.DispatcherServlet        : Completed 200 OK
2025-10-10T09:27:39.736-05:00 DEBUG 14708 --- [wms-backend] [http-nio-8080-exec-3] o.s.web.servlet.DispatcherServlet        : Completed 200 OK
2025-10-10T09:27:39.748-05:00 DEBUG 14708 --- [wms-backend] [http-nio-8080-exec-8] o.s.w.s.m.m.a.HttpEntityMethodProcessor  : Using 'application/json', given [application/json, text/plain, */*] and supported [application/json, application/*+json, application/yaml, application/xml;charset=UTF-8, text/xml;charset=UTF-8, application/*+xml;charset=UTF-8]
2025-10-10T09:27:39.748-05:00 DEBUG 14708 --- [wms-backend] [http-nio-8080-exec-8] o.s.w.s.m.m.a.HttpEntityMethodProcessor  : Writing [0]
2025-10-10T09:27:39.749-05:00 DEBUG 14708 --- [wms-backend] [http-nio-8080-exec-8] o.s.web.servlet.DispatcherServlet        : Completed 200 OK
2025-10-10T09:27:39.751-05:00 DEBUG 14708 --- [wms-backend] [http-nio-8080-exec-5] o.s.w.s.m.m.a.HttpEntityMethodProcessor  : Using 'application/json', given [application/json, text/plain, */*] and supported [application/json, application/*+json, application/yaml, application/xml;charset=UTF-8, text/xml;charset=UTF-8, application/*+xml;charset=UTF-8]
2025-10-10T09:27:39.751-05:00 DEBUG 14708 --- [wms-backend] [http-nio-8080-exec-5] o.s.w.s.m.m.a.HttpEntityMethodProcessor  : Writing [0]
2025-10-10T09:27:39.752-05:00 DEBUG 14708 --- [wms-backend] [http-nio-8080-exec-5] o.s.web.servlet.DispatcherServlet        : Completed 200 OK
2025-10-10T09:27:39.837-05:00 DEBUG 14708 --- [wms-backend] [http-nio-8080-exec-9] o.s.w.s.m.m.a.HttpEntityMethodProcessor  : Using 'application/json', given [application/json, text/plain, */*] and supported [application/json, application/*+json, application/yaml, application/xml;charset=UTF-8, text/xml;charset=UTF-8, application/*+xml;charset=UTF-8]
2025-10-10T09:27:39.837-05:00 DEBUG 14708 --- [wms-backend] [http-nio-8080-exec-9] o.s.w.s.m.m.a.HttpEntityMethodProcessor  : Writing [0]
2025-10-10T09:27:39.838-05:00 DEBUG 14708 --- [wms-backend] [http-nio-8080-exec-9] o.s.web.servlet.DispatcherServlet        : Completed 200 OK
2025-10-10T09:27:48.687-05:00 DEBUG 14708 --- [wms-backend] [http-nio-8080-exec-2] o.s.web.servlet.DispatcherServlet        : GET "/general/version", parameters={}
2025-10-10T09:27:48.687-05:00 DEBUG 14708 --- [wms-backend] [http-nio-8080-exec-2] s.w.s.m.m.a.RequestMappingHandlerMapping : Mapped to com.woden.wms_backend.controllers.WmsWdGeneral.VersionController#getVersion()
2025-10-10T09:27:48.688-05:00 DEBUG 14708 --- [wms-backend] [http-nio-8080-exec-2] o.s.w.s.m.m.a.HttpEntityMethodProcessor  : Using 'application/json', given [application/json, text/plain, */*] and supported [text/plain, */*, application/json, application/*+json, application/yaml, application/xml;charset=UTF-8, text/xml;charset=UTF-8, application/*+xml;charset=UTF-8]
2025-10-10T09:27:48.688-05:00 DEBUG 14708 --- [wms-backend] [http-nio-8080-exec-2] o.s.w.s.m.m.a.HttpEntityMethodProcessor  : Writing ["1.0.1.48"]
2025-10-10T09:27:48.688-05:00 DEBUG 14708 --- [wms-backend] [http-nio-8080-exec-2] o.s.web.servlet.DispatcherServlet        : Completed 200 OK
2025-10-10T09:27:50.053-05:00 DEBUG 14708 --- [wms-backend] [http-nio-8080-exec-6] o.s.web.servlet.DispatcherServlet        : POST "/client/accesorio/updatePackingBatch", parameters={}
2025-10-10T09:27:50.053-05:00 DEBUG 14708 --- [wms-backend] [http-nio-8080-exec-6] s.w.s.m.m.a.RequestMappingHandlerMapping : Mapped to com.woden.wms_backend.controllers.ClientesControllers.AccesorioController#updatePackingBatch(List)
2025-10-10T09:27:50.055-05:00 DEBUG 14708 --- [wms-backend] [http-nio-8080-exec-6] m.m.a.RequestResponseBodyMethodProcessor : Read "application/json;charset=UTF-8" to [[[Ljava.lang.String;@6df81e63, [Ljava.lang.String;@557388d8]]
2025-10-10T09:27:51.045-05:00 DEBUG 14708 --- [wms-backend] [http-nio-8080-exec-6] o.s.w.s.m.m.a.HttpEntityMethodProcessor  : Using 'application/json', given [application/json, text/plain, */*] and supported [application/json, application/*+json, application/yaml, application/xml;charset=UTF-8, text/xml;charset=UTF-8, application/*+xml;charset=UTF-8]
2025-10-10T09:27:51.045-05:00 DEBUG 14708 --- [wms-backend] [http-nio-8080-exec-6] o.s.w.s.m.m.a.HttpEntityMethodProcessor  : Writing [0]
2025-10-10T09:27:51.046-05:00 DEBUG 14708 --- [wms-backend] [http-nio-8080-exec-6] o.s.web.servlet.DispatcherServlet        : Completed 200 OK
2025-10-10T09:27:51.788-05:00 DEBUG 14708 --- [wms-backend] [http-nio-8080-exec-3] o.s.web.servlet.DispatcherServlet        : GET "/client/accesorio/searchPackingCodigoSapAccesory?estado=EMPACADO&palletId=674&codigoSapId=20", parameters={masked}
2025-10-10T09:27:51.787-05:00 DEBUG 14708 --- [wms-backend] [http-nio-8080-exec-10] o.s.web.servlet.DispatcherServlet        : GET "/client/accesorio/searchPackingCodigoSapAccesory?estado=EMPAQUE&palletId=674&codigoSapId=20", parameters={masked}
2025-10-10T09:27:51.788-05:00 DEBUG 14708 --- [wms-backend] [http-nio-8080-exec-10] s.w.s.m.m.a.RequestMappingHandlerMapping : Mapped to com.woden.wms_backend.controllers.ClientesControllers.AccesorioController#searchPackingCodigoSapAccesory(String, Integer, Integer)
2025-10-10T09:27:51.788-05:00 DEBUG 14708 --- [wms-backend] [http-nio-8080-exec-3] s.w.s.m.m.a.RequestMappingHandlerMapping : Mapped to com.woden.wms_backend.controllers.ClientesControllers.AccesorioController#searchPackingCodigoSapAccesory(String, Integer, Integer)
2025-10-10T09:27:52.011-05:00 DEBUG 14708 --- [wms-backend] [http-nio-8080-exec-10] o.s.w.s.m.m.a.HttpEntityMethodProcessor  : Using 'application/json', given [application/json, text/plain, */*] and supported [application/json, application/*+json, application/yaml, application/xml;charset=UTF-8, text/xml;charset=UTF-8, application/*+xml;charset=UTF-8]
2025-10-10T09:27:52.010-05:00 DEBUG 14708 --- [wms-backend] [http-nio-8080-exec-3] o.s.w.s.m.m.a.HttpEntityMethodProcessor  : Using 'application/json', given [application/json, text/plain, */*] and supported [application/json, application/*+json, application/yaml, application/xml;charset=UTF-8, text/xml;charset=UTF-8, application/*+xml;charset=UTF-8]
2025-10-10T09:27:52.011-05:00 DEBUG 14708 --- [wms-backend] [http-nio-8080-exec-10] o.s.w.s.m.m.a.HttpEntityMethodProcessor  : Writing [[{descripcion=CABLE HDMI JUMPER, codigo=ACC0000540, reacondicionados=13, nuevos=0, familia=CABLE}, { (truncated)...]
2025-10-10T09:27:52.011-05:00 DEBUG 14708 --- [wms-backend] [http-nio-8080-exec-3] o.s.w.s.m.m.a.HttpEntityMethodProcessor  : Writing [[{descripcion=REMOTE CONTROL DTH, codigo=06010740002, reacondicionados=0, nuevos=1, familia=CONTROL} (truncated)...]
2025-10-10T09:27:52.012-05:00 DEBUG 14708 --- [wms-backend] [http-nio-8080-exec-3] o.s.web.servlet.DispatcherServlet        : Completed 200 OK
2025-10-10T09:27:52.012-05:00 DEBUG 14708 --- [wms-backend] [http-nio-8080-exec-10] o.s.web.servlet.DispatcherServlet        : Completed 200 OK
2025-10-10T09:27:52.034-05:00 DEBUG 14708 --- [wms-backend] [http-nio-8080-exec-5] o.s.web.servlet.DispatcherServlet        : GET "/client/accesorio/getPackedAccesoriesSerials?codigoSap=06010740002&tipoAccesorio=nuevo&palletId=674", parameters={masked}
2025-10-10T09:27:52.034-05:00 DEBUG 14708 --- [wms-backend] [http-nio-8080-exec-10] o.s.web.servlet.DispatcherServlet        : GET "/client/accesorio/getPackedAccesoriesSerials?codigoSap=HME0004232&tipoAccesorio=nuevo&palletId=674", parameters={masked}
2025-10-10T09:27:52.034-05:00 DEBUG 14708 --- [wms-backend] [http-nio-8080-exec-5] s.w.s.m.m.a.RequestMappingHandlerMapping : Mapped to com.woden.wms_backend.controllers.ClientesControllers.AccesorioController#getPackedAccesoriesSerials(String, String, Integer)
2025-10-10T09:27:52.034-05:00 DEBUG 14708 --- [wms-backend] [http-nio-8080-exec-10] s.w.s.m.m.a.RequestMappingHandlerMapping : Mapped to com.woden.wms_backend.controllers.ClientesControllers.AccesorioController#getPackedAccesoriesSerials(String, String, Integer)
2025-10-10T09:27:52.036-05:00 DEBUG 14708 --- [wms-backend] [http-nio-8080-exec-7] o.s.web.servlet.DispatcherServlet        : GET "/client/accesorio/getPackedAccesoriesSerials?codigoSap=06010740002&tipoAccesorio=reacondicionado&palletId=674", parameters={masked}
2025-10-10T09:27:52.036-05:00 DEBUG 14708 --- [wms-backend] [http-nio-8080-exec-1] o.s.web.servlet.DispatcherServlet        : GET "/client/accesorio/getPackedAccesoriesSerials?codigoSap=ACC0000540&tipoAccesorio=nuevo&palletId=674", parameters={masked}
2025-10-10T09:27:52.036-05:00 DEBUG 14708 --- [wms-backend] [http-nio-8080-exec-7] s.w.s.m.m.a.RequestMappingHandlerMapping : Mapped to com.woden.wms_backend.controllers.ClientesControllers.AccesorioController#getPackedAccesoriesSerials(String, String, Integer)
2025-10-10T09:27:52.036-05:00 DEBUG 14708 --- [wms-backend] [http-nio-8080-exec-1] s.w.s.m.m.a.RequestMappingHandlerMapping : Mapped to com.woden.wms_backend.controllers.ClientesControllers.AccesorioController#getPackedAccesoriesSerials(String, String, Integer)
2025-10-10T09:27:52.037-05:00 DEBUG 14708 --- [wms-backend] [http-nio-8080-exec-3] o.s.web.servlet.DispatcherServlet        : GET "/client/accesorio/getPackedAccesoriesSerials?codigoSap=ACC0000540&tipoAccesorio=reacondicionado&palletId=674", parameters={masked}
2025-10-10T09:27:52.037-05:00 DEBUG 14708 --- [wms-backend] [http-nio-8080-exec-3] s.w.s.m.m.a.RequestMappingHandlerMapping : Mapped to com.woden.wms_backend.controllers.ClientesControllers.AccesorioController#getPackedAccesoriesSerials(String, String, Integer)
2025-10-10T09:27:52.037-05:00 DEBUG 14708 --- [wms-backend] [http-nio-8080-exec-9] o.s.web.servlet.DispatcherServlet        : GET "/client/accesorio/getPackedAccesoriesSerials?codigoSap=HME0004232&tipoAccesorio=reacondicionado&palletId=674", parameters={masked}
2025-10-10T09:27:52.038-05:00 DEBUG 14708 --- [wms-backend] [http-nio-8080-exec-9] s.w.s.m.m.a.RequestMappingHandlerMapping : Mapped to com.woden.wms_backend.controllers.ClientesControllers.AccesorioController#getPackedAccesoriesSerials(String, String, Integer)
2025-10-10T09:27:52.142-05:00 DEBUG 14708 --- [wms-backend] [http-nio-8080-exec-10] o.s.w.s.m.m.a.HttpEntityMethodProcessor  : Using 'application/json', given [application/json, text/plain, */*] and supported [application/json, application/*+json, application/yaml, application/xml;charset=UTF-8, text/xml;charset=UTF-8, application/*+xml;charset=UTF-8]
2025-10-10T09:27:52.142-05:00 DEBUG 14708 --- [wms-backend] [http-nio-8080-exec-10] o.s.w.s.m.m.a.HttpEntityMethodProcessor  : Writing [0]
2025-10-10T09:27:52.144-05:00 DEBUG 14708 --- [wms-backend] [http-nio-8080-exec-10] o.s.web.servlet.DispatcherServlet        : Completed 200 OK
2025-10-10T09:27:52.146-05:00 DEBUG 14708 --- [wms-backend] [http-nio-8080-exec-3] o.s.w.s.m.m.a.HttpEntityMethodProcessor  : Using 'application/json', given [application/json, text/plain, */*] and supported [application/json, application/*+json, application/yaml, application/xml;charset=UTF-8, text/xml;charset=UTF-8, application/*+xml;charset=UTF-8]
2025-10-10T09:27:52.146-05:00 DEBUG 14708 --- [wms-backend] [http-nio-8080-exec-3] o.s.w.s.m.m.a.HttpEntityMethodProcessor  : Writing [0]
2025-10-10T09:27:52.147-05:00 DEBUG 14708 --- [wms-backend] [http-nio-8080-exec-3] o.s.web.servlet.DispatcherServlet        : Completed 200 OK
2025-10-10T09:27:52.250-05:00 DEBUG 14708 --- [wms-backend] [http-nio-8080-exec-1] o.s.w.s.m.m.a.HttpEntityMethodProcessor  : Using 'application/json', given [application/json, text/plain, */*] and supported [application/json, application/*+json, application/yaml, application/xml;charset=UTF-8, text/xml;charset=UTF-8, application/*+xml;charset=UTF-8]
2025-10-10T09:27:52.251-05:00 DEBUG 14708 --- [wms-backend] [http-nio-8080-exec-1] o.s.w.s.m.m.a.HttpEntityMethodProcessor  : Writing [0]
2025-10-10T09:27:52.251-05:00 DEBUG 14708 --- [wms-backend] [http-nio-8080-exec-5] o.s.w.s.m.m.a.HttpEntityMethodProcessor  : Using 'application/json', given [application/json, text/plain, */*] and supported [application/json, application/*+json, application/yaml, application/xml;charset=UTF-8, text/xml;charset=UTF-8, application/*+xml;charset=UTF-8]
2025-10-10T09:27:52.251-05:00 DEBUG 14708 --- [wms-backend] [http-nio-8080-exec-5] o.s.w.s.m.m.a.HttpEntityMethodProcessor  : Writing [0]
2025-10-10T09:27:52.252-05:00 DEBUG 14708 --- [wms-backend] [http-nio-8080-exec-1] o.s.web.servlet.DispatcherServlet        : Completed 200 OK
2025-10-10T09:27:52.252-05:00 DEBUG 14708 --- [wms-backend] [http-nio-8080-exec-5] o.s.web.servlet.DispatcherServlet        : Completed 200 OK
2025-10-10T09:27:52.253-05:00 DEBUG 14708 --- [wms-backend] [http-nio-8080-exec-9] o.s.w.s.m.m.a.HttpEntityMethodProcessor  : Using 'application/json', given [application/json, text/plain, */*] and supported [application/json, application/*+json, application/yaml, application/xml;charset=UTF-8, text/xml;charset=UTF-8, application/*+xml;charset=UTF-8]
2025-10-10T09:27:52.253-05:00 DEBUG 14708 --- [wms-backend] [http-nio-8080-exec-9] o.s.w.s.m.m.a.HttpEntityMethodProcessor  : Writing [0]
2025-10-10T09:27:52.254-05:00 DEBUG 14708 --- [wms-backend] [http-nio-8080-exec-9] o.s.web.servlet.DispatcherServlet        : Completed 200 OK
2025-10-10T09:27:52.273-05:00 DEBUG 14708 --- [wms-backend] [http-nio-8080-exec-7] o.s.w.s.m.m.a.HttpEntityMethodProcessor  : Using 'application/json', given [application/json, text/plain, */*] and supported [application/json, application/*+json, application/yaml, application/xml;charset=UTF-8, text/xml;charset=UTF-8, application/*+xml;charset=UTF-8]
2025-10-10T09:27:52.273-05:00 DEBUG 14708 --- [wms-backend] [http-nio-8080-exec-7] o.s.w.s.m.m.a.HttpEntityMethodProcessor  : Writing [0]
2025-10-10T09:27:52.274-05:00 DEBUG 14708 --- [wms-backend] [http-nio-8080-exec-7] o.s.web.servlet.DispatcherServlet        : Completed 200 OK
2025-10-10T09:27:58.686-05:00 DEBUG 14708 --- [wms-backend] [http-nio-8080-exec-2] o.s.web.servlet.DispatcherServlet        : GET "/general/version", parameters={}
2025-10-10T09:27:58.687-05:00 DEBUG 14708 --- [wms-backend] [http-nio-8080-exec-2] s.w.s.m.m.a.RequestMappingHandlerMapping : Mapped to com.woden.wms_backend.controllers.WmsWdGeneral.VersionController#getVersion()
2025-10-10T09:27:58.688-05:00 DEBUG 14708 --- [wms-backend] [http-nio-8080-exec-2] o.s.w.s.m.m.a.HttpEntityMethodProcessor  : Using 'application/json', given [application/json, text/plain, */*] and supported [text/plain, */*, application/json, application/*+json, application/yaml, application/xml;charset=UTF-8, text/xml;charset=UTF-8, application/*+xml;charset=UTF-8]
2025-10-10T09:27:58.712-05:00 DEBUG 14708 --- [wms-backend] [http-nio-8080-exec-2] o.s.w.s.m.m.a.HttpEntityMethodProcessor  : Writing ["1.0.1.48"]
2025-10-10T09:27:58.712-05:00 DEBUG 14708 --- [wms-backend] [http-nio-8080-exec-2] o.s.web.servlet.DispatcherServlet        : Completed 200 OK
2025-10-10T09:28:08.687-05:00 DEBUG 14708 --- [wms-backend] [http-nio-8080-exec-8] o.s.web.servlet.DispatcherServlet        : GET "/general/version", parameters={}
2025-10-10T09:28:08.687-05:00 DEBUG 14708 --- [wms-backend] [http-nio-8080-exec-8] s.w.s.m.m.a.RequestMappingHandlerMapping : Mapped to com.woden.wms_backend.controllers.WmsWdGeneral.VersionController#getVersion()
2025-10-10T09:28:08.687-05:00 DEBUG 14708 --- [wms-backend] [http-nio-8080-exec-8] o.s.w.s.m.m.a.HttpEntityMethodProcessor  : Using 'application/json', given [application/json, text/plain, */*] and supported [text/plain, */*, application/json, application/*+json, application/yaml, application/xml;charset=UTF-8, text/xml;charset=UTF-8, application/*+xml;charset=UTF-8]
2025-10-10T09:28:08.687-05:00 DEBUG 14708 --- [wms-backend] [http-nio-8080-exec-8] o.s.w.s.m.m.a.HttpEntityMethodProcessor  : Writing ["1.0.1.48"]
2025-10-10T09:28:08.688-05:00 DEBUG 14708 --- [wms-backend] [http-nio-8080-exec-8] o.s.web.servlet.DispatcherServlet        : Completed 200 OK
2025-10-10T09:28:18.689-05:00 DEBUG 14708 --- [wms-backend] [http-nio-8080-exec-6] o.s.web.servlet.DispatcherServlet        : GET "/general/version", parameters={}
2025-10-10T09:28:18.689-05:00 DEBUG 14708 --- [wms-backend] [http-nio-8080-exec-6] s.w.s.m.m.a.RequestMappingHandlerMapping : Mapped to com.woden.wms_backend.controllers.WmsWdGeneral.VersionController#getVersion()
2025-10-10T09:28:18.689-05:00 DEBUG 14708 --- [wms-backend] [http-nio-8080-exec-6] o.s.w.s.m.m.a.HttpEntityMethodProcessor  : Using 'application/json', given [application/json, text/plain, */*] and supported [text/plain, */*, application/json, application/*+json, application/yaml, application/xml;charset=UTF-8, text/xml;charset=UTF-8, application/*+xml;charset=UTF-8]
2025-10-10T09:28:18.689-05:00 DEBUG 14708 --- [wms-backend] [http-nio-8080-exec-6] o.s.w.s.m.m.a.HttpEntityMethodProcessor  : Writing ["1.0.1.48"]
2025-10-10T09:28:18.690-05:00 DEBUG 14708 --- [wms-backend] [http-nio-8080-exec-6] o.s.web.servlet.DispatcherServlet        : Completed 200 OK
2025-10-10T09:28:18.692-05:00 DEBUG 14708 --- [wms-backend] [http-nio-8080-exec-10] o.s.web.servlet.DispatcherServlet        : POST "/client/accesorio/updatePackingBatch", parameters={}
2025-10-10T09:28:18.692-05:00 DEBUG 14708 --- [wms-backend] [http-nio-8080-exec-10] s.w.s.m.m.a.RequestMappingHandlerMapping : Mapped to com.woden.wms_backend.controllers.ClientesControllers.AccesorioController#updatePackingBatch(List)
2025-10-10T09:28:18.694-05:00 DEBUG 14708 --- [wms-backend] [http-nio-8080-exec-10] m.m.a.RequestResponseBodyMethodProcessor : Read "application/json;charset=UTF-8" to [[[Ljava.lang.String;@5af992f, [Ljava.lang.String;@5ec167ee, [Ljava.lang.String;@aab7dff]]
2025-10-10T09:28:20.293-05:00 DEBUG 14708 --- [wms-backend] [http-nio-8080-exec-10] o.s.w.s.m.m.a.HttpEntityMethodProcessor  : Using 'application/json', given [application/json, text/plain, */*] and supported [application/json, application/*+json, application/yaml, application/xml;charset=UTF-8, text/xml;charset=UTF-8, application/*+xml;charset=UTF-8]
2025-10-10T09:28:20.293-05:00 DEBUG 14708 --- [wms-backend] [http-nio-8080-exec-10] o.s.w.s.m.m.a.HttpEntityMethodProcessor  : Writing [1]
2025-10-10T09:28:20.294-05:00 DEBUG 14708 --- [wms-backend] [http-nio-8080-exec-10] o.s.web.servlet.DispatcherServlet        : Completed 200 OK
2025-10-10T09:28:20.307-05:00 DEBUG 14708 --- [wms-backend] [http-nio-8080-exec-5] o.s.web.servlet.DispatcherServlet        : GET "/client/accesorio/searchPackingCodigoSapAccesory?estado=EMPAQUE&palletId=674&codigoSapId=20", parameters={masked}
2025-10-10T09:28:20.307-05:00 DEBUG 14708 --- [wms-backend] [http-nio-8080-exec-5] s.w.s.m.m.a.RequestMappingHandlerMapping : Mapped to com.woden.wms_backend.controllers.ClientesControllers.AccesorioController#searchPackingCodigoSapAccesory(String, Integer, Integer)
2025-10-10T09:28:20.308-05:00 DEBUG 14708 --- [wms-backend] [http-nio-8080-exec-9] o.s.web.servlet.DispatcherServlet        : GET "/client/accesorio/searchPackingCodigoSapAccesory?estado=EMPACADO&palletId=674&codigoSapId=20", parameters={masked}
2025-10-10T09:28:20.308-05:00 DEBUG 14708 --- [wms-backend] [http-nio-8080-exec-9] s.w.s.m.m.a.RequestMappingHandlerMapping : Mapped to com.woden.wms_backend.controllers.ClientesControllers.AccesorioController#searchPackingCodigoSapAccesory(String, Integer, Integer)
2025-10-10T09:28:20.597-05:00 DEBUG 14708 --- [wms-backend] [http-nio-8080-exec-9] o.s.w.s.m.m.a.HttpEntityMethodProcessor  : Using 'application/json', given [application/json, text/plain, */*] and supported [application/json, application/*+json, application/yaml, application/xml;charset=UTF-8, text/xml;charset=UTF-8, application/*+xml;charset=UTF-8]
2025-10-10T09:28:20.597-05:00 DEBUG 14708 --- [wms-backend] [http-nio-8080-exec-5] o.s.w.s.m.m.a.HttpEntityMethodProcessor  : Using 'application/json', given [application/json, text/plain, */*] and supported [application/json, application/*+json, application/yaml, application/xml;charset=UTF-8, text/xml;charset=UTF-8, application/*+xml;charset=UTF-8]
2025-10-10T09:28:20.597-05:00 DEBUG 14708 --- [wms-backend] [http-nio-8080-exec-5] o.s.w.s.m.m.a.HttpEntityMethodProcessor  : Writing [[{descripcion=CABLE HDMI JUMPER, codigo=ACC0000540, reacondicionados=13, nuevos=0, familia=CABLE}, { (truncated)...]
2025-10-10T09:28:20.597-05:00 DEBUG 14708 --- [wms-backend] [http-nio-8080-exec-9] o.s.w.s.m.m.a.HttpEntityMethodProcessor  : Writing [[{descripcion=REMOTE CONTROL DTH, codigo=06010740002, reacondicionados=0, nuevos=1, familia=CONTROL} (truncated)...]
2025-10-10T09:28:20.598-05:00 DEBUG 14708 --- [wms-backend] [http-nio-8080-exec-5] o.s.web.servlet.DispatcherServlet        : Completed 200 OK
2025-10-10T09:28:20.598-05:00 DEBUG 14708 --- [wms-backend] [http-nio-8080-exec-9] o.s.web.servlet.DispatcherServlet        : Completed 200 OK
2025-10-10T09:28:20.623-05:00 DEBUG 14708 --- [wms-backend] [http-nio-8080-exec-1] o.s.web.servlet.DispatcherServlet        : GET "/client/accesorio/getPackedAccesoriesSerials?codigoSap=06010740002&tipoAccesorio=nuevo&palletId=674", parameters={masked}
2025-10-10T09:28:20.623-05:00 DEBUG 14708 --- [wms-backend] [http-nio-8080-exec-1] s.w.s.m.m.a.RequestMappingHandlerMapping : Mapped to com.woden.wms_backend.controllers.ClientesControllers.AccesorioController#getPackedAccesoriesSerials(String, String, Integer)
2025-10-10T09:28:20.627-05:00 DEBUG 14708 --- [wms-backend] [http-nio-8080-exec-4] o.s.web.servlet.DispatcherServlet        : GET "/client/accesorio/getPackedAccesoriesSerials?codigoSap=ACC0000540&tipoAccesorio=reacondicionado&palletId=674", parameters={masked}
2025-10-10T09:28:20.627-05:00 DEBUG 14708 --- [wms-backend] [http-nio-8080-exec-4] s.w.s.m.m.a.RequestMappingHandlerMapping : Mapped to com.woden.wms_backend.controllers.ClientesControllers.AccesorioController#getPackedAccesoriesSerials(String, String, Integer)
2025-10-10T09:28:20.630-05:00 DEBUG 14708 --- [wms-backend] [http-nio-8080-exec-6] o.s.web.servlet.DispatcherServlet        : GET "/client/accesorio/getPackedAccesoriesSerials?codigoSap=HME0004232&tipoAccesorio=reacondicionado&palletId=674", parameters={masked}
2025-10-10T09:28:20.630-05:00 DEBUG 14708 --- [wms-backend] [http-nio-8080-exec-5] o.s.web.servlet.DispatcherServlet        : GET "/client/accesorio/getPackedAccesoriesSerials?codigoSap=06010740002&tipoAccesorio=reacondicionado&palletId=674", parameters={masked}
2025-10-10T09:28:20.639-05:00 DEBUG 14708 --- [wms-backend] [http-nio-8080-exec-5] s.w.s.m.m.a.RequestMappingHandlerMapping : Mapped to com.woden.wms_backend.controllers.ClientesControllers.AccesorioController#getPackedAccesoriesSerials(String, String, Integer)
2025-10-10T09:28:20.631-05:00 DEBUG 14708 --- [wms-backend] [http-nio-8080-exec-6] s.w.s.m.m.a.RequestMappingHandlerMapping : Mapped to com.woden.wms_backend.controllers.ClientesControllers.AccesorioController#getPackedAccesoriesSerials(String, String, Integer)
2025-10-10T09:28:20.650-05:00 DEBUG 14708 --- [wms-backend] [http-nio-8080-exec-7] o.s.web.servlet.DispatcherServlet        : GET "/client/accesorio/getPackedAccesoriesSerials?codigoSap=ACC0000540&tipoAccesorio=nuevo&palletId=674", parameters={masked}
2025-10-10T09:28:20.650-05:00 DEBUG 14708 --- [wms-backend] [http-nio-8080-exec-7] s.w.s.m.m.a.RequestMappingHandlerMapping : Mapped to com.woden.wms_backend.controllers.ClientesControllers.AccesorioController#getPackedAccesoriesSerials(String, String, Integer)
2025-10-10T09:28:20.650-05:00 DEBUG 14708 --- [wms-backend] [http-nio-8080-exec-2] o.s.web.servlet.DispatcherServlet        : GET "/client/accesorio/getPackedAccesoriesSerials?codigoSap=HME0004232&tipoAccesorio=nuevo&palletId=674", parameters={masked}
2025-10-10T09:28:20.650-05:00 DEBUG 14708 --- [wms-backend] [http-nio-8080-exec-2] s.w.s.m.m.a.RequestMappingHandlerMapping : Mapped to com.woden.wms_backend.controllers.ClientesControllers.AccesorioController#getPackedAccesoriesSerials(String, String, Integer)
2025-10-10T09:28:20.784-05:00 DEBUG 14708 --- [wms-backend] [http-nio-8080-exec-2] o.s.w.s.m.m.a.HttpEntityMethodProcessor  : Using 'application/json', given [application/json, text/plain, */*] and supported [application/json, application/*+json, application/yaml, application/xml;charset=UTF-8, text/xml;charset=UTF-8, application/*+xml;charset=UTF-8]
2025-10-10T09:28:20.784-05:00 DEBUG 14708 --- [wms-backend] [http-nio-8080-exec-5] o.s.w.s.m.m.a.HttpEntityMethodProcessor  : Using 'application/json', given [application/json, text/plain, */*] and supported [application/json, application/*+json, application/yaml, application/xml;charset=UTF-8, text/xml;charset=UTF-8, application/*+xml;charset=UTF-8]
2025-10-10T09:28:20.784-05:00 DEBUG 14708 --- [wms-backend] [http-nio-8080-exec-2] o.s.w.s.m.m.a.HttpEntityMethodProcessor  : Writing [0]
2025-10-10T09:28:20.785-05:00 DEBUG 14708 --- [wms-backend] [http-nio-8080-exec-5] o.s.w.s.m.m.a.HttpEntityMethodProcessor  : Writing [0]
2025-10-10T09:28:20.784-05:00 DEBUG 14708 --- [wms-backend] [http-nio-8080-exec-6] o.s.w.s.m.m.a.HttpEntityMethodProcessor  : Using 'application/json', given [application/json, text/plain, */*] and supported [application/json, application/*+json, application/yaml, application/xml;charset=UTF-8, text/xml;charset=UTF-8, application/*+xml;charset=UTF-8]
2025-10-10T09:28:20.785-05:00 DEBUG 14708 --- [wms-backend] [http-nio-8080-exec-6] o.s.w.s.m.m.a.HttpEntityMethodProcessor  : Writing [0]
2025-10-10T09:28:20.785-05:00 DEBUG 14708 --- [wms-backend] [http-nio-8080-exec-2] o.s.web.servlet.DispatcherServlet        : Completed 200 OK
2025-10-10T09:28:20.786-05:00 DEBUG 14708 --- [wms-backend] [http-nio-8080-exec-6] o.s.web.servlet.DispatcherServlet        : Completed 200 OK
2025-10-10T09:28:20.785-05:00 DEBUG 14708 --- [wms-backend] [http-nio-8080-exec-5] o.s.web.servlet.DispatcherServlet        : Completed 200 OK
2025-10-10T09:28:20.796-05:00 DEBUG 14708 --- [wms-backend] [http-nio-8080-exec-10] o.s.web.servlet.DispatcherServlet        : GET "/client/accesorio/getPackedAccesoriesSerials?codigoSap=HME0004237&tipoAccesorio=reacondicionado&palletId=674", parameters={masked}
2025-10-10T09:28:20.797-05:00 DEBUG 14708 --- [wms-backend] [http-nio-8080-exec-10] s.w.s.m.m.a.RequestMappingHandlerMapping : Mapped to com.woden.wms_backend.controllers.ClientesControllers.AccesorioController#getPackedAccesoriesSerials(String, String, Integer)
2025-10-10T09:28:20.799-05:00 DEBUG 14708 --- [wms-backend] [http-nio-8080-exec-8] o.s.web.servlet.DispatcherServlet        : GET "/client/accesorio/getPackedAccesoriesSerials?codigoSap=HME0004237&tipoAccesorio=nuevo&palletId=674", parameters={masked}
2025-10-10T09:28:20.799-05:00 DEBUG 14708 --- [wms-backend] [http-nio-8080-exec-8] s.w.s.m.m.a.RequestMappingHandlerMapping : Mapped to com.woden.wms_backend.controllers.ClientesControllers.AccesorioController#getPackedAccesoriesSerials(String, String, Integer)
2025-10-10T09:28:20.893-05:00 DEBUG 14708 --- [wms-backend] [http-nio-8080-exec-7] o.s.w.s.m.m.a.HttpEntityMethodProcessor  : Using 'application/json', given [application/json, text/plain, */*] and supported [application/json, application/*+json, application/yaml, application/xml;charset=UTF-8, text/xml;charset=UTF-8, application/*+xml;charset=UTF-8]
2025-10-10T09:28:20.893-05:00 DEBUG 14708 --- [wms-backend] [http-nio-8080-exec-7] o.s.w.s.m.m.a.HttpEntityMethodProcessor  : Writing [0]
2025-10-10T09:28:20.893-05:00 DEBUG 14708 --- [wms-backend] [http-nio-8080-exec-7] o.s.web.servlet.DispatcherServlet        : Completed 200 OK
2025-10-10T09:28:20.893-05:00 DEBUG 14708 --- [wms-backend] [http-nio-8080-exec-4] o.s.w.s.m.m.a.HttpEntityMethodProcessor  : Using 'application/json', given [application/json, text/plain, */*] and supported [application/json, application/*+json, application/yaml, application/xml;charset=UTF-8, text/xml;charset=UTF-8, application/*+xml;charset=UTF-8]
2025-10-10T09:28:20.894-05:00 DEBUG 14708 --- [wms-backend] [http-nio-8080-exec-4] o.s.w.s.m.m.a.HttpEntityMethodProcessor  : Writing [0]
2025-10-10T09:28:20.895-05:00 DEBUG 14708 --- [wms-backend] [http-nio-8080-exec-4] o.s.web.servlet.DispatcherServlet        : Completed 200 OK
2025-10-10T09:28:20.893-05:00 DEBUG 14708 --- [wms-backend] [http-nio-8080-exec-1] o.s.w.s.m.m.a.HttpEntityMethodProcessor  : Using 'application/json', given [application/json, text/plain, */*] and supported [application/json, application/*+json, application/yaml, application/xml;charset=UTF-8, text/xml;charset=UTF-8, application/*+xml;charset=UTF-8]
2025-10-10T09:28:20.895-05:00 DEBUG 14708 --- [wms-backend] [http-nio-8080-exec-1] o.s.w.s.m.m.a.HttpEntityMethodProcessor  : Writing [0]
2025-10-10T09:28:20.896-05:00 DEBUG 14708 --- [wms-backend] [http-nio-8080-exec-1] o.s.web.servlet.DispatcherServlet        : Completed 200 OK
2025-10-10T09:28:20.908-05:00 DEBUG 14708 --- [wms-backend] [http-nio-8080-exec-10] o.s.w.s.m.m.a.HttpEntityMethodProcessor  : Using 'application/json', given [application/json, text/plain, */*] and supported [application/json, application/*+json, application/yaml, application/xml;charset=UTF-8, text/xml;charset=UTF-8, application/*+xml;charset=UTF-8]
2025-10-10T09:28:20.908-05:00 DEBUG 14708 --- [wms-backend] [http-nio-8080-exec-10] o.s.w.s.m.m.a.HttpEntityMethodProcessor  : Writing [3]
2025-10-10T09:28:20.908-05:00 DEBUG 14708 --- [wms-backend] [http-nio-8080-exec-10] o.s.web.servlet.DispatcherServlet        : Completed 200 OK
2025-10-10T09:28:20.946-05:00 DEBUG 14708 --- [wms-backend] [http-nio-8080-exec-8] o.s.w.s.m.m.a.HttpEntityMethodProcessor  : Using 'application/json', given [application/json, text/plain, */*] and supported [application/json, application/*+json, application/yaml, application/xml;charset=UTF-8, text/xml;charset=UTF-8, application/*+xml;charset=UTF-8]
2025-10-10T09:28:20.946-05:00 DEBUG 14708 --- [wms-backend] [http-nio-8080-exec-8] o.s.w.s.m.m.a.HttpEntityMethodProcessor  : Writing [0]
2025-10-10T09:28:20.947-05:00 DEBUG 14708 --- [wms-backend] [http-nio-8080-exec-8] o.s.web.servlet.DispatcherServlet        : Completed 200 OK
2025-10-10T09:28:28.740-05:00 DEBUG 14708 --- [wms-backend] [http-nio-8080-exec-9] o.s.web.servlet.DispatcherServlet        : GET "/general/version", parameters={}
2025-10-10T09:28:28.740-05:00 DEBUG 14708 --- [wms-backend] [http-nio-8080-exec-9] s.w.s.m.m.a.RequestMappingHandlerMapping : Mapped to com.woden.wms_backend.controllers.WmsWdGeneral.VersionController#getVersion()
2025-10-10T09:28:28.741-05:00 DEBUG 14708 --- [wms-backend] [http-nio-8080-exec-9] o.s.w.s.m.m.a.HttpEntityMethodProcessor  : Using 'application/json', given [application/json, text/plain, */*] and supported [text/plain, */*, application/json, application/*+json, application/yaml, application/xml;charset=UTF-8, text/xml;charset=UTF-8, application/*+xml;charset=UTF-8]
2025-10-10T09:28:28.741-05:00 DEBUG 14708 --- [wms-backend] [http-nio-8080-exec-9] o.s.w.s.m.m.a.HttpEntityMethodProcessor  : Writing ["1.0.1.48"]
2025-10-10T09:28:28.742-05:00 DEBUG 14708 --- [wms-backend] [http-nio-8080-exec-9] o.s.web.servlet.DispatcherServlet        : Completed 200 OK
2025-10-10T09:28:38.687-05:00 DEBUG 14708 --- [wms-backend] [http-nio-8080-exec-3] o.s.web.servlet.DispatcherServlet        : GET "/general/version", parameters={}
2025-10-10T09:28:38.688-05:00 DEBUG 14708 --- [wms-backend] [http-nio-8080-exec-3] s.w.s.m.m.a.RequestMappingHandlerMapping : Mapped to com.woden.wms_backend.controllers.WmsWdGeneral.VersionController#getVersion()
2025-10-10T09:28:38.689-05:00 DEBUG 14708 --- [wms-backend] [http-nio-8080-exec-3] o.s.w.s.m.m.a.HttpEntityMethodProcessor  : Using 'application/json', given [application/json, text/plain, */*] and supported [text/plain, */*, application/json, application/*+json, application/yaml, application/xml;charset=UTF-8, text/xml;charset=UTF-8, application/*+xml;charset=UTF-8]
2025-10-10T09:28:38.689-05:00 DEBUG 14708 --- [wms-backend] [http-nio-8080-exec-3] o.s.w.s.m.m.a.HttpEntityMethodProcessor  : Writing ["1.0.1.48"]
2025-10-10T09:28:38.725-05:00 DEBUG 14708 --- [wms-backend] [http-nio-8080-exec-3] o.s.web.servlet.DispatcherServlet        : Completed 200 OK
2025-10-10T09:28:48.686-05:00 DEBUG 14708 --- [wms-backend] [http-nio-8080-exec-2] o.s.web.servlet.DispatcherServlet        : GET "/general/version", parameters={}
2025-10-10T09:28:48.686-05:00 DEBUG 14708 --- [wms-backend] [http-nio-8080-exec-2] s.w.s.m.m.a.RequestMappingHandlerMapping : Mapped to com.woden.wms_backend.controllers.WmsWdGeneral.VersionController#getVersion()
2025-10-10T09:28:48.686-05:00 DEBUG 14708 --- [wms-backend] [http-nio-8080-exec-2] o.s.w.s.m.m.a.HttpEntityMethodProcessor  : Using 'application/json', given [application/json, text/plain, */*] and supported [text/plain, */*, application/json, application/*+json, application/yaml, application/xml;charset=UTF-8, text/xml;charset=UTF-8, application/*+xml;charset=UTF-8]
2025-10-10T09:28:48.686-05:00 DEBUG 14708 --- [wms-backend] [http-nio-8080-exec-2] o.s.w.s.m.m.a.HttpEntityMethodProcessor  : Writing ["1.0.1.48"]
2025-10-10T09:28:48.686-05:00 DEBUG 14708 --- [wms-backend] [http-nio-8080-exec-2] o.s.web.servlet.DispatcherServlet        : Completed 200 OK
2025-10-10T09:28:58.686-05:00 DEBUG 14708 --- [wms-backend] [http-nio-8080-exec-6] o.s.web.servlet.DispatcherServlet        : GET "/general/version", parameters={}
2025-10-10T09:28:58.687-05:00 DEBUG 14708 --- [wms-backend] [http-nio-8080-exec-6] s.w.s.m.m.a.RequestMappingHandlerMapping : Mapped to com.woden.wms_backend.controllers.WmsWdGeneral.VersionController#getVersion()
2025-10-10T09:28:58.687-05:00 DEBUG 14708 --- [wms-backend] [http-nio-8080-exec-6] o.s.w.s.m.m.a.HttpEntityMethodProcessor  : Using 'application/json', given [application/json, text/plain, */*] and supported [text/plain, */*, application/json, application/*+json, application/yaml, application/xml;charset=UTF-8, text/xml;charset=UTF-8, application/*+xml;charset=UTF-8]
2025-10-10T09:28:58.687-05:00 DEBUG 14708 --- [wms-backend] [http-nio-8080-exec-6] o.s.w.s.m.m.a.HttpEntityMethodProcessor  : Writing ["1.0.1.48"]
2025-10-10T09:28:58.688-05:00 DEBUG 14708 --- [wms-backend] [http-nio-8080-exec-6] o.s.web.servlet.DispatcherServlet        : Completed 200 OK
2025-10-10T09:29:08.689-05:00 DEBUG 14708 --- [wms-backend] [http-nio-8080-exec-5] o.s.web.servlet.DispatcherServlet        : GET "/general/version", parameters={}
2025-10-10T09:29:08.690-05:00 DEBUG 14708 --- [wms-backend] [http-nio-8080-exec-5] s.w.s.m.m.a.RequestMappingHandlerMapping : Mapped to com.woden.wms_backend.controllers.WmsWdGeneral.VersionController#getVersion()
2025-10-10T09:29:08.690-05:00 DEBUG 14708 --- [wms-backend] [http-nio-8080-exec-5] o.s.w.s.m.m.a.HttpEntityMethodProcessor  : Using 'application/json', given [application/json, text/plain, */*] and supported [text/plain, */*, application/json, application/*+json, application/yaml, application/xml;charset=UTF-8, text/xml;charset=UTF-8, application/*+xml;charset=UTF-8]
2025-10-10T09:29:08.690-05:00 DEBUG 14708 --- [wms-backend] [http-nio-8080-exec-5] o.s.w.s.m.m.a.HttpEntityMethodProcessor  : Writing ["1.0.1.48"]
2025-10-10T09:29:08.692-05:00 DEBUG 14708 --- [wms-backend] [http-nio-8080-exec-5] o.s.web.servlet.DispatcherServlet        : Completed 200 OK
2025-10-10T09:29:18.691-05:00 DEBUG 14708 --- [wms-backend] [http-nio-8080-exec-7] o.s.web.servlet.DispatcherServlet        : GET "/general/version", parameters={}
2025-10-10T09:29:18.692-05:00 DEBUG 14708 --- [wms-backend] [http-nio-8080-exec-7] s.w.s.m.m.a.RequestMappingHandlerMapping : Mapped to com.woden.wms_backend.controllers.WmsWdGeneral.VersionController#getVersion()
2025-10-10T09:29:18.692-05:00 DEBUG 14708 --- [wms-backend] [http-nio-8080-exec-7] o.s.w.s.m.m.a.HttpEntityMethodProcessor  : Using 'application/json', given [application/json, text/plain, */*] and supported [text/plain, */*, application/json, application/*+json, application/yaml, application/xml;charset=UTF-8, text/xml;charset=UTF-8, application/*+xml;charset=UTF-8]
2025-10-10T09:29:18.693-05:00 DEBUG 14708 --- [wms-backend] [http-nio-8080-exec-7] o.s.w.s.m.m.a.HttpEntityMethodProcessor  : Writing ["1.0.1.48"]
2025-10-10T09:29:18.693-05:00 DEBUG 14708 --- [wms-backend] [http-nio-8080-exec-7] o.s.web.servlet.DispatcherServlet        : Completed 200 OK
2025-10-10T09:29:28.729-05:00 DEBUG 14708 --- [wms-backend] [http-nio-8080-exec-3] o.s.web.servlet.DispatcherServlet        : GET "/general/version", parameters={}
2025-10-10T09:29:28.729-05:00 DEBUG 14708 --- [wms-backend] [http-nio-8080-exec-3] s.w.s.m.m.a.RequestMappingHandlerMapping : Mapped to com.woden.wms_backend.controllers.WmsWdGeneral.VersionController#getVersion()
2025-10-10T09:29:28.729-05:00 DEBUG 14708 --- [wms-backend] [http-nio-8080-exec-3] o.s.w.s.m.m.a.HttpEntityMethodProcessor  : Using 'application/json', given [application/json, text/plain, */*] and supported [text/plain, */*, application/json, application/*+json, application/yaml, application/xml;charset=UTF-8, text/xml;charset=UTF-8, application/*+xml;charset=UTF-8]
2025-10-10T09:29:28.729-05:00 DEBUG 14708 --- [wms-backend] [http-nio-8080-exec-3] o.s.w.s.m.m.a.HttpEntityMethodProcessor  : Writing ["1.0.1.48"]
2025-10-10T09:29:28.730-05:00 DEBUG 14708 --- [wms-backend] [http-nio-8080-exec-3] o.s.web.servlet.DispatcherServlet        : Completed 200 OK
2025-10-10T09:29:38.691-05:00 DEBUG 14708 --- [wms-backend] [http-nio-8080-exec-2] o.s.web.servlet.DispatcherServlet        : GET "/general/version", parameters={}
2025-10-10T09:29:38.691-05:00 DEBUG 14708 --- [wms-backend] [http-nio-8080-exec-2] s.w.s.m.m.a.RequestMappingHandlerMapping : Mapped to com.woden.wms_backend.controllers.WmsWdGeneral.VersionController#getVersion()
2025-10-10T09:29:38.692-05:00 DEBUG 14708 --- [wms-backend] [http-nio-8080-exec-2] o.s.w.s.m.m.a.HttpEntityMethodProcessor  : Using 'application/json', given [application/json, text/plain, */*] and supported [text/plain, */*, application/json, application/*+json, application/yaml, application/xml;charset=UTF-8, text/xml;charset=UTF-8, application/*+xml;charset=UTF-8]
2025-10-10T09:29:38.692-05:00 DEBUG 14708 --- [wms-backend] [http-nio-8080-exec-2] o.s.w.s.m.m.a.HttpEntityMethodProcessor  : Writing ["1.0.1.48"]
2025-10-10T09:29:38.693-05:00 DEBUG 14708 --- [wms-backend] [http-nio-8080-exec-2] o.s.web.servlet.DispatcherServlet        : Completed 200 OK
2025-10-10T09:29:48.691-05:00 DEBUG 14708 --- [wms-backend] [http-nio-8080-exec-6] o.s.web.servlet.DispatcherServlet        : GET "/general/version", parameters={}
2025-10-10T09:29:48.691-05:00 DEBUG 14708 --- [wms-backend] [http-nio-8080-exec-6] s.w.s.m.m.a.RequestMappingHandlerMapping : Mapped to com.woden.wms_backend.controllers.WmsWdGeneral.VersionController#getVersion()
2025-10-10T09:29:48.692-05:00 DEBUG 14708 --- [wms-backend] [http-nio-8080-exec-6] o.s.w.s.m.m.a.HttpEntityMethodProcessor  : Using 'application/json', given [application/json, text/plain, */*] and supported [text/plain, */*, application/json, application/*+json, application/yaml, application/xml;charset=UTF-8, text/xml;charset=UTF-8, application/*+xml;charset=UTF-8]
2025-10-10T09:29:48.692-05:00 DEBUG 14708 --- [wms-backend] [http-nio-8080-exec-6] o.s.w.s.m.m.a.HttpEntityMethodProcessor  : Writing ["1.0.1.48"]
2025-10-10T09:29:48.692-05:00 DEBUG 14708 --- [wms-backend] [http-nio-8080-exec-6] o.s.web.servlet.DispatcherServlet        : Completed 200 OK
2025-10-10T09:29:58.690-05:00 DEBUG 14708 --- [wms-backend] [http-nio-8080-exec-5] o.s.web.servlet.DispatcherServlet        : GET "/general/version", parameters={}
2025-10-10T09:29:58.690-05:00 DEBUG 14708 --- [wms-backend] [http-nio-8080-exec-5] s.w.s.m.m.a.RequestMappingHandlerMapping : Mapped to com.woden.wms_backend.controllers.WmsWdGeneral.VersionController#getVersion()
2025-10-10T09:29:58.691-05:00 DEBUG 14708 --- [wms-backend] [http-nio-8080-exec-5] o.s.w.s.m.m.a.HttpEntityMethodProcessor  : Using 'application/json', given [application/json, text/plain, */*] and supported [text/plain, */*, application/json, application/*+json, application/yaml, application/xml;charset=UTF-8, text/xml;charset=UTF-8, application/*+xml;charset=UTF-8]
2025-10-10T09:29:58.691-05:00 DEBUG 14708 --- [wms-backend] [http-nio-8080-exec-5] o.s.w.s.m.m.a.HttpEntityMethodProcessor  : Writing ["1.0.1.48"]
2025-10-10T09:29:58.692-05:00 DEBUG 14708 --- [wms-backend] [http-nio-8080-exec-5] o.s.web.servlet.DispatcherServlet        : Completed 200 OK
2025-10-10T09:30:08.692-05:00 DEBUG 14708 --- [wms-backend] [http-nio-8080-exec-7] o.s.web.servlet.DispatcherServlet        : GET "/general/version", parameters={}
2025-10-10T09:30:08.729-05:00 DEBUG 14708 --- [wms-backend] [http-nio-8080-exec-7] s.w.s.m.m.a.RequestMappingHandlerMapping : Mapped to com.woden.wms_backend.controllers.WmsWdGeneral.VersionController#getVersion()
2025-10-10T09:30:08.730-05:00 DEBUG 14708 --- [wms-backend] [http-nio-8080-exec-7] o.s.w.s.m.m.a.HttpEntityMethodProcessor  : Using 'application/json', given [application/json, text/plain, */*] and supported [text/plain, */*, application/json, application/*+json, application/yaml, application/xml;charset=UTF-8, text/xml;charset=UTF-8, application/*+xml;charset=UTF-8]
2025-10-10T09:30:08.730-05:00 DEBUG 14708 --- [wms-backend] [http-nio-8080-exec-7] o.s.w.s.m.m.a.HttpEntityMethodProcessor  : Writing ["1.0.1.48"]
2025-10-10T09:30:08.730-05:00 DEBUG 14708 --- [wms-backend] [http-nio-8080-exec-7] o.s.web.servlet.DispatcherServlet        : Completed 200 OK
2025-10-10T09:30:18.690-05:00 DEBUG 14708 --- [wms-backend] [http-nio-8080-exec-10] o.s.web.servlet.DispatcherServlet        : GET "/general/version", parameters={}
2025-10-10T09:30:18.690-05:00 DEBUG 14708 --- [wms-backend] [http-nio-8080-exec-10] s.w.s.m.m.a.RequestMappingHandlerMapping : Mapped to com.woden.wms_backend.controllers.WmsWdGeneral.VersionController#getVersion()
2025-10-10T09:30:18.690-05:00 DEBUG 14708 --- [wms-backend] [http-nio-8080-exec-10] o.s.w.s.m.m.a.HttpEntityMethodProcessor  : Using 'application/json', given [application/json, text/plain, */*] and supported [text/plain, */*, application/json, application/*+json, application/yaml, application/xml;charset=UTF-8, text/xml;charset=UTF-8, application/*+xml;charset=UTF-8]
2025-10-10T09:30:18.690-05:00 DEBUG 14708 --- [wms-backend] [http-nio-8080-exec-10] o.s.w.s.m.m.a.HttpEntityMethodProcessor  : Writing ["1.0.1.48"]
2025-10-10T09:30:18.691-05:00 DEBUG 14708 --- [wms-backend] [http-nio-8080-exec-10] o.s.web.servlet.DispatcherServlet        : Completed 200 OK
2025-10-10T09:30:28.703-05:00 DEBUG 14708 --- [wms-backend] [http-nio-8080-exec-8] o.s.web.servlet.DispatcherServlet        : GET "/general/version", parameters={}
2025-10-10T09:30:28.704-05:00 DEBUG 14708 --- [wms-backend] [http-nio-8080-exec-8] s.w.s.m.m.a.RequestMappingHandlerMapping : Mapped to com.woden.wms_backend.controllers.WmsWdGeneral.VersionController#getVersion()
2025-10-10T09:30:28.704-05:00 DEBUG 14708 --- [wms-backend] [http-nio-8080-exec-8] o.s.w.s.m.m.a.HttpEntityMethodProcessor  : Using 'application/json', given [application/json, text/plain, */*] and supported [text/plain, */*, application/json, application/*+json, application/yaml, application/xml;charset=UTF-8, text/xml;charset=UTF-8, application/*+xml;charset=UTF-8]
2025-10-10T09:30:28.704-05:00 DEBUG 14708 --- [wms-backend] [http-nio-8080-exec-8] o.s.w.s.m.m.a.HttpEntityMethodProcessor  : Writing ["1.0.1.48"]
2025-10-10T09:30:28.705-05:00 DEBUG 14708 --- [wms-backend] [http-nio-8080-exec-8] o.s.web.servlet.DispatcherServlet        : Completed 200 OK
2025-10-10T09:30:38.695-05:00 DEBUG 14708 --- [wms-backend] [http-nio-8080-exec-1] o.s.web.servlet.DispatcherServlet        : GET "/general/version", parameters={}
2025-10-10T09:30:38.695-05:00 DEBUG 14708 --- [wms-backend] [http-nio-8080-exec-1] s.w.s.m.m.a.RequestMappingHandlerMapping : Mapped to com.woden.wms_backend.controllers.WmsWdGeneral.VersionController#getVersion()
2025-10-10T09:30:38.697-05:00 DEBUG 14708 --- [wms-backend] [http-nio-8080-exec-1] o.s.w.s.m.m.a.HttpEntityMethodProcessor  : Using 'application/json', given [application/json, text/plain, */*] and supported [text/plain, */*, application/json, application/*+json, application/yaml, application/xml;charset=UTF-8, text/xml;charset=UTF-8, application/*+xml;charset=UTF-8]
2025-10-10T09:30:38.697-05:00 DEBUG 14708 --- [wms-backend] [http-nio-8080-exec-1] o.s.w.s.m.m.a.HttpEntityMethodProcessor  : Writing ["1.0.1.48"]
2025-10-10T09:30:38.697-05:00 DEBUG 14708 --- [wms-backend] [http-nio-8080-exec-1] o.s.web.servlet.DispatcherServlet        : Completed 200 OK
2025-10-10T09:30:48.688-05:00 DEBUG 14708 --- [wms-backend] [http-nio-8080-exec-4] o.s.web.servlet.DispatcherServlet        : GET "/general/version", parameters={}
2025-10-10T09:30:48.688-05:00 DEBUG 14708 --- [wms-backend] [http-nio-8080-exec-4] s.w.s.m.m.a.RequestMappingHandlerMapping : Mapped to com.woden.wms_backend.controllers.WmsWdGeneral.VersionController#getVersion()
2025-10-10T09:30:48.689-05:00 DEBUG 14708 --- [wms-backend] [http-nio-8080-exec-4] o.s.w.s.m.m.a.HttpEntityMethodProcessor  : Using 'application/json', given [application/json, text/plain, */*] and supported [text/plain, */*, application/json, application/*+json, application/yaml, application/xml;charset=UTF-8, text/xml;charset=UTF-8, application/*+xml;charset=UTF-8]
2025-10-10T09:30:48.689-05:00 DEBUG 14708 --- [wms-backend] [http-nio-8080-exec-4] o.s.w.s.m.m.a.HttpEntityMethodProcessor  : Writing ["1.0.1.48"]
2025-10-10T09:30:48.689-05:00 DEBUG 14708 --- [wms-backend] [http-nio-8080-exec-4] o.s.web.servlet.DispatcherServlet        : Completed 200 OK
2025-10-10T09:30:51.142-05:00 DEBUG 14708 --- [wms-backend] [http-nio-8080-exec-3] o.s.web.servlet.DispatcherServlet        : GET "/client/cajaEmpaque/pallet/674", parameters={}
2025-10-10T09:30:51.142-05:00 DEBUG 14708 --- [wms-backend] [http-nio-8080-exec-3] s.w.s.m.m.a.RequestMappingHandlerMapping : Mapped to com.woden.wms_backend.controllers.ClientesControllers.CajaEmpaqueController#getSerialesByPallet(Integer)
2025-10-10T09:30:51.671-05:00 DEBUG 14708 --- [wms-backend] [http-nio-8080-exec-3] o.s.w.s.m.m.a.HttpEntityMethodProcessor  : Using 'application/json', given [application/json, text/plain, */*] and supported [application/json, application/*+json, application/yaml, application/xml;charset=UTF-8, text/xml;charset=UTF-8, application/*+xml;charset=UTF-8]
2025-10-10T09:30:51.671-05:00 DEBUG 14708 --- [wms-backend] [http-nio-8080-exec-3] o.s.w.s.m.m.a.HttpEntityMethodProcessor  : Writing [[7366514514, OOPP, NMNM]]
2025-10-10T09:30:51.671-05:00 DEBUG 14708 --- [wms-backend] [http-nio-8080-exec-3] o.s.web.servlet.DispatcherServlet        : Completed 200 OK
2025-10-10T09:30:51.685-05:00 DEBUG 14708 --- [wms-backend] [http-nio-8080-exec-5] o.s.web.servlet.DispatcherServlet        : GET "/client/accesorio/searchPackingCodigoSapAccesory?estado=EMPAQUE&palletId=674&codigoSapId=20", parameters={masked}
2025-10-10T09:30:51.686-05:00 DEBUG 14708 --- [wms-backend] [http-nio-8080-exec-5] s.w.s.m.m.a.RequestMappingHandlerMapping : Mapped to com.woden.wms_backend.controllers.ClientesControllers.AccesorioController#searchPackingCodigoSapAccesory(String, Integer, Integer)
2025-10-10T09:30:51.686-05:00 DEBUG 14708 --- [wms-backend] [http-nio-8080-exec-7] o.s.web.servlet.DispatcherServlet        : GET "/client/accesorio/searchPackingCodigoSapAccesory?estado=EMPACADO&palletId=674&codigoSapId=20", parameters={masked}
2025-10-10T09:30:51.686-05:00 DEBUG 14708 --- [wms-backend] [http-nio-8080-exec-7] s.w.s.m.m.a.RequestMappingHandlerMapping : Mapped to com.woden.wms_backend.controllers.ClientesControllers.AccesorioController#searchPackingCodigoSapAccesory(String, Integer, Integer)
2025-10-10T09:30:51.906-05:00 DEBUG 14708 --- [wms-backend] [http-nio-8080-exec-7] o.s.w.s.m.m.a.HttpEntityMethodProcessor  : Using 'application/json', given [application/json, text/plain, */*] and supported [application/json, application/*+json, application/yaml, application/xml;charset=UTF-8, text/xml;charset=UTF-8, application/*+xml;charset=UTF-8]
2025-10-10T09:30:51.906-05:00 DEBUG 14708 --- [wms-backend] [http-nio-8080-exec-7] o.s.w.s.m.m.a.HttpEntityMethodProcessor  : Writing [[{descripcion=REMOTE CONTROL DTH, codigo=06010740002, reacondicionados=0, nuevos=1, familia=CONTROL} (truncated)...]
2025-10-10T09:30:51.908-05:00 DEBUG 14708 --- [wms-backend] [http-nio-8080-exec-7] o.s.web.servlet.DispatcherServlet        : Completed 200 OK
2025-10-10T09:30:51.916-05:00 DEBUG 14708 --- [wms-backend] [http-nio-8080-exec-5] o.s.w.s.m.m.a.HttpEntityMethodProcessor  : Using 'application/json', given [application/json, text/plain, */*] and supported [application/json, application/*+json, application/yaml, application/xml;charset=UTF-8, text/xml;charset=UTF-8, application/*+xml;charset=UTF-8]
2025-10-10T09:30:51.917-05:00 DEBUG 14708 --- [wms-backend] [http-nio-8080-exec-5] o.s.w.s.m.m.a.HttpEntityMethodProcessor  : Writing [[{descripcion=CABLE HDMI JUMPER, codigo=ACC0000540, reacondicionados=13, nuevos=0, familia=CABLE}, { (truncated)...]
2025-10-10T09:30:51.919-05:00 DEBUG 14708 --- [wms-backend] [http-nio-8080-exec-5] o.s.web.servlet.DispatcherServlet        : Completed 200 OK
2025-10-10T09:30:51.953-05:00 DEBUG 14708 --- [wms-backend] [http-nio-8080-exec-1] o.s.web.servlet.DispatcherServlet        : GET "/client/accesorio/getPackedAccesoriesSerials?codigoSap=06010740002&tipoAccesorio=reacondicionado&palletId=674", parameters={masked}
2025-10-10T09:30:51.953-05:00 DEBUG 14708 --- [wms-backend] [http-nio-8080-exec-1] s.w.s.m.m.a.RequestMappingHandlerMapping : Mapped to com.woden.wms_backend.controllers.ClientesControllers.AccesorioController#getPackedAccesoriesSerials(String, String, Integer)
2025-10-10T09:30:51.954-05:00 DEBUG 14708 --- [wms-backend] [http-nio-8080-exec-7] o.s.web.servlet.DispatcherServlet        : GET "/client/accesorio/getPackedAccesoriesSerials?codigoSap=06010740002&tipoAccesorio=nuevo&palletId=674", parameters={masked}
2025-10-10T09:30:51.954-05:00 DEBUG 14708 --- [wms-backend] [http-nio-8080-exec-7] s.w.s.m.m.a.RequestMappingHandlerMapping : Mapped to com.woden.wms_backend.controllers.ClientesControllers.AccesorioController#getPackedAccesoriesSerials(String, String, Integer)
2025-10-10T09:30:51.954-05:00 DEBUG 14708 --- [wms-backend] [http-nio-8080-exec-10] o.s.web.servlet.DispatcherServlet        : GET "/client/accesorio/getPackedAccesoriesSerials?codigoSap=ACC0000540&tipoAccesorio=nuevo&palletId=674", parameters={masked}
2025-10-10T09:30:51.954-05:00 DEBUG 14708 --- [wms-backend] [http-nio-8080-exec-6] o.s.web.servlet.DispatcherServlet        : GET "/client/accesorio/getPackedAccesoriesSerials?codigoSap=ACC0000540&tipoAccesorio=reacondicionado&palletId=674", parameters={masked}
2025-10-10T09:30:51.954-05:00 DEBUG 14708 --- [wms-backend] [http-nio-8080-exec-9] o.s.web.servlet.DispatcherServlet        : GET "/client/accesorio/getPackedAccesoriesSerials?codigoSap=HME0004237&tipoAccesorio=reacondicionado&palletId=674", parameters={masked}
2025-10-10T09:30:51.954-05:00 DEBUG 14708 --- [wms-backend] [http-nio-8080-exec-10] s.w.s.m.m.a.RequestMappingHandlerMapping : Mapped to com.woden.wms_backend.controllers.ClientesControllers.AccesorioController#getPackedAccesoriesSerials(String, String, Integer)
2025-10-10T09:30:51.954-05:00 DEBUG 14708 --- [wms-backend] [http-nio-8080-exec-6] s.w.s.m.m.a.RequestMappingHandlerMapping : Mapped to com.woden.wms_backend.controllers.ClientesControllers.AccesorioController#getPackedAccesoriesSerials(String, String, Integer)
2025-10-10T09:30:51.954-05:00 DEBUG 14708 --- [wms-backend] [http-nio-8080-exec-9] s.w.s.m.m.a.RequestMappingHandlerMapping : Mapped to com.woden.wms_backend.controllers.ClientesControllers.AccesorioController#getPackedAccesoriesSerials(String, String, Integer)
2025-10-10T09:30:51.955-05:00 DEBUG 14708 --- [wms-backend] [http-nio-8080-exec-5] o.s.web.servlet.DispatcherServlet        : GET "/client/accesorio/getPackedAccesoriesSerials?codigoSap=HME0004237&tipoAccesorio=nuevo&palletId=674", parameters={masked}
2025-10-10T09:30:51.955-05:00 DEBUG 14708 --- [wms-backend] [http-nio-8080-exec-5] s.w.s.m.m.a.RequestMappingHandlerMapping : Mapped to com.woden.wms_backend.controllers.ClientesControllers.AccesorioController#getPackedAccesoriesSerials(String, String, Integer)
2025-10-10T09:30:52.065-05:00 DEBUG 14708 --- [wms-backend] [http-nio-8080-exec-7] o.s.w.s.m.m.a.HttpEntityMethodProcessor  : Using 'application/json', given [application/json, text/plain, */*] and supported [application/json, application/*+json, application/yaml, application/xml;charset=UTF-8, text/xml;charset=UTF-8, application/*+xml;charset=UTF-8]
2025-10-10T09:30:52.065-05:00 DEBUG 14708 --- [wms-backend] [http-nio-8080-exec-6] o.s.w.s.m.m.a.HttpEntityMethodProcessor  : Using 'application/json', given [application/json, text/plain, */*] and supported [application/json, application/*+json, application/yaml, application/xml;charset=UTF-8, text/xml;charset=UTF-8, application/*+xml;charset=UTF-8]
2025-10-10T09:30:52.065-05:00 DEBUG 14708 --- [wms-backend] [http-nio-8080-exec-7] o.s.w.s.m.m.a.HttpEntityMethodProcessor  : Writing [0]
2025-10-10T09:30:52.065-05:00 DEBUG 14708 --- [wms-backend] [http-nio-8080-exec-6] o.s.w.s.m.m.a.HttpEntityMethodProcessor  : Writing [0]
2025-10-10T09:30:52.066-05:00 DEBUG 14708 --- [wms-backend] [http-nio-8080-exec-7] o.s.web.servlet.DispatcherServlet        : Completed 200 OK
2025-10-10T09:30:52.066-05:00 DEBUG 14708 --- [wms-backend] [http-nio-8080-exec-6] o.s.web.servlet.DispatcherServlet        : Completed 200 OK
2025-10-10T09:30:52.077-05:00 DEBUG 14708 --- [wms-backend] [http-nio-8080-exec-2] o.s.web.servlet.DispatcherServlet        : GET "/client/accesorio/getPackedAccesoriesSerials?codigoSap=HME0004232&tipoAccesorio=reacondicionado&palletId=674", parameters={masked}
2025-10-10T09:30:52.077-05:00 DEBUG 14708 --- [wms-backend] [http-nio-8080-exec-2] s.w.s.m.m.a.RequestMappingHandlerMapping : Mapped to com.woden.wms_backend.controllers.ClientesControllers.AccesorioController#getPackedAccesoriesSerials(String, String, Integer)
2025-10-10T09:30:52.078-05:00 DEBUG 14708 --- [wms-backend] [http-nio-8080-exec-5] o.s.w.s.m.m.a.HttpEntityMethodProcessor  : Using 'application/json', given [application/json, text/plain, */*] and supported [application/json, application/*+json, application/yaml, application/xml;charset=UTF-8, text/xml;charset=UTF-8, application/*+xml;charset=UTF-8]
2025-10-10T09:30:52.079-05:00 DEBUG 14708 --- [wms-backend] [http-nio-8080-exec-5] o.s.w.s.m.m.a.HttpEntityMethodProcessor  : Writing [0]
2025-10-10T09:30:52.079-05:00 DEBUG 14708 --- [wms-backend] [http-nio-8080-exec-5] o.s.web.servlet.DispatcherServlet        : Completed 200 OK
2025-10-10T09:30:52.085-05:00 DEBUG 14708 --- [wms-backend] [http-nio-8080-exec-4] o.s.web.servlet.DispatcherServlet        : GET "/client/accesorio/getPackedAccesoriesSerials?codigoSap=HME0004232&tipoAccesorio=nuevo&palletId=674", parameters={masked}
2025-10-10T09:30:52.085-05:00 DEBUG 14708 --- [wms-backend] [http-nio-8080-exec-4] s.w.s.m.m.a.RequestMappingHandlerMapping : Mapped to com.woden.wms_backend.controllers.ClientesControllers.AccesorioController#getPackedAccesoriesSerials(String, String, Integer)
2025-10-10T09:30:52.187-05:00 DEBUG 14708 --- [wms-backend] [http-nio-8080-exec-9] o.s.w.s.m.m.a.HttpEntityMethodProcessor  : Using 'application/json', given [application/json, text/plain, */*] and supported [application/json, application/*+json, application/yaml, application/xml;charset=UTF-8, text/xml;charset=UTF-8, application/*+xml;charset=UTF-8]
2025-10-10T09:30:52.187-05:00 DEBUG 14708 --- [wms-backend] [http-nio-8080-exec-9] o.s.w.s.m.m.a.HttpEntityMethodProcessor  : Writing [3]
2025-10-10T09:30:52.189-05:00 DEBUG 14708 --- [wms-backend] [http-nio-8080-exec-1] o.s.w.s.m.m.a.HttpEntityMethodProcessor  : Using 'application/json', given [application/json, text/plain, */*] and supported [application/json, application/*+json, application/yaml, application/xml;charset=UTF-8, text/xml;charset=UTF-8, application/*+xml;charset=UTF-8]
2025-10-10T09:30:52.189-05:00 DEBUG 14708 --- [wms-backend] [http-nio-8080-exec-1] o.s.w.s.m.m.a.HttpEntityMethodProcessor  : Writing [0]
2025-10-10T09:30:52.190-05:00 DEBUG 14708 --- [wms-backend] [http-nio-8080-exec-9] o.s.web.servlet.DispatcherServlet        : Completed 200 OK
2025-10-10T09:30:52.190-05:00 DEBUG 14708 --- [wms-backend] [http-nio-8080-exec-1] o.s.web.servlet.DispatcherServlet        : Completed 200 OK
2025-10-10T09:30:52.192-05:00 DEBUG 14708 --- [wms-backend] [http-nio-8080-exec-10] o.s.w.s.m.m.a.HttpEntityMethodProcessor  : Using 'application/json', given [application/json, text/plain, */*] and supported [application/json, application/*+json, application/yaml, application/xml;charset=UTF-8, text/xml;charset=UTF-8, application/*+xml;charset=UTF-8]
2025-10-10T09:30:52.192-05:00 DEBUG 14708 --- [wms-backend] [http-nio-8080-exec-10] o.s.w.s.m.m.a.HttpEntityMethodProcessor  : Writing [0]
2025-10-10T09:30:52.194-05:00 DEBUG 14708 --- [wms-backend] [http-nio-8080-exec-10] o.s.web.servlet.DispatcherServlet        : Completed 200 OK
2025-10-10T09:30:52.196-05:00 DEBUG 14708 --- [wms-backend] [http-nio-8080-exec-2] o.s.w.s.m.m.a.HttpEntityMethodProcessor  : Using 'application/json', given [application/json, text/plain, */*] and supported [application/json, application/*+json, application/yaml, application/xml;charset=UTF-8, text/xml;charset=UTF-8, application/*+xml;charset=UTF-8]
2025-10-10T09:30:52.196-05:00 DEBUG 14708 --- [wms-backend] [http-nio-8080-exec-2] o.s.w.s.m.m.a.HttpEntityMethodProcessor  : Writing [0]
2025-10-10T09:30:52.197-05:00 DEBUG 14708 --- [wms-backend] [http-nio-8080-exec-2] o.s.web.servlet.DispatcherServlet        : Completed 200 OK
2025-10-10T09:30:52.205-05:00 DEBUG 14708 --- [wms-backend] [http-nio-8080-exec-4] o.s.w.s.m.m.a.HttpEntityMethodProcessor  : Using 'application/json', given [application/json, text/plain, */*] and supported [application/json, application/*+json, application/yaml, application/xml;charset=UTF-8, text/xml;charset=UTF-8, application/*+xml;charset=UTF-8]
2025-10-10T09:30:52.206-05:00 DEBUG 14708 --- [wms-backend] [http-nio-8080-exec-4] o.s.w.s.m.m.a.HttpEntityMethodProcessor  : Writing [0]
2025-10-10T09:30:52.207-05:00 DEBUG 14708 --- [wms-backend] [http-nio-8080-exec-4] o.s.web.servlet.DispatcherServlet        : Completed 200 OK
2025-10-10T09:30:58.726-05:00 DEBUG 14708 --- [wms-backend] [http-nio-8080-exec-8] o.s.web.servlet.DispatcherServlet        : GET "/general/version", parameters={}
2025-10-10T09:30:58.727-05:00 DEBUG 14708 --- [wms-backend] [http-nio-8080-exec-8] s.w.s.m.m.a.RequestMappingHandlerMapping : Mapped to com.woden.wms_backend.controllers.WmsWdGeneral.VersionController#getVersion()
2025-10-10T09:30:58.727-05:00 DEBUG 14708 --- [wms-backend] [http-nio-8080-exec-8] o.s.w.s.m.m.a.HttpEntityMethodProcessor  : Using 'application/json', given [application/json, text/plain, */*] and supported [text/plain, */*, application/json, application/*+json, application/yaml, application/xml;charset=UTF-8, text/xml;charset=UTF-8, application/*+xml;charset=UTF-8]
2025-10-10T09:30:58.727-05:00 DEBUG 14708 --- [wms-backend] [http-nio-8080-exec-8] o.s.w.s.m.m.a.HttpEntityMethodProcessor  : Writing ["1.0.1.48"]
2025-10-10T09:30:58.727-05:00 DEBUG 14708 --- [wms-backend] [http-nio-8080-exec-8] o.s.web.servlet.DispatcherServlet        : Completed 200 OK
2025-10-10T09:31:08.692-05:00 DEBUG 14708 --- [wms-backend] [http-nio-8080-exec-3] o.s.web.servlet.DispatcherServlet        : GET "/general/version", parameters={}
2025-10-10T09:31:08.692-05:00 DEBUG 14708 --- [wms-backend] [http-nio-8080-exec-3] s.w.s.m.m.a.RequestMappingHandlerMapping : Mapped to com.woden.wms_backend.controllers.WmsWdGeneral.VersionController#getVersion()
2025-10-10T09:31:08.692-05:00 DEBUG 14708 --- [wms-backend] [http-nio-8080-exec-3] o.s.w.s.m.m.a.HttpEntityMethodProcessor  : Using 'application/json', given [application/json, text/plain, */*] and supported [text/plain, */*, application/json, application/*+json, application/yaml, application/xml;charset=UTF-8, text/xml;charset=UTF-8, application/*+xml;charset=UTF-8]
2025-10-10T09:31:08.694-05:00 DEBUG 14708 --- [wms-backend] [http-nio-8080-exec-3] o.s.w.s.m.m.a.HttpEntityMethodProcessor  : Writing ["1.0.1.48"]
2025-10-10T09:31:08.694-05:00 DEBUG 14708 --- [wms-backend] [http-nio-8080-exec-3] o.s.web.servlet.DispatcherServlet        : Completed 200 OK
2025-10-10T09:31:18.688-05:00 DEBUG 14708 --- [wms-backend] [http-nio-8080-exec-7] o.s.web.servlet.DispatcherServlet        : GET "/general/version", parameters={}
2025-10-10T09:31:18.688-05:00 DEBUG 14708 --- [wms-backend] [http-nio-8080-exec-7] s.w.s.m.m.a.RequestMappingHandlerMapping : Mapped to com.woden.wms_backend.controllers.WmsWdGeneral.VersionController#getVersion()
2025-10-10T09:31:18.689-05:00 DEBUG 14708 --- [wms-backend] [http-nio-8080-exec-7] o.s.w.s.m.m.a.HttpEntityMethodProcessor  : Using 'application/json', given [application/json, text/plain, */*] and supported [text/plain, */*, application/json, application/*+json, application/yaml, application/xml;charset=UTF-8, text/xml;charset=UTF-8, application/*+xml;charset=UTF-8]
2025-10-10T09:31:18.689-05:00 DEBUG 14708 --- [wms-backend] [http-nio-8080-exec-7] o.s.w.s.m.m.a.HttpEntityMethodProcessor  : Writing ["1.0.1.48"]
2025-10-10T09:31:18.689-05:00 DEBUG 14708 --- [wms-backend] [http-nio-8080-exec-7] o.s.web.servlet.DispatcherServlet        : Completed 200 OK
2025-10-10T09:31:28.701-05:00 DEBUG 14708 --- [wms-backend] [http-nio-8080-exec-6] o.s.web.servlet.DispatcherServlet        : GET "/general/version", parameters={}
2025-10-10T09:31:28.751-05:00 DEBUG 14708 --- [wms-backend] [http-nio-8080-exec-6] s.w.s.m.m.a.RequestMappingHandlerMapping : Mapped to com.woden.wms_backend.controllers.WmsWdGeneral.VersionController#getVersion()
2025-10-10T09:31:28.751-05:00 DEBUG 14708 --- [wms-backend] [http-nio-8080-exec-6] o.s.w.s.m.m.a.HttpEntityMethodProcessor  : Using 'application/json', given [application/json, text/plain, */*] and supported [text/plain, */*, application/json, application/*+json, application/yaml, application/xml;charset=UTF-8, text/xml;charset=UTF-8, application/*+xml;charset=UTF-8]
2025-10-10T09:31:28.751-05:00 DEBUG 14708 --- [wms-backend] [http-nio-8080-exec-6] o.s.w.s.m.m.a.HttpEntityMethodProcessor  : Writing ["1.0.1.48"]
2025-10-10T09:31:28.752-05:00 DEBUG 14708 --- [wms-backend] [http-nio-8080-exec-6] o.s.web.servlet.DispatcherServlet        : Completed 200 OK
2025-10-10T09:31:38.689-05:00 DEBUG 14708 --- [wms-backend] [http-nio-8080-exec-5] o.s.web.servlet.DispatcherServlet        : GET "/general/version", parameters={}
2025-10-10T09:31:38.689-05:00 DEBUG 14708 --- [wms-backend] [http-nio-8080-exec-5] s.w.s.m.m.a.RequestMappingHandlerMapping : Mapped to com.woden.wms_backend.controllers.WmsWdGeneral.VersionController#getVersion()
2025-10-10T09:31:38.690-05:00 DEBUG 14708 --- [wms-backend] [http-nio-8080-exec-5] o.s.w.s.m.m.a.HttpEntityMethodProcessor  : Using 'application/json', given [application/json, text/plain, */*] and supported [text/plain, */*, application/json, application/*+json, application/yaml, application/xml;charset=UTF-8, text/xml;charset=UTF-8, application/*+xml;charset=UTF-8]
2025-10-10T09:31:38.690-05:00 DEBUG 14708 --- [wms-backend] [http-nio-8080-exec-5] o.s.w.s.m.m.a.HttpEntityMethodProcessor  : Writing ["1.0.1.48"]
2025-10-10T09:31:38.731-05:00 DEBUG 14708 --- [wms-backend] [http-nio-8080-exec-5] o.s.web.servlet.DispatcherServlet        : Completed 200 OK
2025-10-10T09:31:48.693-05:00 DEBUG 14708 --- [wms-backend] [http-nio-8080-exec-1] o.s.web.servlet.DispatcherServlet        : GET "/general/version", parameters={}
2025-10-10T09:31:48.694-05:00 DEBUG 14708 --- [wms-backend] [http-nio-8080-exec-1] s.w.s.m.m.a.RequestMappingHandlerMapping : Mapped to com.woden.wms_backend.controllers.WmsWdGeneral.VersionController#getVersion()
2025-10-10T09:31:48.695-05:00 DEBUG 14708 --- [wms-backend] [http-nio-8080-exec-1] o.s.w.s.m.m.a.HttpEntityMethodProcessor  : Using 'application/json', given [application/json, text/plain, */*] and supported [text/plain, */*, application/json, application/*+json, application/yaml, application/xml;charset=UTF-8, text/xml;charset=UTF-8, application/*+xml;charset=UTF-8]
2025-10-10T09:31:48.695-05:00 DEBUG 14708 --- [wms-backend] [http-nio-8080-exec-1] o.s.w.s.m.m.a.HttpEntityMethodProcessor  : Writing ["1.0.1.48"]
2025-10-10T09:31:48.698-05:00 DEBUG 14708 --- [wms-backend] [http-nio-8080-exec-1] o.s.web.servlet.DispatcherServlet        : Completed 200 OK
2025-10-10T09:31:51.152-05:00 DEBUG 14708 --- [wms-backend] [http-nio-8080-exec-2] o.s.web.servlet.DispatcherServlet        : GET "/client/cajaEmpaque/searchPalletBoxEntry?estado=EMPAQUE&palletId=674&cajaEmpaqueId=0", parameters={masked}
2025-10-10T09:31:51.152-05:00 DEBUG 14708 --- [wms-backend] [http-nio-8080-exec-2] s.w.s.m.m.a.RequestMappingHandlerMapping : Mapped to com.woden.wms_backend.controllers.ClientesControllers.CajaEmpaqueController#SearchPalletBoxEntry(String, Integer, Integer)
2025-10-10T09:31:51.157-05:00 DEBUG 14708 --- [wms-backend] [http-nio-8080-exec-4] o.s.web.servlet.DispatcherServlet        : GET "/client/pallets/getModel/674", parameters={}
2025-10-10T09:31:51.157-05:00 DEBUG 14708 --- [wms-backend] [http-nio-8080-exec-4] s.w.s.m.m.a.RequestMappingHandlerMapping : Mapped to com.woden.wms_backend.controllers.ClientesControllers.PalletController#getPalletById(int)
2025-10-10T09:31:51.369-05:00 DEBUG 14708 --- [wms-backend] [http-nio-8080-exec-2] o.s.w.s.m.m.a.HttpEntityMethodProcessor  : Using 'application/json', given [application/json, text/plain, */*] and supported [application/json, application/*+json, application/yaml, application/xml;charset=UTF-8, text/xml;charset=UTF-8, application/*+xml;charset=UTF-8]
2025-10-10T09:31:51.369-05:00 DEBUG 14708 --- [wms-backend] [http-nio-8080-exec-2] o.s.w.s.m.m.a.HttpEntityMethodProcessor  : Writing [[]]
2025-10-10T09:31:51.371-05:00 DEBUG 14708 --- [wms-backend] [http-nio-8080-exec-2] o.s.web.servlet.DispatcherServlet        : Completed 200 OK
2025-10-10T09:31:51.390-05:00 DEBUG 14708 --- [wms-backend] [http-nio-8080-exec-4] o.s.w.s.m.m.a.HttpEntityMethodProcessor  : Using 'application/json', given [application/json, text/plain, */*] and supported [application/json, application/*+json, application/yaml, application/xml;charset=UTF-8, text/xml;charset=UTF-8, application/*+xml;charset=UTF-8]
2025-10-10T09:31:51.405-05:00 DEBUG 14708 --- [wms-backend] [http-nio-8080-exec-4] o.s.w.s.m.m.a.HttpEntityMethodProcessor  : Writing [PalletModel(id=674, numero=250909163635, posicionId=null, posicion=null, codigoSapId=20, codigoSap=M (truncated)...]
2025-10-10T09:31:51.410-05:00 DEBUG 14708 --- [wms-backend] [http-nio-8080-exec-4] o.s.web.servlet.DispatcherServlet        : Completed 200 OK
2025-10-10T09:31:51.428-05:00 DEBUG 14708 --- [wms-backend] [http-nio-8080-exec-3] o.s.web.servlet.DispatcherServlet        : GET "/client/cajaEmpaque/SearchPackingBoxesProcess?palletId=674", parameters={masked}
2025-10-10T09:31:51.428-05:00 DEBUG 14708 --- [wms-backend] [http-nio-8080-exec-3] s.w.s.m.m.a.RequestMappingHandlerMapping : Mapped to com.woden.wms_backend.controllers.ClientesControllers.CajaEmpaqueController#SearchPacking(Integer)
2025-10-10T09:31:51.544-05:00 DEBUG 14708 --- [wms-backend] [http-nio-8080-exec-3] o.s.w.s.m.m.a.HttpEntityMethodProcessor  : Using 'application/json', given [application/json, text/plain, */*] and supported [application/json, application/*+json, application/yaml, application/xml;charset=UTF-8, text/xml;charset=UTF-8, application/*+xml;charset=UTF-8]
2025-10-10T09:31:51.545-05:00 DEBUG 14708 --- [wms-backend] [http-nio-8080-exec-3] o.s.w.s.m.m.a.HttpEntityMethodProcessor  : Writing [[CajaEmpaqueDTO(id=661, numero=1, pallet=null, cantidad=null, Seriales=3, Estado=null)]]
2025-10-10T09:31:51.546-05:00 DEBUG 14708 --- [wms-backend] [http-nio-8080-exec-3] o.s.web.servlet.DispatcherServlet        : Completed 200 OK
2025-10-10T09:31:58.701-05:00 DEBUG 14708 --- [wms-backend] [http-nio-8080-exec-10] o.s.web.servlet.DispatcherServlet        : GET "/general/version", parameters={}
2025-10-10T09:31:58.702-05:00 DEBUG 14708 --- [wms-backend] [http-nio-8080-exec-10] s.w.s.m.m.a.RequestMappingHandlerMapping : Mapped to com.woden.wms_backend.controllers.WmsWdGeneral.VersionController#getVersion()
2025-10-10T09:31:58.702-05:00 DEBUG 14708 --- [wms-backend] [http-nio-8080-exec-10] o.s.w.s.m.m.a.HttpEntityMethodProcessor  : Using 'application/json', given [application/json, text/plain, */*] and supported [text/plain, */*, application/json, application/*+json, application/yaml, application/xml;charset=UTF-8, text/xml;charset=UTF-8, application/*+xml;charset=UTF-8]
2025-10-10T09:31:58.702-05:00 DEBUG 14708 --- [wms-backend] [http-nio-8080-exec-10] o.s.w.s.m.m.a.HttpEntityMethodProcessor  : Writing ["1.0.1.48"]
2025-10-10T09:31:58.704-05:00 DEBUG 14708 --- [wms-backend] [http-nio-8080-exec-10] o.s.web.servlet.DispatcherServlet        : Completed 200 OK
2025-10-10T09:32:08.689-05:00 DEBUG 14708 --- [wms-backend] [http-nio-8080-exec-9] o.s.web.servlet.DispatcherServlet        : GET "/general/version", parameters={}
2025-10-10T09:32:08.689-05:00 DEBUG 14708 --- [wms-backend] [http-nio-8080-exec-9] s.w.s.m.m.a.RequestMappingHandlerMapping : Mapped to com.woden.wms_backend.controllers.WmsWdGeneral.VersionController#getVersion()
2025-10-10T09:32:08.690-05:00 DEBUG 14708 --- [wms-backend] [http-nio-8080-exec-9] o.s.w.s.m.m.a.HttpEntityMethodProcessor  : Using 'application/json', given [application/json, text/plain, */*] and supported [text/plain, */*, application/json, application/*+json, application/yaml, application/xml;charset=UTF-8, text/xml;charset=UTF-8, application/*+xml;charset=UTF-8]
2025-10-10T09:32:08.690-05:00 DEBUG 14708 --- [wms-backend] [http-nio-8080-exec-9] o.s.w.s.m.m.a.HttpEntityMethodProcessor  : Writing ["1.0.1.48"]
2025-10-10T09:32:08.690-05:00 DEBUG 14708 --- [wms-backend] [http-nio-8080-exec-9] o.s.web.servlet.DispatcherServlet        : Completed 200 OK
2025-10-10T09:32:18.704-05:00 DEBUG 14708 --- [wms-backend] [http-nio-8080-exec-2] o.s.web.servlet.DispatcherServlet        : GET "/general/version", parameters={}
2025-10-10T09:32:18.704-05:00 DEBUG 14708 --- [wms-backend] [http-nio-8080-exec-2] s.w.s.m.m.a.RequestMappingHandlerMapping : Mapped to com.woden.wms_backend.controllers.WmsWdGeneral.VersionController#getVersion()
2025-10-10T09:32:18.705-05:00 DEBUG 14708 --- [wms-backend] [http-nio-8080-exec-2] o.s.w.s.m.m.a.HttpEntityMethodProcessor  : Using 'application/json', given [application/json, text/plain, */*] and supported [text/plain, */*, application/json, application/*+json, application/yaml, application/xml;charset=UTF-8, text/xml;charset=UTF-8, application/*+xml;charset=UTF-8]
2025-10-10T09:32:18.705-05:00 DEBUG 14708 --- [wms-backend] [http-nio-8080-exec-2] o.s.w.s.m.m.a.HttpEntityMethodProcessor  : Writing ["1.0.1.48"]
2025-10-10T09:32:18.705-05:00 DEBUG 14708 --- [wms-backend] [http-nio-8080-exec-2] o.s.web.servlet.DispatcherServlet        : Completed 200 OK
2025-10-10T09:32:28.694-05:00 DEBUG 14708 --- [wms-backend] [http-nio-8080-exec-4] o.s.web.servlet.DispatcherServlet        : GET "/general/version", parameters={}
2025-10-10T09:32:28.695-05:00 DEBUG 14708 --- [wms-backend] [http-nio-8080-exec-4] s.w.s.m.m.a.RequestMappingHandlerMapping : Mapped to com.woden.wms_backend.controllers.WmsWdGeneral.VersionController#getVersion()
2025-10-10T09:32:28.695-05:00 DEBUG 14708 --- [wms-backend] [http-nio-8080-exec-4] o.s.w.s.m.m.a.HttpEntityMethodProcessor  : Using 'application/json', given [application/json, text/plain, */*] and supported [text/plain, */*, application/json, application/*+json, application/yaml, application/xml;charset=UTF-8, text/xml;charset=UTF-8, application/*+xml;charset=UTF-8]
2025-10-10T09:32:28.695-05:00 DEBUG 14708 --- [wms-backend] [http-nio-8080-exec-4] o.s.w.s.m.m.a.HttpEntityMethodProcessor  : Writing ["1.0.1.48"]
2025-10-10T09:32:28.695-05:00 DEBUG 14708 --- [wms-backend] [http-nio-8080-exec-4] o.s.web.servlet.DispatcherServlet        : Completed 200 OK
2025-10-10T09:32:38.749-05:00 DEBUG 14708 --- [wms-backend] [http-nio-8080-exec-8] o.s.web.servlet.DispatcherServlet        : GET "/general/version", parameters={}
2025-10-10T09:32:38.750-05:00 DEBUG 14708 --- [wms-backend] [http-nio-8080-exec-8] s.w.s.m.m.a.RequestMappingHandlerMapping : Mapped to com.woden.wms_backend.controllers.WmsWdGeneral.VersionController#getVersion()
2025-10-10T09:32:38.750-05:00 DEBUG 14708 --- [wms-backend] [http-nio-8080-exec-8] o.s.w.s.m.m.a.HttpEntityMethodProcessor  : Using 'application/json', given [application/json, text/plain, */*] and supported [text/plain, */*, application/json, application/*+json, application/yaml, application/xml;charset=UTF-8, text/xml;charset=UTF-8, application/*+xml;charset=UTF-8]
2025-10-10T09:32:38.751-05:00 DEBUG 14708 --- [wms-backend] [http-nio-8080-exec-8] o.s.w.s.m.m.a.HttpEntityMethodProcessor  : Writing ["1.0.1.48"]
2025-10-10T09:32:38.752-05:00 DEBUG 14708 --- [wms-backend] [http-nio-8080-exec-8] o.s.web.servlet.DispatcherServlet        : Completed 200 OK
2025-10-10T09:32:48.697-05:00 DEBUG 14708 --- [wms-backend] [http-nio-8080-exec-3] o.s.web.servlet.DispatcherServlet        : GET "/general/version", parameters={}
2025-10-10T09:32:48.697-05:00 DEBUG 14708 --- [wms-backend] [http-nio-8080-exec-3] s.w.s.m.m.a.RequestMappingHandlerMapping : Mapped to com.woden.wms_backend.controllers.WmsWdGeneral.VersionController#getVersion()
2025-10-10T09:32:48.699-05:00 DEBUG 14708 --- [wms-backend] [http-nio-8080-exec-3] o.s.w.s.m.m.a.HttpEntityMethodProcessor  : Using 'application/json', given [application/json, text/plain, */*] and supported [text/plain, */*, application/json, application/*+json, application/yaml, application/xml;charset=UTF-8, text/xml;charset=UTF-8, application/*+xml;charset=UTF-8]
2025-10-10T09:32:48.699-05:00 DEBUG 14708 --- [wms-backend] [http-nio-8080-exec-3] o.s.w.s.m.m.a.HttpEntityMethodProcessor  : Writing ["1.0.1.48"]
2025-10-10T09:32:48.700-05:00 DEBUG 14708 --- [wms-backend] [http-nio-8080-exec-3] o.s.web.servlet.DispatcherServlet        : Completed 200 OK
2025-10-10T09:32:58.699-05:00 DEBUG 14708 --- [wms-backend] [http-nio-8080-exec-6] o.s.web.servlet.DispatcherServlet        : GET "/general/version", parameters={}
2025-10-10T09:32:58.699-05:00 DEBUG 14708 --- [wms-backend] [http-nio-8080-exec-6] s.w.s.m.m.a.RequestMappingHandlerMapping : Mapped to com.woden.wms_backend.controllers.WmsWdGeneral.VersionController#getVersion()
2025-10-10T09:32:58.699-05:00 DEBUG 14708 --- [wms-backend] [http-nio-8080-exec-6] o.s.w.s.m.m.a.HttpEntityMethodProcessor  : Using 'application/json', given [application/json, text/plain, */*] and supported [text/plain, */*, application/json, application/*+json, application/yaml, application/xml;charset=UTF-8, text/xml;charset=UTF-8, application/*+xml;charset=UTF-8]
2025-10-10T09:32:58.699-05:00 DEBUG 14708 --- [wms-backend] [http-nio-8080-exec-6] o.s.w.s.m.m.a.HttpEntityMethodProcessor  : Writing ["1.0.1.48"]
2025-10-10T09:32:58.700-05:00 DEBUG 14708 --- [wms-backend] [http-nio-8080-exec-6] o.s.web.servlet.DispatcherServlet        : Completed 200 OK
2025-10-10T09:33:08.699-05:00 DEBUG 14708 --- [wms-backend] [http-nio-8080-exec-5] o.s.web.servlet.DispatcherServlet        : GET "/general/version", parameters={}
2025-10-10T09:33:08.699-05:00 DEBUG 14708 --- [wms-backend] [http-nio-8080-exec-5] s.w.s.m.m.a.RequestMappingHandlerMapping : Mapped to com.woden.wms_backend.controllers.WmsWdGeneral.VersionController#getVersion()
2025-10-10T09:33:08.728-05:00 DEBUG 14708 --- [wms-backend] [http-nio-8080-exec-5] o.s.w.s.m.m.a.HttpEntityMethodProcessor  : Using 'application/json', given [application/json, text/plain, */*] and supported [text/plain, */*, application/json, application/*+json, application/yaml, application/xml;charset=UTF-8, text/xml;charset=UTF-8, application/*+xml;charset=UTF-8]
2025-10-10T09:33:08.728-05:00 DEBUG 14708 --- [wms-backend] [http-nio-8080-exec-5] o.s.w.s.m.m.a.HttpEntityMethodProcessor  : Writing ["1.0.1.48"]
2025-10-10T09:33:08.729-05:00 DEBUG 14708 --- [wms-backend] [http-nio-8080-exec-5] o.s.web.servlet.DispatcherServlet        : Completed 200 OK
2025-10-10T09:33:18.697-05:00 DEBUG 14708 --- [wms-backend] [http-nio-8080-exec-1] o.s.web.servlet.DispatcherServlet        : GET "/general/version", parameters={}
2025-10-10T09:33:18.698-05:00 DEBUG 14708 --- [wms-backend] [http-nio-8080-exec-1] s.w.s.m.m.a.RequestMappingHandlerMapping : Mapped to com.woden.wms_backend.controllers.WmsWdGeneral.VersionController#getVersion()
2025-10-10T09:33:18.699-05:00 DEBUG 14708 --- [wms-backend] [http-nio-8080-exec-1] o.s.w.s.m.m.a.HttpEntityMethodProcessor  : Using 'application/json', given [application/json, text/plain, */*] and supported [text/plain, */*, application/json, application/*+json, application/yaml, application/xml;charset=UTF-8, text/xml;charset=UTF-8, application/*+xml;charset=UTF-8]
2025-10-10T09:33:18.699-05:00 DEBUG 14708 --- [wms-backend] [http-nio-8080-exec-1] o.s.w.s.m.m.a.HttpEntityMethodProcessor  : Writing ["1.0.1.48"]
2025-10-10T09:33:18.796-05:00 DEBUG 14708 --- [wms-backend] [http-nio-8080-exec-1] o.s.web.servlet.DispatcherServlet        : Completed 200 OK
2025-10-10T09:33:28.709-05:00 DEBUG 14708 --- [wms-backend] [http-nio-8080-exec-10] o.s.web.servlet.DispatcherServlet        : GET "/general/version", parameters={}
2025-10-10T09:33:28.709-05:00 DEBUG 14708 --- [wms-backend] [http-nio-8080-exec-10] s.w.s.m.m.a.RequestMappingHandlerMapping : Mapped to com.woden.wms_backend.controllers.WmsWdGeneral.VersionController#getVersion()
2025-10-10T09:33:28.711-05:00 DEBUG 14708 --- [wms-backend] [http-nio-8080-exec-10] o.s.w.s.m.m.a.HttpEntityMethodProcessor  : Using 'application/json', given [application/json, text/plain, */*] and supported [text/plain, */*, application/json, application/*+json, application/yaml, application/xml;charset=UTF-8, text/xml;charset=UTF-8, application/*+xml;charset=UTF-8]
2025-10-10T09:33:28.711-05:00 DEBUG 14708 --- [wms-backend] [http-nio-8080-exec-10] o.s.w.s.m.m.a.HttpEntityMethodProcessor  : Writing ["1.0.1.48"]
2025-10-10T09:33:28.712-05:00 DEBUG 14708 --- [wms-backend] [http-nio-8080-exec-10] o.s.web.servlet.DispatcherServlet        : Completed 200 OK
2025-10-10T09:33:38.700-05:00 DEBUG 14708 --- [wms-backend] [http-nio-8080-exec-9] o.s.web.servlet.DispatcherServlet        : GET "/general/version", parameters={}
2025-10-10T09:33:38.700-05:00 DEBUG 14708 --- [wms-backend] [http-nio-8080-exec-9] s.w.s.m.m.a.RequestMappingHandlerMapping : Mapped to com.woden.wms_backend.controllers.WmsWdGeneral.VersionController#getVersion()
2025-10-10T09:33:38.746-05:00 DEBUG 14708 --- [wms-backend] [http-nio-8080-exec-9] o.s.w.s.m.m.a.HttpEntityMethodProcessor  : Using 'application/json', given [application/json, text/plain, */*] and supported [text/plain, */*, application/json, application/*+json, application/yaml, application/xml;charset=UTF-8, text/xml;charset=UTF-8, application/*+xml;charset=UTF-8]
2025-10-10T09:33:38.746-05:00 DEBUG 14708 --- [wms-backend] [http-nio-8080-exec-9] o.s.w.s.m.m.a.HttpEntityMethodProcessor  : Writing ["1.0.1.48"]
2025-10-10T09:33:38.747-05:00 DEBUG 14708 --- [wms-backend] [http-nio-8080-exec-9] o.s.web.servlet.DispatcherServlet        : Completed 200 OK
2025-10-10T09:33:48.700-05:00 DEBUG 14708 --- [wms-backend] [http-nio-8080-exec-2] o.s.web.servlet.DispatcherServlet        : GET "/general/version", parameters={}
2025-10-10T09:33:48.700-05:00 DEBUG 14708 --- [wms-backend] [http-nio-8080-exec-2] s.w.s.m.m.a.RequestMappingHandlerMapping : Mapped to com.woden.wms_backend.controllers.WmsWdGeneral.VersionController#getVersion()
2025-10-10T09:33:48.701-05:00 DEBUG 14708 --- [wms-backend] [http-nio-8080-exec-2] o.s.w.s.m.m.a.HttpEntityMethodProcessor  : Using 'application/json', given [application/json, text/plain, */*] and supported [text/plain, */*, application/json, application/*+json, application/yaml, application/xml;charset=UTF-8, text/xml;charset=UTF-8, application/*+xml;charset=UTF-8]
2025-10-10T09:33:48.701-05:00 DEBUG 14708 --- [wms-backend] [http-nio-8080-exec-2] o.s.w.s.m.m.a.HttpEntityMethodProcessor  : Writing ["1.0.1.48"]
2025-10-10T09:33:48.701-05:00 DEBUG 14708 --- [wms-backend] [http-nio-8080-exec-2] o.s.web.servlet.DispatcherServlet        : Completed 200 OK
2025-10-10T09:33:57.645-05:00 DEBUG 14708 --- [wms-backend] [http-nio-8080-exec-8] o.s.web.servlet.DispatcherServlet        : GET "/client/pallets/getModel/674", parameters={}
2025-10-10T09:33:57.646-05:00 DEBUG 14708 --- [wms-backend] [http-nio-8080-exec-8] s.w.s.m.m.a.RequestMappingHandlerMapping : Mapped to com.woden.wms_backend.controllers.ClientesControllers.PalletController#getPalletById(int)
2025-10-10T09:33:57.868-05:00 DEBUG 14708 --- [wms-backend] [http-nio-8080-exec-8] o.s.w.s.m.m.a.HttpEntityMethodProcessor  : Using 'application/json', given [application/json, text/plain, */*] and supported [application/json, application/*+json, application/yaml, application/xml;charset=UTF-8, text/xml;charset=UTF-8, application/*+xml;charset=UTF-8]
2025-10-10T09:33:57.868-05:00 DEBUG 14708 --- [wms-backend] [http-nio-8080-exec-8] o.s.w.s.m.m.a.HttpEntityMethodProcessor  : Writing [PalletModel(id=674, numero=250909163635, posicionId=null, posicion=null, codigoSapId=20, codigoSap=M (truncated)...]
2025-10-10T09:33:57.868-05:00 DEBUG 14708 --- [wms-backend] [http-nio-8080-exec-8] o.s.web.servlet.DispatcherServlet        : Completed 200 OK
2025-10-10T09:33:57.887-05:00 DEBUG 14708 --- [wms-backend] [http-nio-8080-exec-7] o.s.web.servlet.DispatcherServlet        : GET "/client/cajaEmpaque/SearchPackingBoxesProcess?palletId=674", parameters={masked}
2025-10-10T09:33:57.888-05:00 DEBUG 14708 --- [wms-backend] [http-nio-8080-exec-7] s.w.s.m.m.a.RequestMappingHandlerMapping : Mapped to com.woden.wms_backend.controllers.ClientesControllers.CajaEmpaqueController#SearchPacking(Integer)
2025-10-10T09:33:58.103-05:00 DEBUG 14708 --- [wms-backend] [http-nio-8080-exec-7] o.s.w.s.m.m.a.HttpEntityMethodProcessor  : Using 'application/json', given [application/json, text/plain, */*] and supported [application/json, application/*+json, application/yaml, application/xml;charset=UTF-8, text/xml;charset=UTF-8, application/*+xml;charset=UTF-8]
2025-10-10T09:33:58.103-05:00 DEBUG 14708 --- [wms-backend] [http-nio-8080-exec-7] o.s.w.s.m.m.a.HttpEntityMethodProcessor  : Writing [[CajaEmpaqueDTO(id=661, numero=1, pallet=null, cantidad=null, Seriales=3, Estado=null)]]
2025-10-10T09:33:58.105-05:00 DEBUG 14708 --- [wms-backend] [http-nio-8080-exec-7] o.s.web.servlet.DispatcherServlet        : Completed 200 OK
2025-10-10T09:33:58.708-05:00 DEBUG 14708 --- [wms-backend] [http-nio-8080-exec-6] o.s.web.servlet.DispatcherServlet        : GET "/general/version", parameters={}
2025-10-10T09:33:58.708-05:00 DEBUG 14708 --- [wms-backend] [http-nio-8080-exec-6] s.w.s.m.m.a.RequestMappingHandlerMapping : Mapped to com.woden.wms_backend.controllers.WmsWdGeneral.VersionController#getVersion()
2025-10-10T09:33:58.709-05:00 DEBUG 14708 --- [wms-backend] [http-nio-8080-exec-6] o.s.w.s.m.m.a.HttpEntityMethodProcessor  : Using 'application/json', given [application/json, text/plain, */*] and supported [text/plain, */*, application/json, application/*+json, application/yaml, application/xml;charset=UTF-8, text/xml;charset=UTF-8, application/*+xml;charset=UTF-8]
2025-10-10T09:33:58.709-05:00 DEBUG 14708 --- [wms-backend] [http-nio-8080-exec-6] o.s.w.s.m.m.a.HttpEntityMethodProcessor  : Writing ["1.0.1.48"]
2025-10-10T09:33:58.709-05:00 DEBUG 14708 --- [wms-backend] [http-nio-8080-exec-6] o.s.web.servlet.DispatcherServlet        : Completed 200 OK
2025-10-10T09:34:00.659-05:00 DEBUG 14708 --- [wms-backend] [http-nio-8080-exec-10] o.s.web.servlet.DispatcherServlet        : POST "/client/ingresos/sendEntry", parameters={}
2025-10-10T09:34:00.660-05:00 DEBUG 14708 --- [wms-backend] [http-nio-8080-exec-10] s.w.s.m.m.a.RequestMappingHandlerMapping : Mapped to com.woden.wms_backend.controllers.ClientesControllers.IngresoController#sendEntry(SendIngresoDTO)
2025-10-10T09:34:00.661-05:00 DEBUG 14708 --- [wms-backend] [http-nio-8080-exec-9] o.s.web.servlet.DispatcherServlet        : POST "/client/pallets/sendPallet", parameters={}
2025-10-10T09:34:00.661-05:00 DEBUG 14708 --- [wms-backend] [http-nio-8080-exec-9] s.w.s.m.m.a.RequestMappingHandlerMapping : Mapped to com.woden.wms_backend.controllers.ClientesControllers.PalletController#sendPallet(SendPalletDTO)
2025-10-10T09:34:00.812-05:00 DEBUG 14708 --- [wms-backend] [http-nio-8080-exec-10] m.m.a.RequestResponseBodyMethodProcessor : Read "application/json;charset=UTF-8" to [SendIngresoDTO(palletId=674, estadoId=39, tipologiaId=99, opcion=0, usuarioId=5321)]
2025-10-10T09:34:00.812-05:00 DEBUG 14708 --- [wms-backend] [http-nio-8080-exec-9] m.m.a.RequestResponseBodyMethodProcessor : Read "application/json;charset=UTF-8" to [SendPalletDTO(palletId=674, destinoId=39, tipologiaId=99, posicionId=0, estado=1)]
2025-10-10T09:34:01.479-05:00 DEBUG 14708 --- [wms-backend] [http-nio-8080-exec-9] o.s.w.s.m.m.a.HttpEntityMethodProcessor  : Using 'application/json', given [application/json, text/plain, */*] and supported [application/json, application/*+json, application/yaml, application/xml;charset=UTF-8, text/xml;charset=UTF-8, application/*+xml;charset=UTF-8]
2025-10-10T09:34:01.480-05:00 DEBUG 14708 --- [wms-backend] [http-nio-8080-exec-9] o.s.w.s.m.m.a.HttpEntityMethodProcessor  : Writing [{success=true, affectedRows=0, message=Pallet enviado correctamente}]
2025-10-10T09:34:01.492-05:00 DEBUG 14708 --- [wms-backend] [http-nio-8080-exec-9] o.s.web.servlet.DispatcherServlet        : Completed 200 OK
2025-10-10T09:34:01.707-05:00 DEBUG 14708 --- [wms-backend] [http-nio-8080-exec-10] o.s.w.s.m.m.a.HttpEntityMethodProcessor  : Using 'application/json', given [application/json, text/plain, */*] and supported [application/json, application/*+json, application/yaml, application/xml;charset=UTF-8, text/xml;charset=UTF-8, application/*+xml;charset=UTF-8]
2025-10-10T09:34:01.708-05:00 DEBUG 14708 --- [wms-backend] [http-nio-8080-exec-10] o.s.w.s.m.m.a.HttpEntityMethodProcessor  : Writing [{message=Ingreso enviado correctamente.}]
2025-10-10T09:34:01.708-05:00 DEBUG 14708 --- [wms-backend] [http-nio-8080-exec-10] o.s.web.servlet.DispatcherServlet        : Completed 200 OK
2025-10-10T09:34:08.698-05:00 DEBUG 14708 --- [wms-backend] [http-nio-8080-exec-8] o.s.web.servlet.DispatcherServlet        : GET "/general/version", parameters={}
2025-10-10T09:34:08.698-05:00 DEBUG 14708 --- [wms-backend] [http-nio-8080-exec-8] s.w.s.m.m.a.RequestMappingHandlerMapping : Mapped to com.woden.wms_backend.controllers.WmsWdGeneral.VersionController#getVersion()
2025-10-10T09:34:08.701-05:00 DEBUG 14708 --- [wms-backend] [http-nio-8080-exec-8] o.s.w.s.m.m.a.HttpEntityMethodProcessor  : Using 'application/json', given [application/json, text/plain, */*] and supported [text/plain, */*, application/json, application/*+json, application/yaml, application/xml;charset=UTF-8, text/xml;charset=UTF-8, application/*+xml;charset=UTF-8]
2025-10-10T09:34:08.703-05:00 DEBUG 14708 --- [wms-backend] [http-nio-8080-exec-8] o.s.w.s.m.m.a.HttpEntityMethodProcessor  : Writing ["1.0.1.48"]
2025-10-10T09:34:08.705-05:00 DEBUG 14708 --- [wms-backend] [http-nio-8080-exec-8] o.s.web.servlet.DispatcherServlet        : Completed 200 OK
2025-10-10T09:34:11.865-05:00 DEBUG 14708 --- [wms-backend] [http-nio-8080-exec-7] o.s.web.servlet.DispatcherServlet        : POST "/client/workflowDestino/destino", parameters={}
2025-10-10T09:34:11.865-05:00 DEBUG 14708 --- [wms-backend] [http-nio-8080-exec-7] s.w.s.m.m.a.RequestMappingHandlerMapping : Mapped to com.woden.wms_backend.controllers.ClientesControllers.WorkFlowDestinoController#obtenerDestinos(WorkFlowDestinoDTO)
2025-10-10T09:34:11.872-05:00 DEBUG 14708 --- [wms-backend] [http-nio-8080-exec-7] m.m.a.RequestResponseBodyMethodProcessor : Read "application/json;charset=UTF-8" to [WorkFlowDestinoDTO(origen=EMPAQUE, opcion=Opc_Recibo, descripcion=Empaque, tipologiaId=0)]
2025-10-10T09:34:12.070-05:00 DEBUG 14708 --- [wms-backend] [http-nio-8080-exec-7] o.s.w.s.m.m.a.HttpEntityMethodProcessor  : Using 'application/json', given [application/json, text/plain, */*] and supported [application/json, application/*+json, application/yaml, application/xml;charset=UTF-8, text/xml;charset=UTF-8, application/*+xml;charset=UTF-8]
2025-10-10T09:34:12.071-05:00 DEBUG 14708 --- [wms-backend] [http-nio-8080-exec-7] o.s.w.s.m.m.a.HttpEntityMethodProcessor  : Writing [[66]]
2025-10-10T09:34:12.072-05:00 DEBUG 14708 --- [wms-backend] [http-nio-8080-exec-7] o.s.web.servlet.DispatcherServlet        : Completed 200 OK
2025-10-10T09:34:12.081-05:00 DEBUG 14708 --- [wms-backend] [http-nio-8080-exec-6] o.s.web.servlet.DispatcherServlet        : POST "/client/workflowDestino/destino", parameters={}
2025-10-10T09:34:12.082-05:00 DEBUG 14708 --- [wms-backend] [http-nio-8080-exec-6] s.w.s.m.m.a.RequestMappingHandlerMapping : Mapped to com.woden.wms_backend.controllers.ClientesControllers.WorkFlowDestinoController#obtenerDestinos(WorkFlowDestinoDTO)
2025-10-10T09:34:12.083-05:00 DEBUG 14708 --- [wms-backend] [http-nio-8080-exec-6] m.m.a.RequestResponseBodyMethodProcessor : Read "application/json;charset=UTF-8" to [WorkFlowDestinoDTO(origen=P-EMPAQUE, opcion=Opc_Recibo, descripcion=Empaque, tipologiaId=0)]
2025-10-10T09:34:12.289-05:00 DEBUG 14708 --- [wms-backend] [http-nio-8080-exec-6] o.s.w.s.m.m.a.HttpEntityMethodProcessor  : Using 'application/json', given [application/json, text/plain, */*] and supported [application/json, application/*+json, application/yaml, application/xml;charset=UTF-8, text/xml;charset=UTF-8, application/*+xml;charset=UTF-8]
2025-10-10T09:34:12.289-05:00 DEBUG 14708 --- [wms-backend] [http-nio-8080-exec-6] o.s.w.s.m.m.a.HttpEntityMethodProcessor  : Writing [[38]]
2025-10-10T09:34:12.290-05:00 DEBUG 14708 --- [wms-backend] [http-nio-8080-exec-6] o.s.web.servlet.DispatcherServlet        : Completed 200 OK
2025-10-10T09:34:12.309-05:00 DEBUG 14708 --- [wms-backend] [http-nio-8080-exec-1] o.s.web.servlet.DispatcherServlet        : GET "/client/maestros/getId?codigo=LIBRE%20UTILIZACION&tipo=TIPOLOGIAS", parameters={masked}
2025-10-10T09:34:12.309-05:00 DEBUG 14708 --- [wms-backend] [http-nio-8080-exec-1] s.w.s.m.m.a.RequestMappingHandlerMapping : Mapped to com.woden.wms_backend.controllers.ClientesControllers.MaestroController#getIdMaster(String, String)
2025-10-10T09:34:12.414-05:00 DEBUG 14708 --- [wms-backend] [http-nio-8080-exec-1] o.s.w.s.m.m.a.HttpEntityMethodProcessor  : Using 'application/json', given [application/json, text/plain, */*] and supported [application/json, application/*+json, application/yaml, application/xml;charset=UTF-8, text/xml;charset=UTF-8, application/*+xml;charset=UTF-8]
2025-10-10T09:34:12.415-05:00 DEBUG 14708 --- [wms-backend] [http-nio-8080-exec-1] o.s.w.s.m.m.a.HttpEntityMethodProcessor  : Writing [{id=[110]}]
2025-10-10T09:34:12.416-05:00 DEBUG 14708 --- [wms-backend] [http-nio-8080-exec-1] o.s.web.servlet.DispatcherServlet        : Completed 200 OK
2025-10-10T09:34:12.433-05:00 DEBUG 14708 --- [wms-backend] [http-nio-8080-exec-9] o.s.web.servlet.DispatcherServlet        : POST "/client/workflowDestino/destino", parameters={}
2025-10-10T09:34:12.434-05:00 DEBUG 14708 --- [wms-backend] [http-nio-8080-exec-9] s.w.s.m.m.a.RequestMappingHandlerMapping : Mapped to com.woden.wms_backend.controllers.ClientesControllers.WorkFlowDestinoController#obtenerDestinos(WorkFlowDestinoDTO)
2025-10-10T09:34:12.436-05:00 DEBUG 14708 --- [wms-backend] [http-nio-8080-exec-9] m.m.a.RequestResponseBodyMethodProcessor : Read "application/json;charset=UTF-8" to [WorkFlowDestinoDTO(origen=EMPAQUE-ENTREGA, opcion=Opc_Entrega, descripcion=Empaque, tipologiaId=110)]
2025-10-10T09:34:12.646-05:00 DEBUG 14708 --- [wms-backend] [http-nio-8080-exec-9] o.s.w.s.m.m.a.HttpEntityMethodProcessor  : Using 'application/json', given [application/json, text/plain, */*] and supported [application/json, application/*+json, application/yaml, application/xml;charset=UTF-8, text/xml;charset=UTF-8, application/*+xml;charset=UTF-8]
2025-10-10T09:34:12.646-05:00 DEBUG 14708 --- [wms-backend] [http-nio-8080-exec-9] o.s.w.s.m.m.a.HttpEntityMethodProcessor  : Writing [[66]]
2025-10-10T09:34:12.647-05:00 DEBUG 14708 --- [wms-backend] [http-nio-8080-exec-9] o.s.web.servlet.DispatcherServlet        : Completed 200 OK
2025-10-10T09:34:12.660-05:00 DEBUG 14708 --- [wms-backend] [http-nio-8080-exec-10] o.s.web.servlet.DispatcherServlet        : POST "/client/workflowDestino/destino", parameters={}
2025-10-10T09:34:12.660-05:00 DEBUG 14708 --- [wms-backend] [http-nio-8080-exec-10] s.w.s.m.m.a.RequestMappingHandlerMapping : Mapped to com.woden.wms_backend.controllers.ClientesControllers.WorkFlowDestinoController#obtenerDestinos(WorkFlowDestinoDTO)
2025-10-10T09:34:12.662-05:00 DEBUG 14708 --- [wms-backend] [http-nio-8080-exec-10] m.m.a.RequestResponseBodyMethodProcessor : Read "application/json;charset=UTF-8" to [WorkFlowDestinoDTO(origen=EMPAQUE-ENTREGA, opcion=Opc_Entrega, descripcion=Empaque, tipologiaId=110)]
2025-10-10T09:34:12.764-05:00 DEBUG 14708 --- [wms-backend] [http-nio-8080-exec-10] o.s.w.s.m.m.a.HttpEntityMethodProcessor  : Using 'application/json', given [application/json, text/plain, */*] and supported [application/json, application/*+json, application/yaml, application/xml;charset=UTF-8, text/xml;charset=UTF-8, application/*+xml;charset=UTF-8]
2025-10-10T09:34:12.765-05:00 DEBUG 14708 --- [wms-backend] [http-nio-8080-exec-10] o.s.w.s.m.m.a.HttpEntityMethodProcessor  : Writing [[66]]
2025-10-10T09:34:12.765-05:00 DEBUG 14708 --- [wms-backend] [http-nio-8080-exec-10] o.s.web.servlet.DispatcherServlet        : Completed 200 OK
2025-10-10T09:34:18.728-05:00 DEBUG 14708 --- [wms-backend] [http-nio-8080-exec-4] o.s.web.servlet.DispatcherServlet        : GET "/general/version", parameters={}
2025-10-10T09:34:18.728-05:00 DEBUG 14708 --- [wms-backend] [http-nio-8080-exec-4] s.w.s.m.m.a.RequestMappingHandlerMapping : Mapped to com.woden.wms_backend.controllers.WmsWdGeneral.VersionController#getVersion()
2025-10-10T09:34:18.729-05:00 DEBUG 14708 --- [wms-backend] [http-nio-8080-exec-4] o.s.w.s.m.m.a.HttpEntityMethodProcessor  : Using 'application/json', given [application/json, text/plain, */*] and supported [text/plain, */*, application/json, application/*+json, application/yaml, application/xml;charset=UTF-8, text/xml;charset=UTF-8, application/*+xml;charset=UTF-8]
2025-10-10T09:34:18.729-05:00 DEBUG 14708 --- [wms-backend] [http-nio-8080-exec-4] o.s.w.s.m.m.a.HttpEntityMethodProcessor  : Writing ["1.0.1.48"]
2025-10-10T09:34:18.729-05:00 DEBUG 14708 --- [wms-backend] [http-nio-8080-exec-4] o.s.web.servlet.DispatcherServlet        : Completed 200 OK
2025-10-10T09:34:28.687-05:00 DEBUG 14708 --- [wms-backend] [http-nio-8080-exec-2] o.s.web.servlet.DispatcherServlet        : GET "/general/version", parameters={}
2025-10-10T09:34:28.688-05:00 DEBUG 14708 --- [wms-backend] [http-nio-8080-exec-2] s.w.s.m.m.a.RequestMappingHandlerMapping : Mapped to com.woden.wms_backend.controllers.WmsWdGeneral.VersionController#getVersion()
2025-10-10T09:34:28.688-05:00 DEBUG 14708 --- [wms-backend] [http-nio-8080-exec-2] o.s.w.s.m.m.a.HttpEntityMethodProcessor  : Using 'application/json', given [application/json, text/plain, */*] and supported [text/plain, */*, application/json, application/*+json, application/yaml, application/xml;charset=UTF-8, text/xml;charset=UTF-8, application/*+xml;charset=UTF-8]
2025-10-10T09:34:28.688-05:00 DEBUG 14708 --- [wms-backend] [http-nio-8080-exec-2] o.s.w.s.m.m.a.HttpEntityMethodProcessor  : Writing ["1.0.1.48"]
2025-10-10T09:34:28.689-05:00 DEBUG 14708 --- [wms-backend] [http-nio-8080-exec-2] o.s.web.servlet.DispatcherServlet        : Completed 200 OK
2025-10-10T09:34:32.346-05:00 DEBUG 14708 --- [wms-backend] [http-nio-8080-exec-3] o.s.web.servlet.DispatcherServlet        : GET "/client/pallets/searchEntrega?numero=&tipologia=EMPAQUE%20DISPONIBLE&tipo=SERIALIZADOS", parameters={masked}
2025-10-10T09:34:32.347-05:00 DEBUG 14708 --- [wms-backend] [http-nio-8080-exec-3] s.w.s.m.m.a.RequestMappingHandlerMapping : Mapped to com.woden.wms_backend.controllers.ClientesControllers.PalletController#searchPackingDeliveryPallet(String, String, String)
2025-10-10T09:34:32.635-05:00 DEBUG 14708 --- [wms-backend] [http-nio-8080-exec-3] o.s.w.s.m.m.a.HttpEntityMethodProcessor  : Using 'application/json', given [application/json, text/plain, */*] and supported [application/json, application/*+json, application/yaml, application/xml;charset=UTF-8, text/xml;charset=UTF-8, application/*+xml;charset=UTF-8]
2025-10-10T09:34:32.645-05:00 DEBUG 14708 --- [wms-backend] [http-nio-8080-exec-3] o.s.w.s.m.m.a.HttpEntityMethodProcessor  : Writing [[PalletDTO(id=566, numero=250826083631, codigoSap=ACC1000835, descripcion=HITRON CGN3 DOCSIS 3.0 WIF (truncated)...]
2025-10-10T09:34:32.657-05:00 DEBUG 14708 --- [wms-backend] [http-nio-8080-exec-3] o.s.web.servlet.DispatcherServlet        : Completed 200 OK
2025-10-10T09:34:38.688-05:00 DEBUG 14708 --- [wms-backend] [http-nio-8080-exec-7] o.s.web.servlet.DispatcherServlet        : GET "/general/version", parameters={}
2025-10-10T09:34:38.688-05:00 DEBUG 14708 --- [wms-backend] [http-nio-8080-exec-7] s.w.s.m.m.a.RequestMappingHandlerMapping : Mapped to com.woden.wms_backend.controllers.WmsWdGeneral.VersionController#getVersion()
2025-10-10T09:34:38.689-05:00 DEBUG 14708 --- [wms-backend] [http-nio-8080-exec-7] o.s.w.s.m.m.a.HttpEntityMethodProcessor  : Using 'application/json', given [application/json, text/plain, */*] and supported [text/plain, */*, application/json, application/*+json, application/yaml, application/xml;charset=UTF-8, text/xml;charset=UTF-8, application/*+xml;charset=UTF-8]
2025-10-10T09:34:38.689-05:00 DEBUG 14708 --- [wms-backend] [http-nio-8080-exec-7] o.s.w.s.m.m.a.HttpEntityMethodProcessor  : Writing ["1.0.1.48"]
2025-10-10T09:34:38.689-05:00 DEBUG 14708 --- [wms-backend] [http-nio-8080-exec-7] o.s.web.servlet.DispatcherServlet        : Completed 200 OK
2025-10-10T09:34:48.692-05:00 DEBUG 14708 --- [wms-backend] [http-nio-8080-exec-5] o.s.web.servlet.DispatcherServlet        : GET "/general/version", parameters={}
2025-10-10T09:34:48.692-05:00 DEBUG 14708 --- [wms-backend] [http-nio-8080-exec-5] s.w.s.m.m.a.RequestMappingHandlerMapping : Mapped to com.woden.wms_backend.controllers.WmsWdGeneral.VersionController#getVersion()
2025-10-10T09:34:48.725-05:00 DEBUG 14708 --- [wms-backend] [http-nio-8080-exec-5] o.s.w.s.m.m.a.HttpEntityMethodProcessor  : Using 'application/json', given [application/json, text/plain, */*] and supported [text/plain, */*, application/json, application/*+json, application/yaml, application/xml;charset=UTF-8, text/xml;charset=UTF-8, application/*+xml;charset=UTF-8]
2025-10-10T09:34:48.725-05:00 DEBUG 14708 --- [wms-backend] [http-nio-8080-exec-5] o.s.w.s.m.m.a.HttpEntityMethodProcessor  : Writing ["1.0.1.48"]
2025-10-10T09:34:48.727-05:00 DEBUG 14708 --- [wms-backend] [http-nio-8080-exec-5] o.s.web.servlet.DispatcherServlet        : Completed 200 OK
2025-10-10T09:34:58.742-05:00 DEBUG 14708 --- [wms-backend] [http-nio-8080-exec-9] o.s.web.servlet.DispatcherServlet        : GET "/general/version", parameters={}
2025-10-10T09:34:58.744-05:00 DEBUG 14708 --- [wms-backend] [http-nio-8080-exec-9] s.w.s.m.m.a.RequestMappingHandlerMapping : Mapped to com.woden.wms_backend.controllers.WmsWdGeneral.VersionController#getVersion()
2025-10-10T09:34:58.744-05:00 DEBUG 14708 --- [wms-backend] [http-nio-8080-exec-9] o.s.w.s.m.m.a.HttpEntityMethodProcessor  : Using 'application/json', given [application/json, text/plain, */*] and supported [text/plain, */*, application/json, application/*+json, application/yaml, application/xml;charset=UTF-8, text/xml;charset=UTF-8, application/*+xml;charset=UTF-8]
2025-10-10T09:34:58.744-05:00 DEBUG 14708 --- [wms-backend] [http-nio-8080-exec-9] o.s.w.s.m.m.a.HttpEntityMethodProcessor  : Writing ["1.0.1.48"]
2025-10-10T09:34:58.745-05:00 DEBUG 14708 --- [wms-backend] [http-nio-8080-exec-9] o.s.web.servlet.DispatcherServlet        : Completed 200 OK
2025-10-10T09:35:01.709-05:00 DEBUG 14708 --- [wms-backend] [http-nio-8080-exec-4] o.s.web.servlet.DispatcherServlet        : GET "/client/pallets/getModel/674", parameters={}
2025-10-10T09:35:01.710-05:00 DEBUG 14708 --- [wms-backend] [http-nio-8080-exec-4] s.w.s.m.m.a.RequestMappingHandlerMapping : Mapped to com.woden.wms_backend.controllers.ClientesControllers.PalletController#getPalletById(int)
2025-10-10T09:35:01.960-05:00 DEBUG 14708 --- [wms-backend] [http-nio-8080-exec-4] o.s.w.s.m.m.a.HttpEntityMethodProcessor  : Using 'application/json', given [application/json, text/plain, */*] and supported [application/json, application/*+json, application/yaml, application/xml;charset=UTF-8, text/xml;charset=UTF-8, application/*+xml;charset=UTF-8]
2025-10-10T09:35:01.960-05:00 DEBUG 14708 --- [wms-backend] [http-nio-8080-exec-4] o.s.w.s.m.m.a.HttpEntityMethodProcessor  : Writing [PalletModel(id=674, numero=250909163635, posicionId=null, posicion=null, codigoSapId=20, codigoSap=M (truncated)...]
2025-10-10T09:35:01.961-05:00 DEBUG 14708 --- [wms-backend] [http-nio-8080-exec-4] o.s.web.servlet.DispatcherServlet        : Completed 200 OK
2025-10-10T09:35:01.995-05:00 DEBUG 14708 --- [wms-backend] [http-nio-8080-exec-8] o.s.web.servlet.DispatcherServlet        : POST "/client/workflowDestino/destino", parameters={}
2025-10-10T09:35:01.995-05:00 DEBUG 14708 --- [wms-backend] [http-nio-8080-exec-8] s.w.s.m.m.a.RequestMappingHandlerMapping : Mapped to com.woden.wms_backend.controllers.ClientesControllers.WorkFlowDestinoController#obtenerDestinos(WorkFlowDestinoDTO)
2025-10-10T09:35:01.996-05:00 DEBUG 14708 --- [wms-backend] [http-nio-8080-exec-8] m.m.a.RequestResponseBodyMethodProcessor : Read "application/json;charset=UTF-8" to [WorkFlowDestinoDTO(origen=EMPAQUE-ENTREGA, opcion=Opc_Entrega, descripcion=Empaque, tipologiaId=99)]
2025-10-10T09:35:02.101-05:00 DEBUG 14708 --- [wms-backend] [http-nio-8080-exec-8] o.s.w.s.m.m.a.HttpEntityMethodProcessor  : Using 'application/json', given [application/json, text/plain, */*] and supported [application/json, application/*+json, application/yaml, application/xml;charset=UTF-8, text/xml;charset=UTF-8, application/*+xml;charset=UTF-8]
2025-10-10T09:35:02.101-05:00 DEBUG 14708 --- [wms-backend] [http-nio-8080-exec-8] o.s.w.s.m.m.a.HttpEntityMethodProcessor  : Writing [[40]]
2025-10-10T09:35:02.103-05:00 DEBUG 14708 --- [wms-backend] [http-nio-8080-exec-8] o.s.web.servlet.DispatcherServlet        : Completed 200 OK
2025-10-10T09:35:03.055-05:00 DEBUG 14708 --- [wms-backend] [http-nio-8080-exec-3] o.s.web.servlet.DispatcherServlet        : GET "/client/pallets/getModel/674", parameters={}
2025-10-10T09:35:03.056-05:00 DEBUG 14708 --- [wms-backend] [http-nio-8080-exec-3] s.w.s.m.m.a.RequestMappingHandlerMapping : Mapped to com.woden.wms_backend.controllers.ClientesControllers.PalletController#getPalletById(int)
2025-10-10T09:35:03.273-05:00 DEBUG 14708 --- [wms-backend] [http-nio-8080-exec-3] o.s.w.s.m.m.a.HttpEntityMethodProcessor  : Using 'application/json', given [application/json, text/plain, */*] and supported [application/json, application/*+json, application/yaml, application/xml;charset=UTF-8, text/xml;charset=UTF-8, application/*+xml;charset=UTF-8]
2025-10-10T09:35:03.274-05:00 DEBUG 14708 --- [wms-backend] [http-nio-8080-exec-3] o.s.w.s.m.m.a.HttpEntityMethodProcessor  : Writing [PalletModel(id=674, numero=250909163635, posicionId=null, posicion=null, codigoSapId=20, codigoSap=M (truncated)...]
2025-10-10T09:35:03.275-05:00 DEBUG 14708 --- [wms-backend] [http-nio-8080-exec-3] o.s.web.servlet.DispatcherServlet        : Completed 200 OK
2025-10-10T09:35:03.285-05:00 DEBUG 14708 --- [wms-backend] [http-nio-8080-exec-7] o.s.web.servlet.DispatcherServlet        : POST "/client/workflowDestino/destino", parameters={}
2025-10-10T09:35:03.285-05:00 DEBUG 14708 --- [wms-backend] [http-nio-8080-exec-7] s.w.s.m.m.a.RequestMappingHandlerMapping : Mapped to com.woden.wms_backend.controllers.ClientesControllers.WorkFlowDestinoController#obtenerDestinos(WorkFlowDestinoDTO)
2025-10-10T09:35:03.286-05:00 DEBUG 14708 --- [wms-backend] [http-nio-8080-exec-7] m.m.a.RequestResponseBodyMethodProcessor : Read "application/json;charset=UTF-8" to [WorkFlowDestinoDTO(origen=EMPAQUE-ENTREGA, opcion=Opc_Entrega, descripcion=Empaque, tipologiaId=99)]
2025-10-10T09:35:03.494-05:00 DEBUG 14708 --- [wms-backend] [http-nio-8080-exec-7] o.s.w.s.m.m.a.HttpEntityMethodProcessor  : Using 'application/json', given [application/json, text/plain, */*] and supported [application/json, application/*+json, application/yaml, application/xml;charset=UTF-8, text/xml;charset=UTF-8, application/*+xml;charset=UTF-8]
2025-10-10T09:35:03.494-05:00 DEBUG 14708 --- [wms-backend] [http-nio-8080-exec-7] o.s.w.s.m.m.a.HttpEntityMethodProcessor  : Writing [[40]]
2025-10-10T09:35:03.495-05:00 DEBUG 14708 --- [wms-backend] [http-nio-8080-exec-7] o.s.web.servlet.DispatcherServlet        : Completed 200 OK
2025-10-10T09:35:07.109-05:00 DEBUG 14708 --- [wms-backend] [http-nio-8080-exec-5] o.s.web.servlet.DispatcherServlet        : GET "/client/pallets/getModel/674", parameters={}
2025-10-10T09:35:07.110-05:00 DEBUG 14708 --- [wms-backend] [http-nio-8080-exec-5] s.w.s.m.m.a.RequestMappingHandlerMapping : Mapped to com.woden.wms_backend.controllers.ClientesControllers.PalletController#getPalletById(int)
2025-10-10T09:35:07.313-05:00 DEBUG 14708 --- [wms-backend] [http-nio-8080-exec-5] o.s.w.s.m.m.a.HttpEntityMethodProcessor  : Using 'application/json', given [application/json, text/plain, */*] and supported [application/json, application/*+json, application/yaml, application/xml;charset=UTF-8, text/xml;charset=UTF-8, application/*+xml;charset=UTF-8]
2025-10-10T09:35:07.313-05:00 DEBUG 14708 --- [wms-backend] [http-nio-8080-exec-5] o.s.w.s.m.m.a.HttpEntityMethodProcessor  : Writing [PalletModel(id=674, numero=250909163635, posicionId=null, posicion=null, codigoSapId=20, codigoSap=M (truncated)...]
2025-10-10T09:35:07.313-05:00 DEBUG 14708 --- [wms-backend] [http-nio-8080-exec-5] o.s.web.servlet.DispatcherServlet        : Completed 200 OK
2025-10-10T09:35:07.324-05:00 DEBUG 14708 --- [wms-backend] [http-nio-8080-exec-9] o.s.web.servlet.DispatcherServlet        : POST "/client/workflowDestino/destino", parameters={}
2025-10-10T09:35:07.324-05:00 DEBUG 14708 --- [wms-backend] [http-nio-8080-exec-9] s.w.s.m.m.a.RequestMappingHandlerMapping : Mapped to com.woden.wms_backend.controllers.ClientesControllers.WorkFlowDestinoController#obtenerDestinos(WorkFlowDestinoDTO)
2025-10-10T09:35:07.325-05:00 DEBUG 14708 --- [wms-backend] [http-nio-8080-exec-9] m.m.a.RequestResponseBodyMethodProcessor : Read "application/json;charset=UTF-8" to [WorkFlowDestinoDTO(origen=EMPAQUE-ENTREGA, opcion=Opc_Entrega, descripcion=Empaque, tipologiaId=99)]
2025-10-10T09:35:07.543-05:00 DEBUG 14708 --- [wms-backend] [http-nio-8080-exec-9] o.s.w.s.m.m.a.HttpEntityMethodProcessor  : Using 'application/json', given [application/json, text/plain, */*] and supported [application/json, application/*+json, application/yaml, application/xml;charset=UTF-8, text/xml;charset=UTF-8, application/*+xml;charset=UTF-8]
2025-10-10T09:35:07.543-05:00 DEBUG 14708 --- [wms-backend] [http-nio-8080-exec-9] o.s.w.s.m.m.a.HttpEntityMethodProcessor  : Writing [[40]]
2025-10-10T09:35:07.545-05:00 DEBUG 14708 --- [wms-backend] [http-nio-8080-exec-9] o.s.web.servlet.DispatcherServlet        : Completed 200 OK
2025-10-10T09:35:08.700-05:00 DEBUG 14708 --- [wms-backend] [http-nio-8080-exec-10] o.s.web.servlet.DispatcherServlet        : GET "/general/version", parameters={}
2025-10-10T09:35:08.700-05:00 DEBUG 14708 --- [wms-backend] [http-nio-8080-exec-10] s.w.s.m.m.a.RequestMappingHandlerMapping : Mapped to com.woden.wms_backend.controllers.WmsWdGeneral.VersionController#getVersion()
2025-10-10T09:35:08.701-05:00 DEBUG 14708 --- [wms-backend] [http-nio-8080-exec-10] o.s.w.s.m.m.a.HttpEntityMethodProcessor  : Using 'application/json', given [application/json, text/plain, */*] and supported [text/plain, */*, application/json, application/*+json, application/yaml, application/xml;charset=UTF-8, text/xml;charset=UTF-8, application/*+xml;charset=UTF-8]
2025-10-10T09:35:08.701-05:00 DEBUG 14708 --- [wms-backend] [http-nio-8080-exec-10] o.s.w.s.m.m.a.HttpEntityMethodProcessor  : Writing ["1.0.1.48"]
2025-10-10T09:35:08.701-05:00 DEBUG 14708 --- [wms-backend] [http-nio-8080-exec-10] o.s.web.servlet.DispatcherServlet        : Completed 200 OK
2025-10-10T09:35:12.769-05:00 DEBUG 14708 --- [wms-backend] [http-nio-8080-exec-2] o.s.web.servlet.DispatcherServlet        : GET "/client/pallets/getModel/674", parameters={}
2025-10-10T09:35:12.769-05:00 DEBUG 14708 --- [wms-backend] [http-nio-8080-exec-2] s.w.s.m.m.a.RequestMappingHandlerMapping : Mapped to com.woden.wms_backend.controllers.ClientesControllers.PalletController#getPalletById(int)
2025-10-10T09:35:12.968-05:00 DEBUG 14708 --- [wms-backend] [http-nio-8080-exec-2] o.s.w.s.m.m.a.HttpEntityMethodProcessor  : Using 'application/json', given [application/json, text/plain, */*] and supported [application/json, application/*+json, application/yaml, application/xml;charset=UTF-8, text/xml;charset=UTF-8, application/*+xml;charset=UTF-8]
2025-10-10T09:35:12.968-05:00 DEBUG 14708 --- [wms-backend] [http-nio-8080-exec-2] o.s.w.s.m.m.a.HttpEntityMethodProcessor  : Writing [PalletModel(id=674, numero=250909163635, posicionId=null, posicion=null, codigoSapId=20, codigoSap=M (truncated)...]
2025-10-10T09:35:12.969-05:00 DEBUG 14708 --- [wms-backend] [http-nio-8080-exec-2] o.s.web.servlet.DispatcherServlet        : Completed 200 OK
2025-10-10T09:35:12.978-05:00 DEBUG 14708 --- [wms-backend] [http-nio-8080-exec-3] o.s.web.servlet.DispatcherServlet        : POST "/client/workflowDestino/destino", parameters={}
2025-10-10T09:35:12.978-05:00 DEBUG 14708 --- [wms-backend] [http-nio-8080-exec-3] s.w.s.m.m.a.RequestMappingHandlerMapping : Mapped to com.woden.wms_backend.controllers.ClientesControllers.WorkFlowDestinoController#obtenerDestinos(WorkFlowDestinoDTO)
2025-10-10T09:35:12.979-05:00 DEBUG 14708 --- [wms-backend] [http-nio-8080-exec-3] m.m.a.RequestResponseBodyMethodProcessor : Read "application/json;charset=UTF-8" to [WorkFlowDestinoDTO(origen=EMPAQUE-ENTREGA, opcion=Opc_Entrega, descripcion=Empaque, tipologiaId=99)]
2025-10-10T09:35:13.084-05:00 DEBUG 14708 --- [wms-backend] [http-nio-8080-exec-3] o.s.w.s.m.m.a.HttpEntityMethodProcessor  : Using 'application/json', given [application/json, text/plain, */*] and supported [application/json, application/*+json, application/yaml, application/xml;charset=UTF-8, text/xml;charset=UTF-8, application/*+xml;charset=UTF-8]
2025-10-10T09:35:13.084-05:00 DEBUG 14708 --- [wms-backend] [http-nio-8080-exec-3] o.s.w.s.m.m.a.HttpEntityMethodProcessor  : Writing [[40]]
2025-10-10T09:35:13.085-05:00 DEBUG 14708 --- [wms-backend] [http-nio-8080-exec-3] o.s.web.servlet.DispatcherServlet        : Completed 200 OK
2025-10-10T09:35:14.920-05:00 DEBUG 14708 --- [wms-backend] [http-nio-8080-exec-6] o.s.web.servlet.DispatcherServlet        : GET "/client/pallets/getModel/674", parameters={}
2025-10-10T09:35:14.920-05:00 DEBUG 14708 --- [wms-backend] [http-nio-8080-exec-6] s.w.s.m.m.a.RequestMappingHandlerMapping : Mapped to com.woden.wms_backend.controllers.ClientesControllers.PalletController#getPalletById(int)
2025-10-10T09:35:15.126-05:00 DEBUG 14708 --- [wms-backend] [http-nio-8080-exec-6] o.s.w.s.m.m.a.HttpEntityMethodProcessor  : Using 'application/json', given [application/json, text/plain, */*] and supported [application/json, application/*+json, application/yaml, application/xml;charset=UTF-8, text/xml;charset=UTF-8, application/*+xml;charset=UTF-8]
2025-10-10T09:35:15.127-05:00 DEBUG 14708 --- [wms-backend] [http-nio-8080-exec-6] o.s.w.s.m.m.a.HttpEntityMethodProcessor  : Writing [PalletModel(id=674, numero=250909163635, posicionId=null, posicion=null, codigoSapId=20, codigoSap=M (truncated)...]
2025-10-10T09:35:15.127-05:00 DEBUG 14708 --- [wms-backend] [http-nio-8080-exec-6] o.s.web.servlet.DispatcherServlet        : Completed 200 OK
2025-10-10T09:35:15.134-05:00 DEBUG 14708 --- [wms-backend] [http-nio-8080-exec-5] o.s.web.servlet.DispatcherServlet        : POST "/client/workflowDestino/destino", parameters={}
2025-10-10T09:35:15.134-05:00 DEBUG 14708 --- [wms-backend] [http-nio-8080-exec-5] s.w.s.m.m.a.RequestMappingHandlerMapping : Mapped to com.woden.wms_backend.controllers.ClientesControllers.WorkFlowDestinoController#obtenerDestinos(WorkFlowDestinoDTO)
2025-10-10T09:35:15.135-05:00 DEBUG 14708 --- [wms-backend] [http-nio-8080-exec-5] m.m.a.RequestResponseBodyMethodProcessor : Read "application/json;charset=UTF-8" to [WorkFlowDestinoDTO(origen=EMPAQUE-ENTREGA, opcion=Opc_Entrega, descripcion=Empaque, tipologiaId=99)]
2025-10-10T09:35:15.345-05:00 DEBUG 14708 --- [wms-backend] [http-nio-8080-exec-5] o.s.w.s.m.m.a.HttpEntityMethodProcessor  : Using 'application/json', given [application/json, text/plain, */*] and supported [application/json, application/*+json, application/yaml, application/xml;charset=UTF-8, text/xml;charset=UTF-8, application/*+xml;charset=UTF-8]
2025-10-10T09:35:15.345-05:00 DEBUG 14708 --- [wms-backend] [http-nio-8080-exec-5] o.s.w.s.m.m.a.HttpEntityMethodProcessor  : Writing [[40]]
2025-10-10T09:35:15.346-05:00 DEBUG 14708 --- [wms-backend] [http-nio-8080-exec-5] o.s.web.servlet.DispatcherServlet        : Completed 200 OK
2025-10-10T09:35:18.689-05:00 DEBUG 14708 --- [wms-backend] [http-nio-8080-exec-1] o.s.web.servlet.DispatcherServlet        : GET "/general/version", parameters={}
2025-10-10T09:35:18.689-05:00 DEBUG 14708 --- [wms-backend] [http-nio-8080-exec-1] s.w.s.m.m.a.RequestMappingHandlerMapping : Mapped to com.woden.wms_backend.controllers.WmsWdGeneral.VersionController#getVersion()
2025-10-10T09:35:18.689-05:00 DEBUG 14708 --- [wms-backend] [http-nio-8080-exec-1] o.s.w.s.m.m.a.HttpEntityMethodProcessor  : Using 'application/json', given [application/json, text/plain, */*] and supported [text/plain, */*, application/json, application/*+json, application/yaml, application/xml;charset=UTF-8, text/xml;charset=UTF-8, application/*+xml;charset=UTF-8]
2025-10-10T09:35:18.689-05:00 DEBUG 14708 --- [wms-backend] [http-nio-8080-exec-1] o.s.w.s.m.m.a.HttpEntityMethodProcessor  : Writing ["1.0.1.48"]
2025-10-10T09:35:18.690-05:00 DEBUG 14708 --- [wms-backend] [http-nio-8080-exec-1] o.s.web.servlet.DispatcherServlet        : Completed 200 OK
2025-10-10T09:35:28.706-05:00 DEBUG 14708 --- [wms-backend] [http-nio-8080-exec-10] o.s.web.servlet.DispatcherServlet        : GET "/general/version", parameters={}
2025-10-10T09:35:28.707-05:00 DEBUG 14708 --- [wms-backend] [http-nio-8080-exec-10] s.w.s.m.m.a.RequestMappingHandlerMapping : Mapped to com.woden.wms_backend.controllers.WmsWdGeneral.VersionController#getVersion()
2025-10-10T09:35:28.707-05:00 DEBUG 14708 --- [wms-backend] [http-nio-8080-exec-10] o.s.w.s.m.m.a.HttpEntityMethodProcessor  : Using 'application/json', given [application/json, text/plain, */*] and supported [text/plain, */*, application/json, application/*+json, application/yaml, application/xml;charset=UTF-8, text/xml;charset=UTF-8, application/*+xml;charset=UTF-8]
2025-10-10T09:35:28.707-05:00 DEBUG 14708 --- [wms-backend] [http-nio-8080-exec-10] o.s.w.s.m.m.a.HttpEntityMethodProcessor  : Writing ["1.0.1.48"]
2025-10-10T09:35:28.708-05:00 DEBUG 14708 --- [wms-backend] [http-nio-8080-exec-10] o.s.web.servlet.DispatcherServlet        : Completed 200 OK
2025-10-10T09:35:38.699-05:00 DEBUG 14708 --- [wms-backend] [http-nio-8080-exec-4] o.s.web.servlet.DispatcherServlet        : GET "/general/version", parameters={}
2025-10-10T09:35:38.699-05:00 DEBUG 14708 --- [wms-backend] [http-nio-8080-exec-4] s.w.s.m.m.a.RequestMappingHandlerMapping : Mapped to com.woden.wms_backend.controllers.WmsWdGeneral.VersionController#getVersion()
2025-10-10T09:35:38.700-05:00 DEBUG 14708 --- [wms-backend] [http-nio-8080-exec-4] o.s.w.s.m.m.a.HttpEntityMethodProcessor  : Using 'application/json', given [application/json, text/plain, */*] and supported [text/plain, */*, application/json, application/*+json, application/yaml, application/xml;charset=UTF-8, text/xml;charset=UTF-8, application/*+xml;charset=UTF-8]
2025-10-10T09:35:38.700-05:00 DEBUG 14708 --- [wms-backend] [http-nio-8080-exec-4] o.s.w.s.m.m.a.HttpEntityMethodProcessor  : Writing ["1.0.1.48"]
2025-10-10T09:35:38.700-05:00 DEBUG 14708 --- [wms-backend] [http-nio-8080-exec-4] o.s.web.servlet.DispatcherServlet        : Completed 200 OK
2025-10-10T09:35:48.686-05:00 DEBUG 14708 --- [wms-backend] [http-nio-8080-exec-2] o.s.web.servlet.DispatcherServlet        : GET "/general/version", parameters={}
2025-10-10T09:35:48.686-05:00 DEBUG 14708 --- [wms-backend] [http-nio-8080-exec-2] s.w.s.m.m.a.RequestMappingHandlerMapping : Mapped to com.woden.wms_backend.controllers.WmsWdGeneral.VersionController#getVersion()
2025-10-10T09:35:48.686-05:00 DEBUG 14708 --- [wms-backend] [http-nio-8080-exec-2] o.s.w.s.m.m.a.HttpEntityMethodProcessor  : Using 'application/json', given [application/json, text/plain, */*] and supported [text/plain, */*, application/json, application/*+json, application/yaml, application/xml;charset=UTF-8, text/xml;charset=UTF-8, application/*+xml;charset=UTF-8]
2025-10-10T09:35:48.686-05:00 DEBUG 14708 --- [wms-backend] [http-nio-8080-exec-2] o.s.w.s.m.m.a.HttpEntityMethodProcessor  : Writing ["1.0.1.48"]
2025-10-10T09:35:48.687-05:00 DEBUG 14708 --- [wms-backend] [http-nio-8080-exec-2] o.s.web.servlet.DispatcherServlet        : Completed 200 OK
2025-10-10T09:35:58.700-05:00 DEBUG 14708 --- [wms-backend] [http-nio-8080-exec-8] o.s.web.servlet.DispatcherServlet        : GET "/general/version", parameters={}
2025-10-10T09:35:58.700-05:00 DEBUG 14708 --- [wms-backend] [http-nio-8080-exec-8] s.w.s.m.m.a.RequestMappingHandlerMapping : Mapped to com.woden.wms_backend.controllers.WmsWdGeneral.VersionController#getVersion()
2025-10-10T09:35:58.701-05:00 DEBUG 14708 --- [wms-backend] [http-nio-8080-exec-8] o.s.w.s.m.m.a.HttpEntityMethodProcessor  : Using 'application/json', given [application/json, text/plain, */*] and supported [text/plain, */*, application/json, application/*+json, application/yaml, application/xml;charset=UTF-8, text/xml;charset=UTF-8, application/*+xml;charset=UTF-8]
2025-10-10T09:35:58.701-05:00 DEBUG 14708 --- [wms-backend] [http-nio-8080-exec-8] o.s.w.s.m.m.a.HttpEntityMethodProcessor  : Writing ["1.0.1.48"]
2025-10-10T09:35:58.702-05:00 DEBUG 14708 --- [wms-backend] [http-nio-8080-exec-8] o.s.web.servlet.DispatcherServlet        : Completed 200 OK
2025-10-10T09:36:08.689-05:00 DEBUG 14708 --- [wms-backend] [http-nio-8080-exec-3] o.s.web.servlet.DispatcherServlet        : GET "/general/version", parameters={}
2025-10-10T09:36:08.690-05:00 DEBUG 14708 --- [wms-backend] [http-nio-8080-exec-3] s.w.s.m.m.a.RequestMappingHandlerMapping : Mapped to com.woden.wms_backend.controllers.WmsWdGeneral.VersionController#getVersion()
2025-10-10T09:36:08.690-05:00 DEBUG 14708 --- [wms-backend] [http-nio-8080-exec-3] o.s.w.s.m.m.a.HttpEntityMethodProcessor  : Using 'application/json', given [application/json, text/plain, */*] and supported [text/plain, */*, application/json, application/*+json, application/yaml, application/xml;charset=UTF-8, text/xml;charset=UTF-8, application/*+xml;charset=UTF-8]
2025-10-10T09:36:08.690-05:00 DEBUG 14708 --- [wms-backend] [http-nio-8080-exec-3] o.s.w.s.m.m.a.HttpEntityMethodProcessor  : Writing ["1.0.1.48"]
2025-10-10T09:36:08.691-05:00 DEBUG 14708 --- [wms-backend] [http-nio-8080-exec-3] o.s.web.servlet.DispatcherServlet        : Completed 200 OK
2025-10-10T09:36:18.688-05:00 DEBUG 14708 --- [wms-backend] [http-nio-8080-exec-7] o.s.web.servlet.DispatcherServlet        : GET "/general/version", parameters={}
2025-10-10T09:36:18.688-05:00 DEBUG 14708 --- [wms-backend] [http-nio-8080-exec-7] s.w.s.m.m.a.RequestMappingHandlerMapping : Mapped to com.woden.wms_backend.controllers.WmsWdGeneral.VersionController#getVersion()
2025-10-10T09:36:18.689-05:00 DEBUG 14708 --- [wms-backend] [http-nio-8080-exec-7] o.s.w.s.m.m.a.HttpEntityMethodProcessor  : Using 'application/json', given [application/json, text/plain, */*] and supported [text/plain, */*, application/json, application/*+json, application/yaml, application/xml;charset=UTF-8, text/xml;charset=UTF-8, application/*+xml;charset=UTF-8]
2025-10-10T09:36:18.689-05:00 DEBUG 14708 --- [wms-backend] [http-nio-8080-exec-7] o.s.w.s.m.m.a.HttpEntityMethodProcessor  : Writing ["1.0.1.48"]
2025-10-10T09:36:18.689-05:00 DEBUG 14708 --- [wms-backend] [http-nio-8080-exec-7] o.s.web.servlet.DispatcherServlet        : Completed 200 OK
2025-10-10T09:36:28.689-05:00 DEBUG 14708 --- [wms-backend] [http-nio-8080-exec-6] o.s.web.servlet.DispatcherServlet        : GET "/general/version", parameters={}
2025-10-10T09:36:28.689-05:00 DEBUG 14708 --- [wms-backend] [http-nio-8080-exec-6] s.w.s.m.m.a.RequestMappingHandlerMapping : Mapped to com.woden.wms_backend.controllers.WmsWdGeneral.VersionController#getVersion()
2025-10-10T09:36:28.689-05:00 DEBUG 14708 --- [wms-backend] [http-nio-8080-exec-6] o.s.w.s.m.m.a.HttpEntityMethodProcessor  : Using 'application/json', given [application/json, text/plain, */*] and supported [text/plain, */*, application/json, application/*+json, application/yaml, application/xml;charset=UTF-8, text/xml;charset=UTF-8, application/*+xml;charset=UTF-8]
2025-10-10T09:36:28.690-05:00 DEBUG 14708 --- [wms-backend] [http-nio-8080-exec-6] o.s.w.s.m.m.a.HttpEntityMethodProcessor  : Writing ["1.0.1.48"]
2025-10-10T09:36:28.690-05:00 DEBUG 14708 --- [wms-backend] [http-nio-8080-exec-6] o.s.web.servlet.DispatcherServlet        : Completed 200 OK
2025-10-10T09:36:38.701-05:00 DEBUG 14708 --- [wms-backend] [http-nio-8080-exec-5] o.s.web.servlet.DispatcherServlet        : GET "/general/version", parameters={}
2025-10-10T09:36:38.701-05:00 DEBUG 14708 --- [wms-backend] [http-nio-8080-exec-5] s.w.s.m.m.a.RequestMappingHandlerMapping : Mapped to com.woden.wms_backend.controllers.WmsWdGeneral.VersionController#getVersion()
2025-10-10T09:36:38.701-05:00 DEBUG 14708 --- [wms-backend] [http-nio-8080-exec-5] o.s.w.s.m.m.a.HttpEntityMethodProcessor  : Using 'application/json', given [application/json, text/plain, */*] and supported [text/plain, */*, application/json, application/*+json, application/yaml, application/xml;charset=UTF-8, text/xml;charset=UTF-8, application/*+xml;charset=UTF-8]
2025-10-10T09:36:38.701-05:00 DEBUG 14708 --- [wms-backend] [http-nio-8080-exec-5] o.s.w.s.m.m.a.HttpEntityMethodProcessor  : Writing ["1.0.1.48"]
2025-10-10T09:36:38.702-05:00 DEBUG 14708 --- [wms-backend] [http-nio-8080-exec-5] o.s.web.servlet.DispatcherServlet        : Completed 200 OK
2025-10-10T09:36:48.703-05:00 DEBUG 14708 --- [wms-backend] [http-nio-8080-exec-1] o.s.web.servlet.DispatcherServlet        : GET "/general/version", parameters={}
2025-10-10T09:36:48.703-05:00 DEBUG 14708 --- [wms-backend] [http-nio-8080-exec-1] s.w.s.m.m.a.RequestMappingHandlerMapping : Mapped to com.woden.wms_backend.controllers.WmsWdGeneral.VersionController#getVersion()
2025-10-10T09:36:48.704-05:00 DEBUG 14708 --- [wms-backend] [http-nio-8080-exec-1] o.s.w.s.m.m.a.HttpEntityMethodProcessor  : Using 'application/json', given [application/json, text/plain, */*] and supported [text/plain, */*, application/json, application/*+json, application/yaml, application/xml;charset=UTF-8, text/xml;charset=UTF-8, application/*+xml;charset=UTF-8]
2025-10-10T09:36:48.704-05:00 DEBUG 14708 --- [wms-backend] [http-nio-8080-exec-1] o.s.w.s.m.m.a.HttpEntityMethodProcessor  : Writing ["1.0.1.48"]
2025-10-10T09:36:48.704-05:00 DEBUG 14708 --- [wms-backend] [http-nio-8080-exec-1] o.s.web.servlet.DispatcherServlet        : Completed 200 OK
2025-10-10T09:36:58.697-05:00 DEBUG 14708 --- [wms-backend] [http-nio-8080-exec-9] o.s.web.servlet.DispatcherServlet        : GET "/general/version", parameters={}
2025-10-10T09:36:58.697-05:00 DEBUG 14708 --- [wms-backend] [http-nio-8080-exec-9] s.w.s.m.m.a.RequestMappingHandlerMapping : Mapped to com.woden.wms_backend.controllers.WmsWdGeneral.VersionController#getVersion()
2025-10-10T09:36:58.698-05:00 DEBUG 14708 --- [wms-backend] [http-nio-8080-exec-9] o.s.w.s.m.m.a.HttpEntityMethodProcessor  : Using 'application/json', given [application/json, text/plain, */*] and supported [text/plain, */*, application/json, application/*+json, application/yaml, application/xml;charset=UTF-8, text/xml;charset=UTF-8, application/*+xml;charset=UTF-8]
2025-10-10T09:36:58.698-05:00 DEBUG 14708 --- [wms-backend] [http-nio-8080-exec-9] o.s.w.s.m.m.a.HttpEntityMethodProcessor  : Writing ["1.0.1.48"]
2025-10-10T09:36:58.699-05:00 DEBUG 14708 --- [wms-backend] [http-nio-8080-exec-9] o.s.web.servlet.DispatcherServlet        : Completed 200 OK
2025-10-10T09:37:09.242-05:00 DEBUG 14708 --- [wms-backend] [http-nio-8080-exec-10] o.s.web.servlet.DispatcherServlet        : GET "/general/version", parameters={}
2025-10-10T09:37:09.242-05:00 DEBUG 14708 --- [wms-backend] [http-nio-8080-exec-10] s.w.s.m.m.a.RequestMappingHandlerMapping : Mapped to com.woden.wms_backend.controllers.WmsWdGeneral.VersionController#getVersion()
2025-10-10T09:37:09.245-05:00 DEBUG 14708 --- [wms-backend] [http-nio-8080-exec-10] o.s.w.s.m.m.a.HttpEntityMethodProcessor  : Using 'application/json', given [application/json, text/plain, */*] and supported [text/plain, */*, application/json, application/*+json, application/yaml, application/xml;charset=UTF-8, text/xml;charset=UTF-8, application/*+xml;charset=UTF-8]
2025-10-10T09:37:09.245-05:00 DEBUG 14708 --- [wms-backend] [http-nio-8080-exec-10] o.s.w.s.m.m.a.HttpEntityMethodProcessor  : Writing ["1.0.1.48"]
2025-10-10T09:37:09.246-05:00 DEBUG 14708 --- [wms-backend] [http-nio-8080-exec-10] o.s.web.servlet.DispatcherServlet        : Completed 200 OK
2025-10-10T09:37:19.221-05:00 DEBUG 14708 --- [wms-backend] [http-nio-8080-exec-2] o.s.web.servlet.DispatcherServlet        : GET "/general/version", parameters={}
2025-10-10T09:37:19.221-05:00 DEBUG 14708 --- [wms-backend] [http-nio-8080-exec-2] s.w.s.m.m.a.RequestMappingHandlerMapping : Mapped to com.woden.wms_backend.controllers.WmsWdGeneral.VersionController#getVersion()
2025-10-10T09:37:19.222-05:00 DEBUG 14708 --- [wms-backend] [http-nio-8080-exec-2] o.s.w.s.m.m.a.HttpEntityMethodProcessor  : Using 'application/json', given [application/json, text/plain, */*] and supported [text/plain, */*, application/json, application/*+json, application/yaml, application/xml;charset=UTF-8, text/xml;charset=UTF-8, application/*+xml;charset=UTF-8]
2025-10-10T09:37:19.222-05:00 DEBUG 14708 --- [wms-backend] [http-nio-8080-exec-2] o.s.w.s.m.m.a.HttpEntityMethodProcessor  : Writing ["1.0.1.48"]
2025-10-10T09:37:19.223-05:00 DEBUG 14708 --- [wms-backend] [http-nio-8080-exec-2] o.s.web.servlet.DispatcherServlet        : Completed 200 OK
2025-10-10T09:37:29.222-05:00 DEBUG 14708 --- [wms-backend] [http-nio-8080-exec-3] o.s.web.servlet.DispatcherServlet        : GET "/general/version", parameters={}
2025-10-10T09:37:29.222-05:00 DEBUG 14708 --- [wms-backend] [http-nio-8080-exec-3] s.w.s.m.m.a.RequestMappingHandlerMapping : Mapped to com.woden.wms_backend.controllers.WmsWdGeneral.VersionController#getVersion()
2025-10-10T09:37:29.223-05:00 DEBUG 14708 --- [wms-backend] [http-nio-8080-exec-3] o.s.w.s.m.m.a.HttpEntityMethodProcessor  : Using 'application/json', given [application/json, text/plain, */*] and supported [text/plain, */*, application/json, application/*+json, application/yaml, application/xml;charset=UTF-8, text/xml;charset=UTF-8, application/*+xml;charset=UTF-8]
2025-10-10T09:37:29.223-05:00 DEBUG 14708 --- [wms-backend] [http-nio-8080-exec-3] o.s.w.s.m.m.a.HttpEntityMethodProcessor  : Writing ["1.0.1.48"]
2025-10-10T09:37:29.223-05:00 DEBUG 14708 --- [wms-backend] [http-nio-8080-exec-3] o.s.web.servlet.DispatcherServlet        : Completed 200 OK
2025-10-10T09:37:39.224-05:00 DEBUG 14708 --- [wms-backend] [http-nio-8080-exec-6] o.s.web.servlet.DispatcherServlet        : GET "/general/version", parameters={}
2025-10-10T09:37:39.225-05:00 DEBUG 14708 --- [wms-backend] [http-nio-8080-exec-6] s.w.s.m.m.a.RequestMappingHandlerMapping : Mapped to com.woden.wms_backend.controllers.WmsWdGeneral.VersionController#getVersion()
2025-10-10T09:37:39.225-05:00 DEBUG 14708 --- [wms-backend] [http-nio-8080-exec-6] o.s.w.s.m.m.a.HttpEntityMethodProcessor  : Using 'application/json', given [application/json, text/plain, */*] and supported [text/plain, */*, application/json, application/*+json, application/yaml, application/xml;charset=UTF-8, text/xml;charset=UTF-8, application/*+xml;charset=UTF-8]
2025-10-10T09:37:39.225-05:00 DEBUG 14708 --- [wms-backend] [http-nio-8080-exec-6] o.s.w.s.m.m.a.HttpEntityMethodProcessor  : Writing ["1.0.1.48"]
2025-10-10T09:37:39.225-05:00 DEBUG 14708 --- [wms-backend] [http-nio-8080-exec-6] o.s.web.servlet.DispatcherServlet        : Completed 200 OK
2025-10-10T09:37:49.219-05:00 DEBUG 14708 --- [wms-backend] [http-nio-8080-exec-1] o.s.web.servlet.DispatcherServlet        : GET "/general/version", parameters={}
2025-10-10T09:37:49.219-05:00 DEBUG 14708 --- [wms-backend] [http-nio-8080-exec-1] s.w.s.m.m.a.RequestMappingHandlerMapping : Mapped to com.woden.wms_backend.controllers.WmsWdGeneral.VersionController#getVersion()
2025-10-10T09:37:49.220-05:00 DEBUG 14708 --- [wms-backend] [http-nio-8080-exec-1] o.s.w.s.m.m.a.HttpEntityMethodProcessor  : Using 'application/json', given [application/json, text/plain, */*] and supported [text/plain, */*, application/json, application/*+json, application/yaml, application/xml;charset=UTF-8, text/xml;charset=UTF-8, application/*+xml;charset=UTF-8]
2025-10-10T09:37:49.220-05:00 DEBUG 14708 --- [wms-backend] [http-nio-8080-exec-1] o.s.w.s.m.m.a.HttpEntityMethodProcessor  : Writing ["1.0.1.48"]
2025-10-10T09:37:49.220-05:00 DEBUG 14708 --- [wms-backend] [http-nio-8080-exec-1] o.s.web.servlet.DispatcherServlet        : Completed 200 OK
2025-10-10T09:37:59.213-05:00 DEBUG 14708 --- [wms-backend] [http-nio-8080-exec-10] o.s.web.servlet.DispatcherServlet        : GET "/general/version", parameters={}
2025-10-10T09:37:59.213-05:00 DEBUG 14708 --- [wms-backend] [http-nio-8080-exec-10] s.w.s.m.m.a.RequestMappingHandlerMapping : Mapped to com.woden.wms_backend.controllers.WmsWdGeneral.VersionController#getVersion()
2025-10-10T09:37:59.214-05:00 DEBUG 14708 --- [wms-backend] [http-nio-8080-exec-10] o.s.w.s.m.m.a.HttpEntityMethodProcessor  : Using 'application/json', given [application/json, text/plain, */*] and supported [text/plain, */*, application/json, application/*+json, application/yaml, application/xml;charset=UTF-8, text/xml;charset=UTF-8, application/*+xml;charset=UTF-8]
2025-10-10T09:37:59.214-05:00 DEBUG 14708 --- [wms-backend] [http-nio-8080-exec-10] o.s.w.s.m.m.a.HttpEntityMethodProcessor  : Writing ["1.0.1.48"]
2025-10-10T09:37:59.215-05:00 DEBUG 14708 --- [wms-backend] [http-nio-8080-exec-10] o.s.web.servlet.DispatcherServlet        : Completed 200 OK
2025-10-10T09:38:22.235-05:00 DEBUG 14708 --- [wms-backend] [http-nio-8080-exec-2] o.s.web.servlet.DispatcherServlet        : GET "/general/version", parameters={}
2025-10-10T09:38:22.236-05:00 DEBUG 14708 --- [wms-backend] [http-nio-8080-exec-2] s.w.s.m.m.a.RequestMappingHandlerMapping : Mapped to com.woden.wms_backend.controllers.WmsWdGeneral.VersionController#getVersion()
2025-10-10T09:38:22.236-05:00 DEBUG 14708 --- [wms-backend] [http-nio-8080-exec-2] o.s.w.s.m.m.a.HttpEntityMethodProcessor  : Using 'application/json', given [application/json, text/plain, */*] and supported [text/plain, */*, application/json, application/*+json, application/yaml, application/xml;charset=UTF-8, text/xml;charset=UTF-8, application/*+xml;charset=UTF-8]
2025-10-10T09:38:22.236-05:00 DEBUG 14708 --- [wms-backend] [http-nio-8080-exec-2] o.s.w.s.m.m.a.HttpEntityMethodProcessor  : Writing ["1.0.1.48"]
2025-10-10T09:38:22.237-05:00 DEBUG 14708 --- [wms-backend] [http-nio-8080-exec-2] o.s.web.servlet.DispatcherServlet        : Completed 200 OK
2025-10-10T09:39:22.245-05:00 DEBUG 14708 --- [wms-backend] [http-nio-8080-exec-3] o.s.web.servlet.DispatcherServlet        : GET "/general/version", parameters={}
2025-10-10T09:39:22.246-05:00 DEBUG 14708 --- [wms-backend] [http-nio-8080-exec-3] s.w.s.m.m.a.RequestMappingHandlerMapping : Mapped to com.woden.wms_backend.controllers.WmsWdGeneral.VersionController#getVersion()
2025-10-10T09:39:22.247-05:00 DEBUG 14708 --- [wms-backend] [http-nio-8080-exec-3] o.s.w.s.m.m.a.HttpEntityMethodProcessor  : Using 'application/json', given [application/json, text/plain, */*] and supported [text/plain, */*, application/json, application/*+json, application/yaml, application/xml;charset=UTF-8, text/xml;charset=UTF-8, application/*+xml;charset=UTF-8]
2025-10-10T09:39:22.247-05:00 DEBUG 14708 --- [wms-backend] [http-nio-8080-exec-3] o.s.w.s.m.m.a.HttpEntityMethodProcessor  : Writing ["1.0.1.48"]
2025-10-10T09:39:22.248-05:00 DEBUG 14708 --- [wms-backend] [http-nio-8080-exec-3] o.s.web.servlet.DispatcherServlet        : Completed 200 OK
2025-10-10T09:40:22.225-05:00 DEBUG 14708 --- [wms-backend] [http-nio-8080-exec-7] o.s.web.servlet.DispatcherServlet        : GET "/general/version", parameters={}
2025-10-10T09:40:22.226-05:00 DEBUG 14708 --- [wms-backend] [http-nio-8080-exec-7] s.w.s.m.m.a.RequestMappingHandlerMapping : Mapped to com.woden.wms_backend.controllers.WmsWdGeneral.VersionController#getVersion()
2025-10-10T09:40:22.227-05:00 DEBUG 14708 --- [wms-backend] [http-nio-8080-exec-7] o.s.w.s.m.m.a.HttpEntityMethodProcessor  : Using 'application/json', given [application/json, text/plain, */*] and supported [text/plain, */*, application/json, application/*+json, application/yaml, application/xml;charset=UTF-8, text/xml;charset=UTF-8, application/*+xml;charset=UTF-8]
2025-10-10T09:40:22.227-05:00 DEBUG 14708 --- [wms-backend] [http-nio-8080-exec-7] o.s.w.s.m.m.a.HttpEntityMethodProcessor  : Writing ["1.0.1.48"]
2025-10-10T09:40:22.227-05:00 DEBUG 14708 --- [wms-backend] [http-nio-8080-exec-7] o.s.web.servlet.DispatcherServlet        : Completed 200 OK
2025-10-10T09:41:22.223-05:00 DEBUG 14708 --- [wms-backend] [http-nio-8080-exec-6] o.s.web.servlet.DispatcherServlet        : GET "/general/version", parameters={}
2025-10-10T09:41:22.223-05:00 DEBUG 14708 --- [wms-backend] [http-nio-8080-exec-6] s.w.s.m.m.a.RequestMappingHandlerMapping : Mapped to com.woden.wms_backend.controllers.WmsWdGeneral.VersionController#getVersion()
2025-10-10T09:41:22.225-05:00 DEBUG 14708 --- [wms-backend] [http-nio-8080-exec-6] o.s.w.s.m.m.a.HttpEntityMethodProcessor  : Using 'application/json', given [application/json, text/plain, */*] and supported [text/plain, */*, application/json, application/*+json, application/yaml, application/xml;charset=UTF-8, text/xml;charset=UTF-8, application/*+xml;charset=UTF-8]
2025-10-10T09:41:22.225-05:00 DEBUG 14708 --- [wms-backend] [http-nio-8080-exec-6] o.s.w.s.m.m.a.HttpEntityMethodProcessor  : Writing ["1.0.1.48"]
2025-10-10T09:41:22.226-05:00 DEBUG 14708 --- [wms-backend] [http-nio-8080-exec-6] o.s.web.servlet.DispatcherServlet        : Completed 200 OK
2025-10-10T09:42:22.248-05:00 DEBUG 14708 --- [wms-backend] [http-nio-8080-exec-5] o.s.web.servlet.DispatcherServlet        : GET "/general/version", parameters={}
2025-10-10T09:42:22.249-05:00 DEBUG 14708 --- [wms-backend] [http-nio-8080-exec-5] s.w.s.m.m.a.RequestMappingHandlerMapping : Mapped to com.woden.wms_backend.controllers.WmsWdGeneral.VersionController#getVersion()
2025-10-10T09:42:22.250-05:00 DEBUG 14708 --- [wms-backend] [http-nio-8080-exec-5] o.s.w.s.m.m.a.HttpEntityMethodProcessor  : Using 'application/json', given [application/json, text/plain, */*] and supported [text/plain, */*, application/json, application/*+json, application/yaml, application/xml;charset=UTF-8, text/xml;charset=UTF-8, application/*+xml;charset=UTF-8]
2025-10-10T09:42:22.250-05:00 DEBUG 14708 --- [wms-backend] [http-nio-8080-exec-5] o.s.w.s.m.m.a.HttpEntityMethodProcessor  : Writing ["1.0.1.48"]
2025-10-10T09:42:22.251-05:00 DEBUG 14708 --- [wms-backend] [http-nio-8080-exec-5] o.s.web.servlet.DispatcherServlet        : Completed 200 OK
2025-10-10T09:43:22.221-05:00 DEBUG 14708 --- [wms-backend] [http-nio-8080-exec-1] o.s.web.servlet.DispatcherServlet        : GET "/general/version", parameters={}
2025-10-10T09:43:22.221-05:00 DEBUG 14708 --- [wms-backend] [http-nio-8080-exec-1] s.w.s.m.m.a.RequestMappingHandlerMapping : Mapped to com.woden.wms_backend.controllers.WmsWdGeneral.VersionController#getVersion()
2025-10-10T09:43:22.221-05:00 DEBUG 14708 --- [wms-backend] [http-nio-8080-exec-1] o.s.w.s.m.m.a.HttpEntityMethodProcessor  : Using 'application/json', given [application/json, text/plain, */*] and supported [text/plain, */*, application/json, application/*+json, application/yaml, application/xml;charset=UTF-8, text/xml;charset=UTF-8, application/*+xml;charset=UTF-8]
2025-10-10T09:43:22.222-05:00 DEBUG 14708 --- [wms-backend] [http-nio-8080-exec-1] o.s.w.s.m.m.a.HttpEntityMethodProcessor  : Writing ["1.0.1.48"]
2025-10-10T09:43:22.256-05:00 DEBUG 14708 --- [wms-backend] [http-nio-8080-exec-1] o.s.web.servlet.DispatcherServlet        : Completed 200 OK
2025-10-10T09:44:22.225-05:00 DEBUG 14708 --- [wms-backend] [http-nio-8080-exec-9] o.s.web.servlet.DispatcherServlet        : GET "/general/version", parameters={}
2025-10-10T09:44:22.227-05:00 DEBUG 14708 --- [wms-backend] [http-nio-8080-exec-9] s.w.s.m.m.a.RequestMappingHandlerMapping : Mapped to com.woden.wms_backend.controllers.WmsWdGeneral.VersionController#getVersion()
2025-10-10T09:44:22.228-05:00 DEBUG 14708 --- [wms-backend] [http-nio-8080-exec-9] o.s.w.s.m.m.a.HttpEntityMethodProcessor  : Using 'application/json', given [application/json, text/plain, */*] and supported [text/plain, */*, application/json, application/*+json, application/yaml, application/xml;charset=UTF-8, text/xml;charset=UTF-8, application/*+xml;charset=UTF-8]
2025-10-10T09:44:22.228-05:00 DEBUG 14708 --- [wms-backend] [http-nio-8080-exec-9] o.s.w.s.m.m.a.HttpEntityMethodProcessor  : Writing ["1.0.1.48"]
2025-10-10T09:44:22.228-05:00 DEBUG 14708 --- [wms-backend] [http-nio-8080-exec-9] o.s.web.servlet.DispatcherServlet        : Completed 200 OK
2025-10-10T09:45:22.228-05:00 DEBUG 14708 --- [wms-backend] [http-nio-8080-exec-10] o.s.web.servlet.DispatcherServlet        : GET "/general/version", parameters={}
2025-10-10T09:45:22.228-05:00 DEBUG 14708 --- [wms-backend] [http-nio-8080-exec-10] s.w.s.m.m.a.RequestMappingHandlerMapping : Mapped to com.woden.wms_backend.controllers.WmsWdGeneral.VersionController#getVersion()
2025-10-10T09:45:22.229-05:00 DEBUG 14708 --- [wms-backend] [http-nio-8080-exec-10] o.s.w.s.m.m.a.HttpEntityMethodProcessor  : Using 'application/json', given [application/json, text/plain, */*] and supported [text/plain, */*, application/json, application/*+json, application/yaml, application/xml;charset=UTF-8, text/xml;charset=UTF-8, application/*+xml;charset=UTF-8]
2025-10-10T09:45:22.229-05:00 DEBUG 14708 --- [wms-backend] [http-nio-8080-exec-10] o.s.w.s.m.m.a.HttpEntityMethodProcessor  : Writing ["1.0.1.48"]
2025-10-10T09:45:22.229-05:00 DEBUG 14708 --- [wms-backend] [http-nio-8080-exec-10] o.s.web.servlet.DispatcherServlet        : Completed 200 OK
2025-10-10T09:46:06.831-05:00 DEBUG 14708 --- [wms-backend] [http-nio-8080-exec-4] o.s.web.servlet.DispatcherServlet        : GET "/general/version", parameters={}
2025-10-10T09:46:06.831-05:00 DEBUG 14708 --- [wms-backend] [http-nio-8080-exec-4] s.w.s.m.m.a.RequestMappingHandlerMapping : Mapped to com.woden.wms_backend.controllers.WmsWdGeneral.VersionController#getVersion()
2025-10-10T09:46:06.833-05:00 DEBUG 14708 --- [wms-backend] [http-nio-8080-exec-4] o.s.w.s.m.m.a.HttpEntityMethodProcessor  : Using 'application/json', given [application/json, text/plain, */*] and supported [text/plain, */*, application/json, application/*+json, application/yaml, application/xml;charset=UTF-8, text/xml;charset=UTF-8, application/*+xml;charset=UTF-8]
2025-10-10T09:46:06.833-05:00 DEBUG 14708 --- [wms-backend] [http-nio-8080-exec-4] o.s.w.s.m.m.a.HttpEntityMethodProcessor  : Writing ["1.0.1.48"]
2025-10-10T09:46:06.834-05:00 DEBUG 14708 --- [wms-backend] [http-nio-8080-exec-4] o.s.web.servlet.DispatcherServlet        : Completed 200 OK
2025-10-10T09:46:08.702-05:00 DEBUG 14708 --- [wms-backend] [http-nio-8080-exec-2] o.s.web.servlet.DispatcherServlet        : GET "/general/version", parameters={}
2025-10-10T09:46:08.703-05:00 DEBUG 14708 --- [wms-backend] [http-nio-8080-exec-2] s.w.s.m.m.a.RequestMappingHandlerMapping : Mapped to com.woden.wms_backend.controllers.WmsWdGeneral.VersionController#getVersion()
2025-10-10T09:46:08.703-05:00 DEBUG 14708 --- [wms-backend] [http-nio-8080-exec-2] o.s.w.s.m.m.a.HttpEntityMethodProcessor  : Using 'application/json', given [application/json, text/plain, */*] and supported [text/plain, */*, application/json, application/*+json, application/yaml, application/xml;charset=UTF-8, text/xml;charset=UTF-8, application/*+xml;charset=UTF-8]
2025-10-10T09:46:08.703-05:00 DEBUG 14708 --- [wms-backend] [http-nio-8080-exec-2] o.s.w.s.m.m.a.HttpEntityMethodProcessor  : Writing ["1.0.1.48"]
2025-10-10T09:46:08.705-05:00 DEBUG 14708 --- [wms-backend] [http-nio-8080-exec-2] o.s.web.servlet.DispatcherServlet        : Completed 200 OK
2025-10-10T09:46:19.224-05:00 DEBUG 14708 --- [wms-backend] [http-nio-8080-exec-8] o.s.web.servlet.DispatcherServlet        : GET "/general/version", parameters={}
2025-10-10T09:46:19.224-05:00 DEBUG 14708 --- [wms-backend] [http-nio-8080-exec-8] s.w.s.m.m.a.RequestMappingHandlerMapping : Mapped to com.woden.wms_backend.controllers.WmsWdGeneral.VersionController#getVersion()
2025-10-10T09:46:19.225-05:00 DEBUG 14708 --- [wms-backend] [http-nio-8080-exec-8] o.s.w.s.m.m.a.HttpEntityMethodProcessor  : Using 'application/json', given [application/json, text/plain, */*] and supported [text/plain, */*, application/json, application/*+json, application/yaml, application/xml;charset=UTF-8, text/xml;charset=UTF-8, application/*+xml;charset=UTF-8]
2025-10-10T09:46:19.226-05:00 DEBUG 14708 --- [wms-backend] [http-nio-8080-exec-8] o.s.w.s.m.m.a.HttpEntityMethodProcessor  : Writing ["1.0.1.48"]
2025-10-10T09:46:19.227-05:00 DEBUG 14708 --- [wms-backend] [http-nio-8080-exec-8] o.s.web.servlet.DispatcherServlet        : Completed 200 OK
2025-10-10T09:46:29.258-05:00 DEBUG 14708 --- [wms-backend] [http-nio-8080-exec-3] o.s.web.servlet.DispatcherServlet        : GET "/general/version", parameters={}
2025-10-10T09:46:29.258-05:00 DEBUG 14708 --- [wms-backend] [http-nio-8080-exec-3] s.w.s.m.m.a.RequestMappingHandlerMapping : Mapped to com.woden.wms_backend.controllers.WmsWdGeneral.VersionController#getVersion()
2025-10-10T09:46:29.260-05:00 DEBUG 14708 --- [wms-backend] [http-nio-8080-exec-3] o.s.w.s.m.m.a.HttpEntityMethodProcessor  : Using 'application/json', given [application/json, text/plain, */*] and supported [text/plain, */*, application/json, application/*+json, application/yaml, application/xml;charset=UTF-8, text/xml;charset=UTF-8, application/*+xml;charset=UTF-8]
2025-10-10T09:46:29.260-05:00 DEBUG 14708 --- [wms-backend] [http-nio-8080-exec-3] o.s.w.s.m.m.a.HttpEntityMethodProcessor  : Writing ["1.0.1.48"]
2025-10-10T09:46:29.260-05:00 DEBUG 14708 --- [wms-backend] [http-nio-8080-exec-3] o.s.web.servlet.DispatcherServlet        : Completed 200 OK
2025-10-10T09:46:38.694-05:00 DEBUG 14708 --- [wms-backend] [http-nio-8080-exec-7] o.s.web.servlet.DispatcherServlet        : GET "/general/version", parameters={}
2025-10-10T09:46:38.694-05:00 DEBUG 14708 --- [wms-backend] [http-nio-8080-exec-7] s.w.s.m.m.a.RequestMappingHandlerMapping : Mapped to com.woden.wms_backend.controllers.WmsWdGeneral.VersionController#getVersion()
2025-10-10T09:46:38.696-05:00 DEBUG 14708 --- [wms-backend] [http-nio-8080-exec-7] o.s.w.s.m.m.a.HttpEntityMethodProcessor  : Using 'application/json', given [application/json, text/plain, */*] and supported [text/plain, */*, application/json, application/*+json, application/yaml, application/xml;charset=UTF-8, text/xml;charset=UTF-8, application/*+xml;charset=UTF-8]
2025-10-10T09:46:38.696-05:00 DEBUG 14708 --- [wms-backend] [http-nio-8080-exec-7] o.s.w.s.m.m.a.HttpEntityMethodProcessor  : Writing ["1.0.1.48"]
2025-10-10T09:46:38.696-05:00 DEBUG 14708 --- [wms-backend] [http-nio-8080-exec-7] o.s.web.servlet.DispatcherServlet        : Completed 200 OK
2025-10-10T09:46:49.212-05:00 DEBUG 14708 --- [wms-backend] [http-nio-8080-exec-6] o.s.web.servlet.DispatcherServlet        : GET "/general/version", parameters={}
2025-10-10T09:46:49.212-05:00 DEBUG 14708 --- [wms-backend] [http-nio-8080-exec-6] s.w.s.m.m.a.RequestMappingHandlerMapping : Mapped to com.woden.wms_backend.controllers.WmsWdGeneral.VersionController#getVersion()
2025-10-10T09:46:49.214-05:00 DEBUG 14708 --- [wms-backend] [http-nio-8080-exec-6] o.s.w.s.m.m.a.HttpEntityMethodProcessor  : Using 'application/json', given [application/json, text/plain, */*] and supported [text/plain, */*, application/json, application/*+json, application/yaml, application/xml;charset=UTF-8, text/xml;charset=UTF-8, application/*+xml;charset=UTF-8]
2025-10-10T09:46:49.214-05:00 DEBUG 14708 --- [wms-backend] [http-nio-8080-exec-6] o.s.w.s.m.m.a.HttpEntityMethodProcessor  : Writing ["1.0.1.48"]
2025-10-10T09:46:49.214-05:00 DEBUG 14708 --- [wms-backend] [http-nio-8080-exec-6] o.s.web.servlet.DispatcherServlet        : Completed 200 OK
2025-10-10T09:46:59.208-05:00 DEBUG 14708 --- [wms-backend] [http-nio-8080-exec-5] o.s.web.servlet.DispatcherServlet        : GET "/general/version", parameters={}
2025-10-10T09:46:59.208-05:00 DEBUG 14708 --- [wms-backend] [http-nio-8080-exec-5] s.w.s.m.m.a.RequestMappingHandlerMapping : Mapped to com.woden.wms_backend.controllers.WmsWdGeneral.VersionController#getVersion()
2025-10-10T09:46:59.208-05:00 DEBUG 14708 --- [wms-backend] [http-nio-8080-exec-5] o.s.w.s.m.m.a.HttpEntityMethodProcessor  : Using 'application/json', given [application/json, text/plain, */*] and supported [text/plain, */*, application/json, application/*+json, application/yaml, application/xml;charset=UTF-8, text/xml;charset=UTF-8, application/*+xml;charset=UTF-8]
2025-10-10T09:46:59.208-05:00 DEBUG 14708 --- [wms-backend] [http-nio-8080-exec-5] o.s.w.s.m.m.a.HttpEntityMethodProcessor  : Writing ["1.0.1.48"]
2025-10-10T09:46:59.208-05:00 DEBUG 14708 --- [wms-backend] [http-nio-8080-exec-5] o.s.web.servlet.DispatcherServlet        : Completed 200 OK
2025-10-10T09:47:09.227-05:00 DEBUG 14708 --- [wms-backend] [http-nio-8080-exec-1] o.s.web.servlet.DispatcherServlet        : GET "/general/version", parameters={}
2025-10-10T09:47:09.227-05:00 DEBUG 14708 --- [wms-backend] [http-nio-8080-exec-1] s.w.s.m.m.a.RequestMappingHandlerMapping : Mapped to com.woden.wms_backend.controllers.WmsWdGeneral.VersionController#getVersion()
2025-10-10T09:47:09.227-05:00 DEBUG 14708 --- [wms-backend] [http-nio-8080-exec-1] o.s.w.s.m.m.a.HttpEntityMethodProcessor  : Using 'application/json', given [application/json, text/plain, */*] and supported [text/plain, */*, application/json, application/*+json, application/yaml, application/xml;charset=UTF-8, text/xml;charset=UTF-8, application/*+xml;charset=UTF-8]
2025-10-10T09:47:09.227-05:00 DEBUG 14708 --- [wms-backend] [http-nio-8080-exec-1] o.s.w.s.m.m.a.HttpEntityMethodProcessor  : Writing ["1.0.1.48"]
2025-10-10T09:47:09.230-05:00 DEBUG 14708 --- [wms-backend] [http-nio-8080-exec-1] o.s.web.servlet.DispatcherServlet        : Completed 200 OK
2025-10-10T09:47:19.214-05:00 DEBUG 14708 --- [wms-backend] [http-nio-8080-exec-9] o.s.web.servlet.DispatcherServlet        : GET "/general/version", parameters={}
2025-10-10T09:47:19.215-05:00 DEBUG 14708 --- [wms-backend] [http-nio-8080-exec-9] s.w.s.m.m.a.RequestMappingHandlerMapping : Mapped to com.woden.wms_backend.controllers.WmsWdGeneral.VersionController#getVersion()
2025-10-10T09:47:19.216-05:00 DEBUG 14708 --- [wms-backend] [http-nio-8080-exec-9] o.s.w.s.m.m.a.HttpEntityMethodProcessor  : Using 'application/json', given [application/json, text/plain, */*] and supported [text/plain, */*, application/json, application/*+json, application/yaml, application/xml;charset=UTF-8, text/xml;charset=UTF-8, application/*+xml;charset=UTF-8]
2025-10-10T09:47:19.216-05:00 DEBUG 14708 --- [wms-backend] [http-nio-8080-exec-9] o.s.w.s.m.m.a.HttpEntityMethodProcessor  : Writing ["1.0.1.48"]
2025-10-10T09:47:19.217-05:00 DEBUG 14708 --- [wms-backend] [http-nio-8080-exec-9] o.s.web.servlet.DispatcherServlet        : Completed 200 OK
2025-10-10T09:47:29.211-05:00 DEBUG 14708 --- [wms-backend] [http-nio-8080-exec-10] o.s.web.servlet.DispatcherServlet        : GET "/general/version", parameters={}
2025-10-10T09:47:29.211-05:00 DEBUG 14708 --- [wms-backend] [http-nio-8080-exec-10] s.w.s.m.m.a.RequestMappingHandlerMapping : Mapped to com.woden.wms_backend.controllers.WmsWdGeneral.VersionController#getVersion()
2025-10-10T09:47:29.211-05:00 DEBUG 14708 --- [wms-backend] [http-nio-8080-exec-10] o.s.w.s.m.m.a.HttpEntityMethodProcessor  : Using 'application/json', given [application/json, text/plain, */*] and supported [text/plain, */*, application/json, application/*+json, application/yaml, application/xml;charset=UTF-8, text/xml;charset=UTF-8, application/*+xml;charset=UTF-8]
2025-10-10T09:47:29.211-05:00 DEBUG 14708 --- [wms-backend] [http-nio-8080-exec-10] o.s.w.s.m.m.a.HttpEntityMethodProcessor  : Writing ["1.0.1.48"]
2025-10-10T09:47:29.211-05:00 DEBUG 14708 --- [wms-backend] [http-nio-8080-exec-10] o.s.web.servlet.DispatcherServlet        : Completed 200 OK
2025-10-10T09:47:39.443-05:00 DEBUG 14708 --- [wms-backend] [http-nio-8080-exec-4] o.s.web.servlet.DispatcherServlet        : GET "/general/version", parameters={}
2025-10-10T09:47:39.443-05:00 DEBUG 14708 --- [wms-backend] [http-nio-8080-exec-4] s.w.s.m.m.a.RequestMappingHandlerMapping : Mapped to com.woden.wms_backend.controllers.WmsWdGeneral.VersionController#getVersion()
2025-10-10T09:47:39.443-05:00 DEBUG 14708 --- [wms-backend] [http-nio-8080-exec-4] o.s.w.s.m.m.a.HttpEntityMethodProcessor  : Using 'application/json', given [application/json, text/plain, */*] and supported [text/plain, */*, application/json, application/*+json, application/yaml, application/xml;charset=UTF-8, text/xml;charset=UTF-8, application/*+xml;charset=UTF-8]
2025-10-10T09:47:39.443-05:00 DEBUG 14708 --- [wms-backend] [http-nio-8080-exec-4] o.s.w.s.m.m.a.HttpEntityMethodProcessor  : Writing ["1.0.1.48"]
2025-10-10T09:47:39.445-05:00 DEBUG 14708 --- [wms-backend] [http-nio-8080-exec-4] o.s.web.servlet.DispatcherServlet        : Completed 200 OK
2025-10-10T09:47:49.404-05:00 DEBUG 14708 --- [wms-backend] [http-nio-8080-exec-8] o.s.web.servlet.DispatcherServlet        : GET "/general/version", parameters={}
2025-10-10T09:47:49.406-05:00 DEBUG 14708 --- [wms-backend] [http-nio-8080-exec-8] s.w.s.m.m.a.RequestMappingHandlerMapping : Mapped to com.woden.wms_backend.controllers.WmsWdGeneral.VersionController#getVersion()
2025-10-10T09:47:49.406-05:00 DEBUG 14708 --- [wms-backend] [http-nio-8080-exec-8] o.s.w.s.m.m.a.HttpEntityMethodProcessor  : Using 'application/json', given [application/json, text/plain, */*] and supported [text/plain, */*, application/json, application/*+json, application/yaml, application/xml;charset=UTF-8, text/xml;charset=UTF-8, application/*+xml;charset=UTF-8]
2025-10-10T09:47:49.408-05:00 DEBUG 14708 --- [wms-backend] [http-nio-8080-exec-8] o.s.w.s.m.m.a.HttpEntityMethodProcessor  : Writing ["1.0.1.48"]
2025-10-10T09:47:49.408-05:00 DEBUG 14708 --- [wms-backend] [http-nio-8080-exec-8] o.s.web.servlet.DispatcherServlet        : Completed 200 OK
2025-10-10T09:47:59.230-05:00 DEBUG 14708 --- [wms-backend] [http-nio-8080-exec-3] o.s.web.servlet.DispatcherServlet        : GET "/general/version", parameters={}
2025-10-10T09:47:59.230-05:00 DEBUG 14708 --- [wms-backend] [http-nio-8080-exec-3] s.w.s.m.m.a.RequestMappingHandlerMapping : Mapped to com.woden.wms_backend.controllers.WmsWdGeneral.VersionController#getVersion()
2025-10-10T09:47:59.230-05:00 DEBUG 14708 --- [wms-backend] [http-nio-8080-exec-3] o.s.w.s.m.m.a.HttpEntityMethodProcessor  : Using 'application/json', given [application/json, text/plain, */*] and supported [text/plain, */*, application/json, application/*+json, application/yaml, application/xml;charset=UTF-8, text/xml;charset=UTF-8, application/*+xml;charset=UTF-8]
2025-10-10T09:47:59.230-05:00 DEBUG 14708 --- [wms-backend] [http-nio-8080-exec-3] o.s.w.s.m.m.a.HttpEntityMethodProcessor  : Writing ["1.0.1.48"]
2025-10-10T09:47:59.232-05:00 DEBUG 14708 --- [wms-backend] [http-nio-8080-exec-3] o.s.web.servlet.DispatcherServlet        : Completed 200 OK
2025-10-10T09:48:09.217-05:00 DEBUG 14708 --- [wms-backend] [http-nio-8080-exec-7] o.s.web.servlet.DispatcherServlet        : GET "/general/version", parameters={}
2025-10-10T09:48:09.217-05:00 DEBUG 14708 --- [wms-backend] [http-nio-8080-exec-7] s.w.s.m.m.a.RequestMappingHandlerMapping : Mapped to com.woden.wms_backend.controllers.WmsWdGeneral.VersionController#getVersion()
2025-10-10T09:48:09.218-05:00 DEBUG 14708 --- [wms-backend] [http-nio-8080-exec-7] o.s.w.s.m.m.a.HttpEntityMethodProcessor  : Using 'application/json', given [application/json, text/plain, */*] and supported [text/plain, */*, application/json, application/*+json, application/yaml, application/xml;charset=UTF-8, text/xml;charset=UTF-8, application/*+xml;charset=UTF-8]
2025-10-10T09:48:09.218-05:00 DEBUG 14708 --- [wms-backend] [http-nio-8080-exec-7] o.s.w.s.m.m.a.HttpEntityMethodProcessor  : Writing ["1.0.1.48"]
2025-10-10T09:48:09.219-05:00 DEBUG 14708 --- [wms-backend] [http-nio-8080-exec-7] o.s.web.servlet.DispatcherServlet        : Completed 200 OK
2025-10-10T09:48:22.294-05:00 DEBUG 14708 --- [wms-backend] [http-nio-8080-exec-6] o.s.web.servlet.DispatcherServlet        : GET "/general/version", parameters={}
2025-10-10T09:48:22.295-05:00 DEBUG 14708 --- [wms-backend] [http-nio-8080-exec-6] s.w.s.m.m.a.RequestMappingHandlerMapping : Mapped to com.woden.wms_backend.controllers.WmsWdGeneral.VersionController#getVersion()
2025-10-10T09:48:22.296-05:00 DEBUG 14708 --- [wms-backend] [http-nio-8080-exec-6] o.s.w.s.m.m.a.HttpEntityMethodProcessor  : Using 'application/json', given [application/json, text/plain, */*] and supported [text/plain, */*, application/json, application/*+json, application/yaml, application/xml;charset=UTF-8, text/xml;charset=UTF-8, application/*+xml;charset=UTF-8]
2025-10-10T09:48:22.296-05:00 DEBUG 14708 --- [wms-backend] [http-nio-8080-exec-6] o.s.w.s.m.m.a.HttpEntityMethodProcessor  : Writing ["1.0.1.48"]
2025-10-10T09:48:22.299-05:00 DEBUG 14708 --- [wms-backend] [http-nio-8080-exec-6] o.s.web.servlet.DispatcherServlet        : Completed 200 OK
2025-10-10T09:48:36.987-05:00 DEBUG 14708 --- [wms-backend] [http-nio-8080-exec-1] o.s.web.servlet.DispatcherServlet        : GET "/general/version", parameters={}
2025-10-10T09:48:36.987-05:00 DEBUG 14708 --- [wms-backend] [http-nio-8080-exec-1] s.w.s.m.m.a.RequestMappingHandlerMapping : Mapped to com.woden.wms_backend.controllers.WmsWdGeneral.VersionController#getVersion()
2025-10-10T09:48:37.004-05:00 DEBUG 14708 --- [wms-backend] [http-nio-8080-exec-1] o.s.w.s.m.m.a.HttpEntityMethodProcessor  : Using 'application/json', given [application/json, text/plain, */*] and supported [text/plain, */*, application/json, application/*+json, application/yaml, application/xml;charset=UTF-8, text/xml;charset=UTF-8, application/*+xml;charset=UTF-8]
2025-10-10T09:48:37.005-05:00 DEBUG 14708 --- [wms-backend] [http-nio-8080-exec-1] o.s.w.s.m.m.a.HttpEntityMethodProcessor  : Writing ["1.0.1.48"]
2025-10-10T09:48:37.021-05:00 DEBUG 14708 --- [wms-backend] [http-nio-8080-exec-1] o.s.web.servlet.DispatcherServlet        : Completed 200 OK
2025-10-10T09:48:38.697-05:00 DEBUG 14708 --- [wms-backend] [http-nio-8080-exec-9] o.s.web.servlet.DispatcherServlet        : GET "/general/version", parameters={}
2025-10-10T09:48:38.697-05:00 DEBUG 14708 --- [wms-backend] [http-nio-8080-exec-9] s.w.s.m.m.a.RequestMappingHandlerMapping : Mapped to com.woden.wms_backend.controllers.WmsWdGeneral.VersionController#getVersion()
2025-10-10T09:48:38.697-05:00 DEBUG 14708 --- [wms-backend] [http-nio-8080-exec-9] o.s.w.s.m.m.a.HttpEntityMethodProcessor  : Using 'application/json', given [application/json, text/plain, */*] and supported [text/plain, */*, application/json, application/*+json, application/yaml, application/xml;charset=UTF-8, text/xml;charset=UTF-8, application/*+xml;charset=UTF-8]
2025-10-10T09:48:38.697-05:00 DEBUG 14708 --- [wms-backend] [http-nio-8080-exec-9] o.s.w.s.m.m.a.HttpEntityMethodProcessor  : Writing ["1.0.1.48"]
2025-10-10T09:48:38.702-05:00 DEBUG 14708 --- [wms-backend] [http-nio-8080-exec-9] o.s.web.servlet.DispatcherServlet        : Completed 200 OK
2025-10-10T09:48:48.900-05:00 DEBUG 14708 --- [wms-backend] [http-nio-8080-exec-4] o.s.web.servlet.DispatcherServlet        : GET "/general/version", parameters={}
2025-10-10T09:48:48.900-05:00 DEBUG 14708 --- [wms-backend] [http-nio-8080-exec-4] s.w.s.m.m.a.RequestMappingHandlerMapping : Mapped to com.woden.wms_backend.controllers.WmsWdGeneral.VersionController#getVersion()
2025-10-10T09:48:48.904-05:00 DEBUG 14708 --- [wms-backend] [http-nio-8080-exec-4] o.s.w.s.m.m.a.HttpEntityMethodProcessor  : Using 'application/json', given [application/json, text/plain, */*] and supported [text/plain, */*, application/json, application/*+json, application/yaml, application/xml;charset=UTF-8, text/xml;charset=UTF-8, application/*+xml;charset=UTF-8]
2025-10-10T09:48:48.904-05:00 DEBUG 14708 --- [wms-backend] [http-nio-8080-exec-4] o.s.w.s.m.m.a.HttpEntityMethodProcessor  : Writing ["1.0.1.48"]
2025-10-10T09:48:48.909-05:00 DEBUG 14708 --- [wms-backend] [http-nio-8080-exec-4] o.s.web.servlet.DispatcherServlet        : Completed 200 OK
2025-10-10T09:48:59.214-05:00 DEBUG 14708 --- [wms-backend] [http-nio-8080-exec-2] o.s.web.servlet.DispatcherServlet        : GET "/general/version", parameters={}
2025-10-10T09:48:59.214-05:00 DEBUG 14708 --- [wms-backend] [http-nio-8080-exec-2] s.w.s.m.m.a.RequestMappingHandlerMapping : Mapped to com.woden.wms_backend.controllers.WmsWdGeneral.VersionController#getVersion()
2025-10-10T09:48:59.215-05:00 DEBUG 14708 --- [wms-backend] [http-nio-8080-exec-2] o.s.w.s.m.m.a.HttpEntityMethodProcessor  : Using 'application/json', given [application/json, text/plain, */*] and supported [text/plain, */*, application/json, application/*+json, application/yaml, application/xml;charset=UTF-8, text/xml;charset=UTF-8, application/*+xml;charset=UTF-8]
2025-10-10T09:48:59.215-05:00 DEBUG 14708 --- [wms-backend] [http-nio-8080-exec-2] o.s.w.s.m.m.a.HttpEntityMethodProcessor  : Writing ["1.0.1.48"]
2025-10-10T09:48:59.217-05:00 DEBUG 14708 --- [wms-backend] [http-nio-8080-exec-2] o.s.web.servlet.DispatcherServlet        : Completed 200 OK
2025-10-10T09:49:09.238-05:00 DEBUG 14708 --- [wms-backend] [http-nio-8080-exec-8] o.s.web.servlet.DispatcherServlet        : GET "/general/version", parameters={}
2025-10-10T09:49:09.238-05:00 DEBUG 14708 --- [wms-backend] [http-nio-8080-exec-8] s.w.s.m.m.a.RequestMappingHandlerMapping : Mapped to com.woden.wms_backend.controllers.WmsWdGeneral.VersionController#getVersion()
2025-10-10T09:49:09.239-05:00 DEBUG 14708 --- [wms-backend] [http-nio-8080-exec-8] o.s.w.s.m.m.a.HttpEntityMethodProcessor  : Using 'application/json', given [application/json, text/plain, */*] and supported [text/plain, */*, application/json, application/*+json, application/yaml, application/xml;charset=UTF-8, text/xml;charset=UTF-8, application/*+xml;charset=UTF-8]
2025-10-10T09:49:09.239-05:00 DEBUG 14708 --- [wms-backend] [http-nio-8080-exec-8] o.s.w.s.m.m.a.HttpEntityMethodProcessor  : Writing ["1.0.1.48"]
2025-10-10T09:49:09.240-05:00 DEBUG 14708 --- [wms-backend] [http-nio-8080-exec-8] o.s.web.servlet.DispatcherServlet        : Completed 200 OK
2025-10-10T09:49:19.233-05:00 DEBUG 14708 --- [wms-backend] [http-nio-8080-exec-3] o.s.web.servlet.DispatcherServlet        : GET "/general/version", parameters={}
2025-10-10T09:49:19.233-05:00 DEBUG 14708 --- [wms-backend] [http-nio-8080-exec-3] s.w.s.m.m.a.RequestMappingHandlerMapping : Mapped to com.woden.wms_backend.controllers.WmsWdGeneral.VersionController#getVersion()
2025-10-10T09:49:19.233-05:00 DEBUG 14708 --- [wms-backend] [http-nio-8080-exec-3] o.s.w.s.m.m.a.HttpEntityMethodProcessor  : Using 'application/json', given [application/json, text/plain, */*] and supported [text/plain, */*, application/json, application/*+json, application/yaml, application/xml;charset=UTF-8, text/xml;charset=UTF-8, application/*+xml;charset=UTF-8]
2025-10-10T09:49:19.233-05:00 DEBUG 14708 --- [wms-backend] [http-nio-8080-exec-3] o.s.w.s.m.m.a.HttpEntityMethodProcessor  : Writing ["1.0.1.48"]
2025-10-10T09:49:19.233-05:00 DEBUG 14708 --- [wms-backend] [http-nio-8080-exec-3] o.s.web.servlet.DispatcherServlet        : Completed 200 OK
2025-10-10T09:49:29.226-05:00 DEBUG 14708 --- [wms-backend] [http-nio-8080-exec-7] o.s.web.servlet.DispatcherServlet        : GET "/general/version", parameters={}
2025-10-10T09:49:29.226-05:00 DEBUG 14708 --- [wms-backend] [http-nio-8080-exec-7] s.w.s.m.m.a.RequestMappingHandlerMapping : Mapped to com.woden.wms_backend.controllers.WmsWdGeneral.VersionController#getVersion()
2025-10-10T09:49:29.228-05:00 DEBUG 14708 --- [wms-backend] [http-nio-8080-exec-7] o.s.w.s.m.m.a.HttpEntityMethodProcessor  : Using 'application/json', given [application/json, text/plain, */*] and supported [text/plain, */*, application/json, application/*+json, application/yaml, application/xml;charset=UTF-8, text/xml;charset=UTF-8, application/*+xml;charset=UTF-8]
2025-10-10T09:49:29.228-05:00 DEBUG 14708 --- [wms-backend] [http-nio-8080-exec-7] o.s.w.s.m.m.a.HttpEntityMethodProcessor  : Writing ["1.0.1.48"]
2025-10-10T09:49:29.230-05:00 DEBUG 14708 --- [wms-backend] [http-nio-8080-exec-7] o.s.web.servlet.DispatcherServlet        : Completed 200 OK
2025-10-10T09:49:39.220-05:00 DEBUG 14708 --- [wms-backend] [http-nio-8080-exec-6] o.s.web.servlet.DispatcherServlet        : GET "/general/version", parameters={}
2025-10-10T09:49:39.220-05:00 DEBUG 14708 --- [wms-backend] [http-nio-8080-exec-6] s.w.s.m.m.a.RequestMappingHandlerMapping : Mapped to com.woden.wms_backend.controllers.WmsWdGeneral.VersionController#getVersion()
2025-10-10T09:49:39.232-05:00 DEBUG 14708 --- [wms-backend] [http-nio-8080-exec-6] o.s.w.s.m.m.a.HttpEntityMethodProcessor  : Using 'application/json', given [application/json, text/plain, */*] and supported [text/plain, */*, application/json, application/*+json, application/yaml, application/xml;charset=UTF-8, text/xml;charset=UTF-8, application/*+xml;charset=UTF-8]
2025-10-10T09:49:39.232-05:00 DEBUG 14708 --- [wms-backend] [http-nio-8080-exec-6] o.s.w.s.m.m.a.HttpEntityMethodProcessor  : Writing ["1.0.1.48"]
2025-10-10T09:49:39.233-05:00 DEBUG 14708 --- [wms-backend] [http-nio-8080-exec-6] o.s.web.servlet.DispatcherServlet        : Completed 200 OK
2025-10-10T09:50:22.227-05:00 DEBUG 14708 --- [wms-backend] [http-nio-8080-exec-5] o.s.web.servlet.DispatcherServlet        : GET "/general/version", parameters={}
2025-10-10T09:50:22.228-05:00 DEBUG 14708 --- [wms-backend] [http-nio-8080-exec-5] s.w.s.m.m.a.RequestMappingHandlerMapping : Mapped to com.woden.wms_backend.controllers.WmsWdGeneral.VersionController#getVersion()
2025-10-10T09:50:22.228-05:00 DEBUG 14708 --- [wms-backend] [http-nio-8080-exec-5] o.s.w.s.m.m.a.HttpEntityMethodProcessor  : Using 'application/json', given [application/json, text/plain, */*] and supported [text/plain, */*, application/json, application/*+json, application/yaml, application/xml;charset=UTF-8, text/xml;charset=UTF-8, application/*+xml;charset=UTF-8]
2025-10-10T09:50:22.228-05:00 DEBUG 14708 --- [wms-backend] [http-nio-8080-exec-5] o.s.w.s.m.m.a.HttpEntityMethodProcessor  : Writing ["1.0.1.48"]
2025-10-10T09:50:22.228-05:00 DEBUG 14708 --- [wms-backend] [http-nio-8080-exec-5] o.s.web.servlet.DispatcherServlet        : Completed 200 OK
2025-10-10T09:51:22.232-05:00 DEBUG 14708 --- [wms-backend] [http-nio-8080-exec-1] o.s.web.servlet.DispatcherServlet        : GET "/general/version", parameters={}
2025-10-10T09:51:22.232-05:00 DEBUG 14708 --- [wms-backend] [http-nio-8080-exec-1] s.w.s.m.m.a.RequestMappingHandlerMapping : Mapped to com.woden.wms_backend.controllers.WmsWdGeneral.VersionController#getVersion()
2025-10-10T09:51:22.232-05:00 DEBUG 14708 --- [wms-backend] [http-nio-8080-exec-1] o.s.w.s.m.m.a.HttpEntityMethodProcessor  : Using 'application/json', given [application/json, text/plain, */*] and supported [text/plain, */*, application/json, application/*+json, application/yaml, application/xml;charset=UTF-8, text/xml;charset=UTF-8, application/*+xml;charset=UTF-8]
2025-10-10T09:51:22.232-05:00 DEBUG 14708 --- [wms-backend] [http-nio-8080-exec-1] o.s.w.s.m.m.a.HttpEntityMethodProcessor  : Writing ["1.0.1.48"]
2025-10-10T09:51:22.233-05:00 DEBUG 14708 --- [wms-backend] [http-nio-8080-exec-1] o.s.web.servlet.DispatcherServlet        : Completed 200 OK
2025-10-10T09:52:22.222-05:00 DEBUG 14708 --- [wms-backend] [http-nio-8080-exec-9] o.s.web.servlet.DispatcherServlet        : GET "/general/version", parameters={}
2025-10-10T09:52:22.223-05:00 DEBUG 14708 --- [wms-backend] [http-nio-8080-exec-9] s.w.s.m.m.a.RequestMappingHandlerMapping : Mapped to com.woden.wms_backend.controllers.WmsWdGeneral.VersionController#getVersion()
2025-10-10T09:52:22.223-05:00 DEBUG 14708 --- [wms-backend] [http-nio-8080-exec-9] o.s.w.s.m.m.a.HttpEntityMethodProcessor  : Using 'application/json', given [application/json, text/plain, */*] and supported [text/plain, */*, application/json, application/*+json, application/yaml, application/xml;charset=UTF-8, text/xml;charset=UTF-8, application/*+xml;charset=UTF-8]
2025-10-10T09:52:22.223-05:00 DEBUG 14708 --- [wms-backend] [http-nio-8080-exec-9] o.s.w.s.m.m.a.HttpEntityMethodProcessor  : Writing ["1.0.1.48"]
2025-10-10T09:52:22.223-05:00 DEBUG 14708 --- [wms-backend] [http-nio-8080-exec-9] o.s.web.servlet.DispatcherServlet        : Completed 200 OK
2025-10-10T09:53:22.228-05:00 DEBUG 14708 --- [wms-backend] [http-nio-8080-exec-4] o.s.web.servlet.DispatcherServlet        : GET "/general/version", parameters={}
2025-10-10T09:53:22.228-05:00 DEBUG 14708 --- [wms-backend] [http-nio-8080-exec-4] s.w.s.m.m.a.RequestMappingHandlerMapping : Mapped to com.woden.wms_backend.controllers.WmsWdGeneral.VersionController#getVersion()
2025-10-10T09:53:22.229-05:00 DEBUG 14708 --- [wms-backend] [http-nio-8080-exec-4] o.s.w.s.m.m.a.HttpEntityMethodProcessor  : Using 'application/json', given [application/json, text/plain, */*] and supported [text/plain, */*, application/json, application/*+json, application/yaml, application/xml;charset=UTF-8, text/xml;charset=UTF-8, application/*+xml;charset=UTF-8]
2025-10-10T09:53:22.229-05:00 DEBUG 14708 --- [wms-backend] [http-nio-8080-exec-4] o.s.w.s.m.m.a.HttpEntityMethodProcessor  : Writing ["1.0.1.48"]
2025-10-10T09:53:22.229-05:00 DEBUG 14708 --- [wms-backend] [http-nio-8080-exec-4] o.s.web.servlet.DispatcherServlet        : Completed 200 OK
2025-10-10T09:54:22.227-05:00 DEBUG 14708 --- [wms-backend] [http-nio-8080-exec-8] o.s.web.servlet.DispatcherServlet        : GET "/general/version", parameters={}
2025-10-10T09:54:22.227-05:00 DEBUG 14708 --- [wms-backend] [http-nio-8080-exec-8] s.w.s.m.m.a.RequestMappingHandlerMapping : Mapped to com.woden.wms_backend.controllers.WmsWdGeneral.VersionController#getVersion()
2025-10-10T09:54:22.228-05:00 DEBUG 14708 --- [wms-backend] [http-nio-8080-exec-8] o.s.w.s.m.m.a.HttpEntityMethodProcessor  : Using 'application/json', given [application/json, text/plain, */*] and supported [text/plain, */*, application/json, application/*+json, application/yaml, application/xml;charset=UTF-8, text/xml;charset=UTF-8, application/*+xml;charset=UTF-8]
2025-10-10T09:54:22.228-05:00 DEBUG 14708 --- [wms-backend] [http-nio-8080-exec-8] o.s.w.s.m.m.a.HttpEntityMethodProcessor  : Writing ["1.0.1.48"]
2025-10-10T09:54:22.229-05:00 DEBUG 14708 --- [wms-backend] [http-nio-8080-exec-8] o.s.web.servlet.DispatcherServlet        : Completed 200 OK
2025-10-10T09:55:22.226-05:00 DEBUG 14708 --- [wms-backend] [http-nio-8080-exec-7] o.s.web.servlet.DispatcherServlet        : GET "/general/version", parameters={}
2025-10-10T09:55:22.226-05:00 DEBUG 14708 --- [wms-backend] [http-nio-8080-exec-7] s.w.s.m.m.a.RequestMappingHandlerMapping : Mapped to com.woden.wms_backend.controllers.WmsWdGeneral.VersionController#getVersion()
2025-10-10T09:55:22.226-05:00 DEBUG 14708 --- [wms-backend] [http-nio-8080-exec-7] o.s.w.s.m.m.a.HttpEntityMethodProcessor  : Using 'application/json', given [application/json, text/plain, */*] and supported [text/plain, */*, application/json, application/*+json, application/yaml, application/xml;charset=UTF-8, text/xml;charset=UTF-8, application/*+xml;charset=UTF-8]
2025-10-10T09:55:22.226-05:00 DEBUG 14708 --- [wms-backend] [http-nio-8080-exec-7] o.s.w.s.m.m.a.HttpEntityMethodProcessor  : Writing ["1.0.1.48"]
2025-10-10T09:55:22.228-05:00 DEBUG 14708 --- [wms-backend] [http-nio-8080-exec-7] o.s.web.servlet.DispatcherServlet        : Completed 200 OK
2025-10-10T09:56:22.265-05:00 DEBUG 14708 --- [wms-backend] [http-nio-8080-exec-6] o.s.web.servlet.DispatcherServlet        : GET "/general/version", parameters={}
2025-10-10T09:56:22.266-05:00 DEBUG 14708 --- [wms-backend] [http-nio-8080-exec-6] s.w.s.m.m.a.RequestMappingHandlerMapping : Mapped to com.woden.wms_backend.controllers.WmsWdGeneral.VersionController#getVersion()
2025-10-10T09:56:22.266-05:00 DEBUG 14708 --- [wms-backend] [http-nio-8080-exec-6] o.s.w.s.m.m.a.HttpEntityMethodProcessor  : Using 'application/json', given [application/json, text/plain, */*] and supported [text/plain, */*, application/json, application/*+json, application/yaml, application/xml;charset=UTF-8, text/xml;charset=UTF-8, application/*+xml;charset=UTF-8]
2025-10-10T09:56:22.266-05:00 DEBUG 14708 --- [wms-backend] [http-nio-8080-exec-6] o.s.w.s.m.m.a.HttpEntityMethodProcessor  : Writing ["1.0.1.48"]
2025-10-10T09:56:22.267-05:00 DEBUG 14708 --- [wms-backend] [http-nio-8080-exec-6] o.s.web.servlet.DispatcherServlet        : Completed 200 OK
2025-10-10T09:57:22.231-05:00 DEBUG 14708 --- [wms-backend] [http-nio-8080-exec-5] o.s.web.servlet.DispatcherServlet        : GET "/general/version", parameters={}
2025-10-10T09:57:22.231-05:00 DEBUG 14708 --- [wms-backend] [http-nio-8080-exec-5] s.w.s.m.m.a.RequestMappingHandlerMapping : Mapped to com.woden.wms_backend.controllers.WmsWdGeneral.VersionController#getVersion()
2025-10-10T09:57:22.232-05:00 DEBUG 14708 --- [wms-backend] [http-nio-8080-exec-5] o.s.w.s.m.m.a.HttpEntityMethodProcessor  : Using 'application/json', given [application/json, text/plain, */*] and supported [text/plain, */*, application/json, application/*+json, application/yaml, application/xml;charset=UTF-8, text/xml;charset=UTF-8, application/*+xml;charset=UTF-8]
2025-10-10T09:57:22.232-05:00 DEBUG 14708 --- [wms-backend] [http-nio-8080-exec-5] o.s.w.s.m.m.a.HttpEntityMethodProcessor  : Writing ["1.0.1.48"]
2025-10-10T09:57:22.232-05:00 DEBUG 14708 --- [wms-backend] [http-nio-8080-exec-5] o.s.web.servlet.DispatcherServlet        : Completed 200 OK
2025-10-10T09:58:22.226-05:00 DEBUG 14708 --- [wms-backend] [http-nio-8080-exec-1] o.s.web.servlet.DispatcherServlet        : GET "/general/version", parameters={}
2025-10-10T09:58:22.227-05:00 DEBUG 14708 --- [wms-backend] [http-nio-8080-exec-1] s.w.s.m.m.a.RequestMappingHandlerMapping : Mapped to com.woden.wms_backend.controllers.WmsWdGeneral.VersionController#getVersion()
2025-10-10T09:58:22.229-05:00 DEBUG 14708 --- [wms-backend] [http-nio-8080-exec-1] o.s.w.s.m.m.a.HttpEntityMethodProcessor  : Using 'application/json', given [application/json, text/plain, */*] and supported [text/plain, */*, application/json, application/*+json, application/yaml, application/xml;charset=UTF-8, text/xml;charset=UTF-8, application/*+xml;charset=UTF-8]
2025-10-10T09:58:22.229-05:00 DEBUG 14708 --- [wms-backend] [http-nio-8080-exec-1] o.s.w.s.m.m.a.HttpEntityMethodProcessor  : Writing ["1.0.1.48"]
2025-10-10T09:58:22.229-05:00 DEBUG 14708 --- [wms-backend] [http-nio-8080-exec-1] o.s.web.servlet.DispatcherServlet        : Completed 200 OK
2025-10-10T09:58:54.772-05:00 DEBUG 14708 --- [wms-backend] [http-nio-8080-exec-10] o.s.web.servlet.DispatcherServlet        : GET "/general/version", parameters={}
2025-10-10T09:58:54.772-05:00 DEBUG 14708 --- [wms-backend] [http-nio-8080-exec-10] s.w.s.m.m.a.RequestMappingHandlerMapping : Mapped to com.woden.wms_backend.controllers.WmsWdGeneral.VersionController#getVersion()
2025-10-10T09:58:54.778-05:00 DEBUG 14708 --- [wms-backend] [http-nio-8080-exec-10] o.s.w.s.m.m.a.HttpEntityMethodProcessor  : Using 'application/json', given [application/json, text/plain, */*] and supported [text/plain, */*, application/json, application/*+json, application/yaml, application/xml;charset=UTF-8, text/xml;charset=UTF-8, application/*+xml;charset=UTF-8]
2025-10-10T09:58:54.779-05:00 DEBUG 14708 --- [wms-backend] [http-nio-8080-exec-10] o.s.w.s.m.m.a.HttpEntityMethodProcessor  : Writing ["1.0.1.48"]
2025-10-10T09:58:54.781-05:00 DEBUG 14708 --- [wms-backend] [http-nio-8080-exec-10] o.s.web.servlet.DispatcherServlet        : Completed 200 OK
2025-10-10T09:58:58.691-05:00 DEBUG 14708 --- [wms-backend] [http-nio-8080-exec-4] o.s.web.servlet.DispatcherServlet        : GET "/general/version", parameters={}
2025-10-10T09:58:58.692-05:00 DEBUG 14708 --- [wms-backend] [http-nio-8080-exec-4] s.w.s.m.m.a.RequestMappingHandlerMapping : Mapped to com.woden.wms_backend.controllers.WmsWdGeneral.VersionController#getVersion()
2025-10-10T09:58:58.693-05:00 DEBUG 14708 --- [wms-backend] [http-nio-8080-exec-4] o.s.w.s.m.m.a.HttpEntityMethodProcessor  : Using 'application/json', given [application/json, text/plain, */*] and supported [text/plain, */*, application/json, application/*+json, application/yaml, application/xml;charset=UTF-8, text/xml;charset=UTF-8, application/*+xml;charset=UTF-8]
2025-10-10T09:58:58.693-05:00 DEBUG 14708 --- [wms-backend] [http-nio-8080-exec-4] o.s.w.s.m.m.a.HttpEntityMethodProcessor  : Writing ["1.0.1.48"]
2025-10-10T09:58:58.694-05:00 DEBUG 14708 --- [wms-backend] [http-nio-8080-exec-4] o.s.web.servlet.DispatcherServlet        : Completed 200 OK
2025-10-10T09:59:08.708-05:00 DEBUG 14708 --- [wms-backend] [http-nio-8080-exec-8] o.s.web.servlet.DispatcherServlet        : GET "/general/version", parameters={}
2025-10-10T09:59:08.708-05:00 DEBUG 14708 --- [wms-backend] [http-nio-8080-exec-8] s.w.s.m.m.a.RequestMappingHandlerMapping : Mapped to com.woden.wms_backend.controllers.WmsWdGeneral.VersionController#getVersion()
2025-10-10T09:59:08.709-05:00 DEBUG 14708 --- [wms-backend] [http-nio-8080-exec-8] o.s.w.s.m.m.a.HttpEntityMethodProcessor  : Using 'application/json', given [application/json, text/plain, */*] and supported [text/plain, */*, application/json, application/*+json, application/yaml, application/xml;charset=UTF-8, text/xml;charset=UTF-8, application/*+xml;charset=UTF-8]
2025-10-10T09:59:08.709-05:00 DEBUG 14708 --- [wms-backend] [http-nio-8080-exec-8] o.s.w.s.m.m.a.HttpEntityMethodProcessor  : Writing ["1.0.1.48"]
2025-10-10T09:59:08.711-05:00 DEBUG 14708 --- [wms-backend] [http-nio-8080-exec-8] o.s.web.servlet.DispatcherServlet        : Completed 200 OK
2025-10-10T09:59:18.697-05:00 DEBUG 14708 --- [wms-backend] [http-nio-8080-exec-7] o.s.web.servlet.DispatcherServlet        : GET "/general/version", parameters={}
2025-10-10T09:59:18.698-05:00 DEBUG 14708 --- [wms-backend] [http-nio-8080-exec-7] s.w.s.m.m.a.RequestMappingHandlerMapping : Mapped to com.woden.wms_backend.controllers.WmsWdGeneral.VersionController#getVersion()
2025-10-10T09:59:18.698-05:00 DEBUG 14708 --- [wms-backend] [http-nio-8080-exec-7] o.s.w.s.m.m.a.HttpEntityMethodProcessor  : Using 'application/json', given [application/json, text/plain, */*] and supported [text/plain, */*, application/json, application/*+json, application/yaml, application/xml;charset=UTF-8, text/xml;charset=UTF-8, application/*+xml;charset=UTF-8]
2025-10-10T09:59:18.699-05:00 DEBUG 14708 --- [wms-backend] [http-nio-8080-exec-7] o.s.w.s.m.m.a.HttpEntityMethodProcessor  : Writing ["1.0.1.48"]
2025-10-10T09:59:18.700-05:00 DEBUG 14708 --- [wms-backend] [http-nio-8080-exec-7] o.s.web.servlet.DispatcherServlet        : Completed 200 OK
2025-10-10T09:59:28.697-05:00 DEBUG 14708 --- [wms-backend] [http-nio-8080-exec-5] o.s.web.servlet.DispatcherServlet        : GET "/general/version", parameters={}
2025-10-10T09:59:28.697-05:00 DEBUG 14708 --- [wms-backend] [http-nio-8080-exec-5] s.w.s.m.m.a.RequestMappingHandlerMapping : Mapped to com.woden.wms_backend.controllers.WmsWdGeneral.VersionController#getVersion()
2025-10-10T09:59:28.698-05:00 DEBUG 14708 --- [wms-backend] [http-nio-8080-exec-5] o.s.w.s.m.m.a.HttpEntityMethodProcessor  : Using 'application/json', given [application/json, text/plain, */*] and supported [text/plain, */*, application/json, application/*+json, application/yaml, application/xml;charset=UTF-8, text/xml;charset=UTF-8, application/*+xml;charset=UTF-8]
2025-10-10T09:59:28.698-05:00 DEBUG 14708 --- [wms-backend] [http-nio-8080-exec-5] o.s.w.s.m.m.a.HttpEntityMethodProcessor  : Writing ["1.0.1.48"]
2025-10-10T09:59:28.699-05:00 DEBUG 14708 --- [wms-backend] [http-nio-8080-exec-5] o.s.web.servlet.DispatcherServlet        : Completed 200 OK
2025-10-10T09:59:38.695-05:00 DEBUG 14708 --- [wms-backend] [http-nio-8080-exec-1] o.s.web.servlet.DispatcherServlet        : GET "/general/version", parameters={}
2025-10-10T09:59:38.695-05:00 DEBUG 14708 --- [wms-backend] [http-nio-8080-exec-1] s.w.s.m.m.a.RequestMappingHandlerMapping : Mapped to com.woden.wms_backend.controllers.WmsWdGeneral.VersionController#getVersion()
2025-10-10T09:59:38.695-05:00 DEBUG 14708 --- [wms-backend] [http-nio-8080-exec-1] o.s.w.s.m.m.a.HttpEntityMethodProcessor  : Using 'application/json', given [application/json, text/plain, */*] and supported [text/plain, */*, application/json, application/*+json, application/yaml, application/xml;charset=UTF-8, text/xml;charset=UTF-8, application/*+xml;charset=UTF-8]
2025-10-10T09:59:38.695-05:00 DEBUG 14708 --- [wms-backend] [http-nio-8080-exec-1] o.s.w.s.m.m.a.HttpEntityMethodProcessor  : Writing ["1.0.1.48"]
2025-10-10T09:59:38.695-05:00 DEBUG 14708 --- [wms-backend] [http-nio-8080-exec-1] o.s.web.servlet.DispatcherServlet        : Completed 200 OK
2025-10-10T09:59:48.692-05:00 DEBUG 14708 --- [wms-backend] [http-nio-8080-exec-9] o.s.web.servlet.DispatcherServlet        : GET "/general/version", parameters={}
2025-10-10T09:59:48.692-05:00 DEBUG 14708 --- [wms-backend] [http-nio-8080-exec-9] s.w.s.m.m.a.RequestMappingHandlerMapping : Mapped to com.woden.wms_backend.controllers.WmsWdGeneral.VersionController#getVersion()
2025-10-10T09:59:48.693-05:00 DEBUG 14708 --- [wms-backend] [http-nio-8080-exec-9] o.s.w.s.m.m.a.HttpEntityMethodProcessor  : Using 'application/json', given [application/json, text/plain, */*] and supported [text/plain, */*, application/json, application/*+json, application/yaml, application/xml;charset=UTF-8, text/xml;charset=UTF-8, application/*+xml;charset=UTF-8]
2025-10-10T09:59:48.693-05:00 DEBUG 14708 --- [wms-backend] [http-nio-8080-exec-9] o.s.w.s.m.m.a.HttpEntityMethodProcessor  : Writing ["1.0.1.48"]
2025-10-10T09:59:48.693-05:00 DEBUG 14708 --- [wms-backend] [http-nio-8080-exec-9] o.s.web.servlet.DispatcherServlet        : Completed 200 OK
2025-10-10T09:59:58.686-05:00 DEBUG 14708 --- [wms-backend] [http-nio-8080-exec-10] o.s.web.servlet.DispatcherServlet        : GET "/general/version", parameters={}
2025-10-10T09:59:58.686-05:00 DEBUG 14708 --- [wms-backend] [http-nio-8080-exec-10] s.w.s.m.m.a.RequestMappingHandlerMapping : Mapped to com.woden.wms_backend.controllers.WmsWdGeneral.VersionController#getVersion()
2025-10-10T09:59:58.686-05:00 DEBUG 14708 --- [wms-backend] [http-nio-8080-exec-10] o.s.w.s.m.m.a.HttpEntityMethodProcessor  : Using 'application/json', given [application/json, text/plain, */*] and supported [text/plain, */*, application/json, application/*+json, application/yaml, application/xml;charset=UTF-8, text/xml;charset=UTF-8, application/*+xml;charset=UTF-8]
2025-10-10T09:59:58.686-05:00 DEBUG 14708 --- [wms-backend] [http-nio-8080-exec-10] o.s.w.s.m.m.a.HttpEntityMethodProcessor  : Writing ["1.0.1.48"]
2025-10-10T09:59:58.686-05:00 DEBUG 14708 --- [wms-backend] [http-nio-8080-exec-10] o.s.web.servlet.DispatcherServlet        : Completed 200 OK
2025-10-10T09:59:59.368-05:00 DEBUG 14708 --- [wms-backend] [http-nio-8080-exec-2] o.s.web.servlet.DispatcherServlet        : GET "/client/pallets/searchEntrega?numero=&tipologia=EMPAQUE%20DISPONIBLE&tipo=SERIALIZADOS", parameters={masked}
2025-10-10T09:59:59.368-05:00 DEBUG 14708 --- [wms-backend] [http-nio-8080-exec-2] s.w.s.m.m.a.RequestMappingHandlerMapping : Mapped to com.woden.wms_backend.controllers.ClientesControllers.PalletController#searchPackingDeliveryPallet(String, String, String)
2025-10-10T09:59:59.657-05:00 DEBUG 14708 --- [wms-backend] [http-nio-8080-exec-2] o.s.w.s.m.m.a.HttpEntityMethodProcessor  : Using 'application/json', given [application/json, text/plain, */*] and supported [application/json, application/*+json, application/yaml, application/xml;charset=UTF-8, text/xml;charset=UTF-8, application/*+xml;charset=UTF-8]
2025-10-10T09:59:59.660-05:00 DEBUG 14708 --- [wms-backend] [http-nio-8080-exec-2] o.s.w.s.m.m.a.HttpEntityMethodProcessor  : Writing [[PalletDTO(id=566, numero=250826083631, codigoSap=ACC1000835, descripcion=HITRON CGN3 DOCSIS 3.0 WIF (truncated)...]
2025-10-10T09:59:59.668-05:00 DEBUG 14708 --- [wms-backend] [http-nio-8080-exec-2] o.s.web.servlet.DispatcherServlet        : Completed 200 OK
2025-10-10T10:00:02.408-05:00 DEBUG 14708 --- [wms-backend] [http-nio-8080-exec-3] o.s.web.servlet.DispatcherServlet        : GET "/client/pallets/searchPalletsBoxesWeb?numero=&destino=EMPAQUE&page=0&size=50", parameters={masked}
2025-10-10T10:00:02.408-05:00 DEBUG 14708 --- [wms-backend] [http-nio-8080-exec-3] s.w.s.m.m.a.RequestMappingHandlerMapping : Mapped to com.woden.wms_backend.controllers.ClientesControllers.PalletController#SearchPalletBoxPallet(String, String, int, int)
2025-10-10T10:00:02.667-05:00 DEBUG 14708 --- [wms-backend] [http-nio-8080-exec-3] o.s.w.s.m.m.a.HttpEntityMethodProcessor  : Using 'application/json', given [application/json, text/plain, */*] and supported [application/json, application/*+json, application/yaml, application/xml;charset=UTF-8, text/xml;charset=UTF-8, application/*+xml;charset=UTF-8]
2025-10-10T10:00:02.667-05:00 DEBUG 14708 --- [wms-backend] [http-nio-8080-exec-3] o.s.w.s.m.m.a.HttpEntityMethodProcessor  : Writing [[{descripcion=MULTIMODELO, numero=250909163635, cantidadCaja=1, id=674, tipologia=EMPAQUE DISPONIBLE (truncated)...]
2025-10-10T10:00:02.667-05:00 DEBUG 14708 --- [wms-backend] [http-nio-8080-exec-3] o.s.web.servlet.DispatcherServlet        : Completed 200 OK
2025-10-10T10:00:02.690-05:00 DEBUG 14708 --- [wms-backend] [http-nio-8080-exec-6] o.s.web.servlet.DispatcherServlet        : GET "/client/cajaEmpaque/SearchPackingBoxesProcess?palletId=674", parameters={masked}
2025-10-10T10:00:02.690-05:00 DEBUG 14708 --- [wms-backend] [http-nio-8080-exec-6] s.w.s.m.m.a.RequestMappingHandlerMapping : Mapped to com.woden.wms_backend.controllers.ClientesControllers.CajaEmpaqueController#SearchPacking(Integer)
2025-10-10T10:00:02.810-05:00 DEBUG 14708 --- [wms-backend] [http-nio-8080-exec-6] o.s.w.s.m.m.a.HttpEntityMethodProcessor  : Using 'application/json', given [application/json, text/plain, */*] and supported [application/json, application/*+json, application/yaml, application/xml;charset=UTF-8, text/xml;charset=UTF-8, application/*+xml;charset=UTF-8]
2025-10-10T10:00:02.811-05:00 DEBUG 14708 --- [wms-backend] [http-nio-8080-exec-6] o.s.w.s.m.m.a.HttpEntityMethodProcessor  : Writing [[CajaEmpaqueDTO(id=661, numero=1, pallet=null, cantidad=null, Seriales=3, Estado=null)]]
2025-10-10T10:00:02.812-05:00 DEBUG 14708 --- [wms-backend] [http-nio-8080-exec-6] o.s.web.servlet.DispatcherServlet        : Completed 200 OK
2025-10-10T10:00:04.669-05:00 DEBUG 14708 --- [wms-backend] [http-nio-8080-exec-1] o.s.web.servlet.DispatcherServlet        : GET "/client/pallets/getModel/674", parameters={}
2025-10-10T10:00:04.671-05:00 DEBUG 14708 --- [wms-backend] [http-nio-8080-exec-1] s.w.s.m.m.a.RequestMappingHandlerMapping : Mapped to com.woden.wms_backend.controllers.ClientesControllers.PalletController#getPalletById(int)
2025-10-10T10:00:04.892-05:00 DEBUG 14708 --- [wms-backend] [http-nio-8080-exec-1] o.s.w.s.m.m.a.HttpEntityMethodProcessor  : Using 'application/json', given [application/json, text/plain, */*] and supported [application/json, application/*+json, application/yaml, application/xml;charset=UTF-8, text/xml;charset=UTF-8, application/*+xml;charset=UTF-8]
2025-10-10T10:00:04.892-05:00 DEBUG 14708 --- [wms-backend] [http-nio-8080-exec-1] o.s.w.s.m.m.a.HttpEntityMethodProcessor  : Writing [PalletModel(id=674, numero=250909163635, posicionId=null, posicion=null, codigoSapId=20, codigoSap=M (truncated)...]
2025-10-10T10:00:04.893-05:00 DEBUG 14708 --- [wms-backend] [http-nio-8080-exec-1] o.s.web.servlet.DispatcherServlet        : Completed 200 OK
2025-10-10T10:00:04.909-05:00 DEBUG 14708 --- [wms-backend] [http-nio-8080-exec-10] o.s.web.servlet.DispatcherServlet        : GET "/client/cajaEmpaque/searchPalletBoxEntry?estado=EMPAQUE&palletId=674&cajaEmpaqueId=661", parameters={masked}
2025-10-10T10:00:04.909-05:00 DEBUG 14708 --- [wms-backend] [http-nio-8080-exec-10] s.w.s.m.m.a.RequestMappingHandlerMapping : Mapped to com.woden.wms_backend.controllers.ClientesControllers.CajaEmpaqueController#SearchPalletBoxEntry(String, Integer, Integer)
2025-10-10T10:00:05.019-05:00 DEBUG 14708 --- [wms-backend] [http-nio-8080-exec-10] o.s.w.s.m.m.a.HttpEntityMethodProcessor  : Using 'application/json', given [application/json, text/plain, */*] and supported [application/json, application/*+json, application/yaml, application/xml;charset=UTF-8, text/xml;charset=UTF-8, application/*+xml;charset=UTF-8]
2025-10-10T10:00:05.019-05:00 DEBUG 14708 --- [wms-backend] [http-nio-8080-exec-10] o.s.w.s.m.m.a.HttpEntityMethodProcessor  : Writing [[{descripcion=DVB HFC1003, serial3=, codigo=HME0002786, serial=7366514514, lote=, numeroSmartcard=0, (truncated)...]
2025-10-10T10:00:05.020-05:00 DEBUG 14708 --- [wms-backend] [http-nio-8080-exec-10] o.s.web.servlet.DispatcherServlet        : Completed 200 OK
2025-10-10T10:00:08.697-05:00 DEBUG 14708 --- [wms-backend] [http-nio-8080-exec-4] o.s.web.servlet.DispatcherServlet        : GET "/general/version", parameters={}
2025-10-10T10:00:08.697-05:00 DEBUG 14708 --- [wms-backend] [http-nio-8080-exec-4] s.w.s.m.m.a.RequestMappingHandlerMapping : Mapped to com.woden.wms_backend.controllers.WmsWdGeneral.VersionController#getVersion()
2025-10-10T10:00:08.698-05:00 DEBUG 14708 --- [wms-backend] [http-nio-8080-exec-4] o.s.w.s.m.m.a.HttpEntityMethodProcessor  : Using 'application/json', given [application/json, text/plain, */*] and supported [text/plain, */*, application/json, application/*+json, application/yaml, application/xml;charset=UTF-8, text/xml;charset=UTF-8, application/*+xml;charset=UTF-8]
2025-10-10T10:00:08.698-05:00 DEBUG 14708 --- [wms-backend] [http-nio-8080-exec-4] o.s.w.s.m.m.a.HttpEntityMethodProcessor  : Writing ["1.0.1.48"]
2025-10-10T10:00:08.700-05:00 DEBUG 14708 --- [wms-backend] [http-nio-8080-exec-4] o.s.web.servlet.DispatcherServlet        : Completed 200 OK
2025-10-10T10:00:18.686-05:00 DEBUG 14708 --- [wms-backend] [http-nio-8080-exec-2] o.s.web.servlet.DispatcherServlet        : GET "/general/version", parameters={}
2025-10-10T10:00:18.687-05:00 DEBUG 14708 --- [wms-backend] [http-nio-8080-exec-2] s.w.s.m.m.a.RequestMappingHandlerMapping : Mapped to com.woden.wms_backend.controllers.WmsWdGeneral.VersionController#getVersion()
2025-10-10T10:00:18.688-05:00 DEBUG 14708 --- [wms-backend] [http-nio-8080-exec-2] o.s.w.s.m.m.a.HttpEntityMethodProcessor  : Using 'application/json', given [application/json, text/plain, */*] and supported [text/plain, */*, application/json, application/*+json, application/yaml, application/xml;charset=UTF-8, text/xml;charset=UTF-8, application/*+xml;charset=UTF-8]
2025-10-10T10:00:18.688-05:00 DEBUG 14708 --- [wms-backend] [http-nio-8080-exec-2] o.s.w.s.m.m.a.HttpEntityMethodProcessor  : Writing ["1.0.1.48"]
2025-10-10T10:00:18.688-05:00 DEBUG 14708 --- [wms-backend] [http-nio-8080-exec-2] o.s.web.servlet.DispatcherServlet        : Completed 200 OK
2025-10-10T10:00:28.698-05:00 DEBUG 14708 --- [wms-backend] [http-nio-8080-exec-8] o.s.web.servlet.DispatcherServlet        : GET "/general/version", parameters={}
2025-10-10T10:00:28.698-05:00 DEBUG 14708 --- [wms-backend] [http-nio-8080-exec-8] s.w.s.m.m.a.RequestMappingHandlerMapping : Mapped to com.woden.wms_backend.controllers.WmsWdGeneral.VersionController#getVersion()
2025-10-10T10:00:28.705-05:00 DEBUG 14708 --- [wms-backend] [http-nio-8080-exec-8] o.s.w.s.m.m.a.HttpEntityMethodProcessor  : Using 'application/json', given [application/json, text/plain, */*] and supported [text/plain, */*, application/json, application/*+json, application/yaml, application/xml;charset=UTF-8, text/xml;charset=UTF-8, application/*+xml;charset=UTF-8]
2025-10-10T10:00:28.705-05:00 DEBUG 14708 --- [wms-backend] [http-nio-8080-exec-8] o.s.w.s.m.m.a.HttpEntityMethodProcessor  : Writing ["1.0.1.48"]
2025-10-10T10:00:28.705-05:00 DEBUG 14708 --- [wms-backend] [http-nio-8080-exec-8] o.s.web.servlet.DispatcherServlet        : Completed 200 OK
2025-10-10T10:00:38.692-05:00 DEBUG 14708 --- [wms-backend] [http-nio-8080-exec-3] o.s.web.servlet.DispatcherServlet        : GET "/general/version", parameters={}
2025-10-10T10:00:38.692-05:00 DEBUG 14708 --- [wms-backend] [http-nio-8080-exec-3] s.w.s.m.m.a.RequestMappingHandlerMapping : Mapped to com.woden.wms_backend.controllers.WmsWdGeneral.VersionController#getVersion()
2025-10-10T10:00:38.692-05:00 DEBUG 14708 --- [wms-backend] [http-nio-8080-exec-3] o.s.w.s.m.m.a.HttpEntityMethodProcessor  : Using 'application/json', given [application/json, text/plain, */*] and supported [text/plain, */*, application/json, application/*+json, application/yaml, application/xml;charset=UTF-8, text/xml;charset=UTF-8, application/*+xml;charset=UTF-8]
2025-10-10T10:00:38.692-05:00 DEBUG 14708 --- [wms-backend] [http-nio-8080-exec-3] o.s.w.s.m.m.a.HttpEntityMethodProcessor  : Writing ["1.0.1.48"]
2025-10-10T10:00:38.692-05:00 DEBUG 14708 --- [wms-backend] [http-nio-8080-exec-3] o.s.web.servlet.DispatcherServlet        : Completed 200 OK
2025-10-10T10:00:48.699-05:00 DEBUG 14708 --- [wms-backend] [http-nio-8080-exec-7] o.s.web.servlet.DispatcherServlet        : GET "/general/version", parameters={}
2025-10-10T10:00:48.699-05:00 DEBUG 14708 --- [wms-backend] [http-nio-8080-exec-7] s.w.s.m.m.a.RequestMappingHandlerMapping : Mapped to com.woden.wms_backend.controllers.WmsWdGeneral.VersionController#getVersion()
2025-10-10T10:00:48.700-05:00 DEBUG 14708 --- [wms-backend] [http-nio-8080-exec-7] o.s.w.s.m.m.a.HttpEntityMethodProcessor  : Using 'application/json', given [application/json, text/plain, */*] and supported [text/plain, */*, application/json, application/*+json, application/yaml, application/xml;charset=UTF-8, text/xml;charset=UTF-8, application/*+xml;charset=UTF-8]
2025-10-10T10:00:48.701-05:00 DEBUG 14708 --- [wms-backend] [http-nio-8080-exec-7] o.s.w.s.m.m.a.HttpEntityMethodProcessor  : Writing ["1.0.1.48"]
2025-10-10T10:00:48.701-05:00 DEBUG 14708 --- [wms-backend] [http-nio-8080-exec-7] o.s.web.servlet.DispatcherServlet        : Completed 200 OK
2025-10-10T10:00:58.719-05:00 DEBUG 14708 --- [wms-backend] [http-nio-8080-exec-6] o.s.web.servlet.DispatcherServlet        : GET "/general/version", parameters={}
2025-10-10T10:00:58.719-05:00 DEBUG 14708 --- [wms-backend] [http-nio-8080-exec-6] s.w.s.m.m.a.RequestMappingHandlerMapping : Mapped to com.woden.wms_backend.controllers.WmsWdGeneral.VersionController#getVersion()
2025-10-10T10:00:58.719-05:00 DEBUG 14708 --- [wms-backend] [http-nio-8080-exec-6] o.s.w.s.m.m.a.HttpEntityMethodProcessor  : Using 'application/json', given [application/json, text/plain, */*] and supported [text/plain, */*, application/json, application/*+json, application/yaml, application/xml;charset=UTF-8, text/xml;charset=UTF-8, application/*+xml;charset=UTF-8]
2025-10-10T10:00:58.719-05:00 DEBUG 14708 --- [wms-backend] [http-nio-8080-exec-6] o.s.w.s.m.m.a.HttpEntityMethodProcessor  : Writing ["1.0.1.48"]
2025-10-10T10:00:58.722-05:00 DEBUG 14708 --- [wms-backend] [http-nio-8080-exec-6] o.s.web.servlet.DispatcherServlet        : Completed 200 OK
2025-10-10T10:01:08.683-05:00 DEBUG 14708 --- [wms-backend] [http-nio-8080-exec-5] o.s.web.servlet.DispatcherServlet        : GET "/general/version", parameters={}
2025-10-10T10:01:08.683-05:00 DEBUG 14708 --- [wms-backend] [http-nio-8080-exec-5] s.w.s.m.m.a.RequestMappingHandlerMapping : Mapped to com.woden.wms_backend.controllers.WmsWdGeneral.VersionController#getVersion()
2025-10-10T10:01:08.683-05:00 DEBUG 14708 --- [wms-backend] [http-nio-8080-exec-5] o.s.w.s.m.m.a.HttpEntityMethodProcessor  : Using 'application/json', given [application/json, text/plain, */*] and supported [text/plain, */*, application/json, application/*+json, application/yaml, application/xml;charset=UTF-8, text/xml;charset=UTF-8, application/*+xml;charset=UTF-8]
2025-10-10T10:01:08.683-05:00 DEBUG 14708 --- [wms-backend] [http-nio-8080-exec-5] o.s.w.s.m.m.a.HttpEntityMethodProcessor  : Writing ["1.0.1.48"]
2025-10-10T10:01:08.683-05:00 DEBUG 14708 --- [wms-backend] [http-nio-8080-exec-5] o.s.web.servlet.DispatcherServlet        : Completed 200 OK
2025-10-10T10:01:18.688-05:00 DEBUG 14708 --- [wms-backend] [http-nio-8080-exec-1] o.s.web.servlet.DispatcherServlet        : GET "/general/version", parameters={}
2025-10-10T10:01:18.688-05:00 DEBUG 14708 --- [wms-backend] [http-nio-8080-exec-1] s.w.s.m.m.a.RequestMappingHandlerMapping : Mapped to com.woden.wms_backend.controllers.WmsWdGeneral.VersionController#getVersion()
2025-10-10T10:01:18.688-05:00 DEBUG 14708 --- [wms-backend] [http-nio-8080-exec-1] o.s.w.s.m.m.a.HttpEntityMethodProcessor  : Using 'application/json', given [application/json, text/plain, */*] and supported [text/plain, */*, application/json, application/*+json, application/yaml, application/xml;charset=UTF-8, text/xml;charset=UTF-8, application/*+xml;charset=UTF-8]
2025-10-10T10:01:18.688-05:00 DEBUG 14708 --- [wms-backend] [http-nio-8080-exec-1] o.s.w.s.m.m.a.HttpEntityMethodProcessor  : Writing ["1.0.1.48"]
2025-10-10T10:01:18.689-05:00 DEBUG 14708 --- [wms-backend] [http-nio-8080-exec-1] o.s.web.servlet.DispatcherServlet        : Completed 200 OK
2025-10-10T10:01:28.689-05:00 DEBUG 14708 --- [wms-backend] [http-nio-8080-exec-9] o.s.web.servlet.DispatcherServlet        : GET "/general/version", parameters={}
2025-10-10T10:01:28.690-05:00 DEBUG 14708 --- [wms-backend] [http-nio-8080-exec-9] s.w.s.m.m.a.RequestMappingHandlerMapping : Mapped to com.woden.wms_backend.controllers.WmsWdGeneral.VersionController#getVersion()
2025-10-10T10:01:28.691-05:00 DEBUG 14708 --- [wms-backend] [http-nio-8080-exec-9] o.s.w.s.m.m.a.HttpEntityMethodProcessor  : Using 'application/json', given [application/json, text/plain, */*] and supported [text/plain, */*, application/json, application/*+json, application/yaml, application/xml;charset=UTF-8, text/xml;charset=UTF-8, application/*+xml;charset=UTF-8]
2025-10-10T10:01:28.691-05:00 DEBUG 14708 --- [wms-backend] [http-nio-8080-exec-9] o.s.w.s.m.m.a.HttpEntityMethodProcessor  : Writing ["1.0.1.48"]
2025-10-10T10:01:28.692-05:00 DEBUG 14708 --- [wms-backend] [http-nio-8080-exec-9] o.s.web.servlet.DispatcherServlet        : Completed 200 OK
2025-10-10T10:01:38.691-05:00 DEBUG 14708 --- [wms-backend] [http-nio-8080-exec-10] o.s.web.servlet.DispatcherServlet        : GET "/general/version", parameters={}
2025-10-10T10:01:38.691-05:00 DEBUG 14708 --- [wms-backend] [http-nio-8080-exec-10] s.w.s.m.m.a.RequestMappingHandlerMapping : Mapped to com.woden.wms_backend.controllers.WmsWdGeneral.VersionController#getVersion()
2025-10-10T10:01:38.691-05:00 DEBUG 14708 --- [wms-backend] [http-nio-8080-exec-10] o.s.w.s.m.m.a.HttpEntityMethodProcessor  : Using 'application/json', given [application/json, text/plain, */*] and supported [text/plain, */*, application/json, application/*+json, application/yaml, application/xml;charset=UTF-8, text/xml;charset=UTF-8, application/*+xml;charset=UTF-8]
2025-10-10T10:01:38.691-05:00 DEBUG 14708 --- [wms-backend] [http-nio-8080-exec-10] o.s.w.s.m.m.a.HttpEntityMethodProcessor  : Writing ["1.0.1.48"]
2025-10-10T10:01:38.692-05:00 DEBUG 14708 --- [wms-backend] [http-nio-8080-exec-10] o.s.web.servlet.DispatcherServlet        : Completed 200 OK
2025-10-10T10:01:39.679-05:00 DEBUG 14708 --- [wms-backend] [http-nio-8080-exec-2] o.s.web.servlet.DispatcherServlet        : GET "/client/pallets/searchPalletsBoxesWeb?numero=&destino=EMPAQUE&page=0&size=50", parameters={masked}
2025-10-10T10:01:39.679-05:00 DEBUG 14708 --- [wms-backend] [http-nio-8080-exec-2] s.w.s.m.m.a.RequestMappingHandlerMapping : Mapped to com.woden.wms_backend.controllers.ClientesControllers.PalletController#SearchPalletBoxPallet(String, String, int, int)
2025-10-10T10:01:39.917-05:00 DEBUG 14708 --- [wms-backend] [http-nio-8080-exec-2] o.s.w.s.m.m.a.HttpEntityMethodProcessor  : Using 'application/json', given [application/json, text/plain, */*] and supported [application/json, application/*+json, application/yaml, application/xml;charset=UTF-8, text/xml;charset=UTF-8, application/*+xml;charset=UTF-8]
2025-10-10T10:01:39.917-05:00 DEBUG 14708 --- [wms-backend] [http-nio-8080-exec-2] o.s.w.s.m.m.a.HttpEntityMethodProcessor  : Writing [[{descripcion=MULTIMODELO, numero=250909163635, cantidadCaja=1, id=674, tipologia=EMPAQUE DISPONIBLE (truncated)...]
2025-10-10T10:01:39.918-05:00 DEBUG 14708 --- [wms-backend] [http-nio-8080-exec-2] o.s.web.servlet.DispatcherServlet        : Completed 200 OK
2025-10-10T10:01:40.678-05:00 DEBUG 14708 --- [wms-backend] [http-nio-8080-exec-3] o.s.web.servlet.DispatcherServlet        : GET "/client/pallets/getModel/674", parameters={}
2025-10-10T10:01:40.679-05:00 DEBUG 14708 --- [wms-backend] [http-nio-8080-exec-3] s.w.s.m.m.a.RequestMappingHandlerMapping : Mapped to com.woden.wms_backend.controllers.ClientesControllers.PalletController#getPalletById(int)
2025-10-10T10:01:40.681-05:00 DEBUG 14708 --- [wms-backend] [http-nio-8080-exec-6] o.s.web.servlet.DispatcherServlet        : GET "/client/cajaEmpaque/searchPalletBoxEntry?estado=EMPAQUE&palletId=674&cajaEmpaqueId=0", parameters={masked}
2025-10-10T10:01:40.681-05:00 DEBUG 14708 --- [wms-backend] [http-nio-8080-exec-6] s.w.s.m.m.a.RequestMappingHandlerMapping : Mapped to com.woden.wms_backend.controllers.ClientesControllers.CajaEmpaqueController#SearchPalletBoxEntry(String, Integer, Integer)
2025-10-10T10:01:40.887-05:00 DEBUG 14708 --- [wms-backend] [http-nio-8080-exec-3] o.s.w.s.m.m.a.HttpEntityMethodProcessor  : Using 'application/json', given [application/json, text/plain, */*] and supported [application/json, application/*+json, application/yaml, application/xml;charset=UTF-8, text/xml;charset=UTF-8, application/*+xml;charset=UTF-8]
2025-10-10T10:01:40.887-05:00 DEBUG 14708 --- [wms-backend] [http-nio-8080-exec-3] o.s.w.s.m.m.a.HttpEntityMethodProcessor  : Writing [PalletModel(id=674, numero=250909163635, posicionId=null, posicion=null, codigoSapId=20, codigoSap=M (truncated)...]
2025-10-10T10:01:40.889-05:00 DEBUG 14708 --- [wms-backend] [http-nio-8080-exec-3] o.s.web.servlet.DispatcherServlet        : Completed 200 OK
2025-10-10T10:01:40.894-05:00 DEBUG 14708 --- [wms-backend] [http-nio-8080-exec-6] o.s.w.s.m.m.a.HttpEntityMethodProcessor  : Using 'application/json', given [application/json, text/plain, */*] and supported [application/json, application/*+json, application/yaml, application/xml;charset=UTF-8, text/xml;charset=UTF-8, application/*+xml;charset=UTF-8]
2025-10-10T10:01:40.894-05:00 DEBUG 14708 --- [wms-backend] [http-nio-8080-exec-6] o.s.w.s.m.m.a.HttpEntityMethodProcessor  : Writing [[]]
2025-10-10T10:01:40.896-05:00 DEBUG 14708 --- [wms-backend] [http-nio-8080-exec-6] o.s.web.servlet.DispatcherServlet        : Completed 200 OK
2025-10-10T10:01:40.913-05:00 DEBUG 14708 --- [wms-backend] [http-nio-8080-exec-1] o.s.web.servlet.DispatcherServlet        : GET "/client/cajaEmpaque/SearchPackingBoxesProcess?palletId=674", parameters={masked}
2025-10-10T10:01:40.913-05:00 DEBUG 14708 --- [wms-backend] [http-nio-8080-exec-1] s.w.s.m.m.a.RequestMappingHandlerMapping : Mapped to com.woden.wms_backend.controllers.ClientesControllers.CajaEmpaqueController#SearchPacking(Integer)
2025-10-10T10:01:41.017-05:00 DEBUG 14708 --- [wms-backend] [http-nio-8080-exec-1] o.s.w.s.m.m.a.HttpEntityMethodProcessor  : Using 'application/json', given [application/json, text/plain, */*] and supported [application/json, application/*+json, application/yaml, application/xml;charset=UTF-8, text/xml;charset=UTF-8, application/*+xml;charset=UTF-8]
2025-10-10T10:01:41.017-05:00 DEBUG 14708 --- [wms-backend] [http-nio-8080-exec-1] o.s.w.s.m.m.a.HttpEntityMethodProcessor  : Writing [[CajaEmpaqueDTO(id=661, numero=1, pallet=null, cantidad=null, Seriales=3, Estado=null)]]
2025-10-10T10:01:41.020-05:00 DEBUG 14708 --- [wms-backend] [http-nio-8080-exec-1] o.s.web.servlet.DispatcherServlet        : Completed 200 OK
2025-10-10T10:01:42.460-05:00 DEBUG 14708 --- [wms-backend] [http-nio-8080-exec-9] o.s.web.servlet.DispatcherServlet        : GET "/client/pallets/getModel/674", parameters={}
2025-10-10T10:01:42.460-05:00 DEBUG 14708 --- [wms-backend] [http-nio-8080-exec-9] s.w.s.m.m.a.RequestMappingHandlerMapping : Mapped to com.woden.wms_backend.controllers.ClientesControllers.PalletController#getPalletById(int)
2025-10-10T10:01:42.665-05:00 DEBUG 14708 --- [wms-backend] [http-nio-8080-exec-9] o.s.w.s.m.m.a.HttpEntityMethodProcessor  : Using 'application/json', given [application/json, text/plain, */*] and supported [application/json, application/*+json, application/yaml, application/xml;charset=UTF-8, text/xml;charset=UTF-8, application/*+xml;charset=UTF-8]
2025-10-10T10:01:42.666-05:00 DEBUG 14708 --- [wms-backend] [http-nio-8080-exec-9] o.s.w.s.m.m.a.HttpEntityMethodProcessor  : Writing [PalletModel(id=674, numero=250909163635, posicionId=null, posicion=null, codigoSapId=20, codigoSap=M (truncated)...]
2025-10-10T10:01:42.668-05:00 DEBUG 14708 --- [wms-backend] [http-nio-8080-exec-9] o.s.web.servlet.DispatcherServlet        : Completed 200 OK
2025-10-10T10:01:42.677-05:00 DEBUG 14708 --- [wms-backend] [http-nio-8080-exec-10] o.s.web.servlet.DispatcherServlet        : GET "/client/cajaEmpaque/SearchPackingBoxesProcess?palletId=674", parameters={masked}
2025-10-10T10:01:42.679-05:00 DEBUG 14708 --- [wms-backend] [http-nio-8080-exec-10] s.w.s.m.m.a.RequestMappingHandlerMapping : Mapped to com.woden.wms_backend.controllers.ClientesControllers.CajaEmpaqueController#SearchPacking(Integer)
2025-10-10T10:01:42.791-05:00 DEBUG 14708 --- [wms-backend] [http-nio-8080-exec-10] o.s.w.s.m.m.a.HttpEntityMethodProcessor  : Using 'application/json', given [application/json, text/plain, */*] and supported [application/json, application/*+json, application/yaml, application/xml;charset=UTF-8, text/xml;charset=UTF-8, application/*+xml;charset=UTF-8]
2025-10-10T10:01:42.792-05:00 DEBUG 14708 --- [wms-backend] [http-nio-8080-exec-10] o.s.w.s.m.m.a.HttpEntityMethodProcessor  : Writing [[CajaEmpaqueDTO(id=661, numero=1, pallet=null, cantidad=null, Seriales=3, Estado=null)]]
2025-10-10T10:01:42.793-05:00 DEBUG 14708 --- [wms-backend] [http-nio-8080-exec-10] o.s.web.servlet.DispatcherServlet        : Completed 200 OK
2025-10-10T10:01:48.693-05:00 DEBUG 14708 --- [wms-backend] [http-nio-8080-exec-4] o.s.web.servlet.DispatcherServlet        : GET "/general/version", parameters={}
2025-10-10T10:01:48.694-05:00 DEBUG 14708 --- [wms-backend] [http-nio-8080-exec-4] s.w.s.m.m.a.RequestMappingHandlerMapping : Mapped to com.woden.wms_backend.controllers.WmsWdGeneral.VersionController#getVersion()
2025-10-10T10:01:48.695-05:00 DEBUG 14708 --- [wms-backend] [http-nio-8080-exec-4] o.s.w.s.m.m.a.HttpEntityMethodProcessor  : Using 'application/json', given [application/json, text/plain, */*] and supported [text/plain, */*, application/json, application/*+json, application/yaml, application/xml;charset=UTF-8, text/xml;charset=UTF-8, application/*+xml;charset=UTF-8]
2025-10-10T10:01:48.695-05:00 DEBUG 14708 --- [wms-backend] [http-nio-8080-exec-4] o.s.w.s.m.m.a.HttpEntityMethodProcessor  : Writing ["1.0.1.48"]
2025-10-10T10:01:48.696-05:00 DEBUG 14708 --- [wms-backend] [http-nio-8080-exec-4] o.s.web.servlet.DispatcherServlet        : Completed 200 OK
2025-10-10T10:01:58.689-05:00 DEBUG 14708 --- [wms-backend] [http-nio-8080-exec-2] o.s.web.servlet.DispatcherServlet        : GET "/general/version", parameters={}
2025-10-10T10:01:58.689-05:00 DEBUG 14708 --- [wms-backend] [http-nio-8080-exec-2] s.w.s.m.m.a.RequestMappingHandlerMapping : Mapped to com.woden.wms_backend.controllers.WmsWdGeneral.VersionController#getVersion()
2025-10-10T10:01:58.689-05:00 DEBUG 14708 --- [wms-backend] [http-nio-8080-exec-2] o.s.w.s.m.m.a.HttpEntityMethodProcessor  : Using 'application/json', given [application/json, text/plain, */*] and supported [text/plain, */*, application/json, application/*+json, application/yaml, application/xml;charset=UTF-8, text/xml;charset=UTF-8, application/*+xml;charset=UTF-8]
2025-10-10T10:01:58.689-05:00 DEBUG 14708 --- [wms-backend] [http-nio-8080-exec-2] o.s.w.s.m.m.a.HttpEntityMethodProcessor  : Writing ["1.0.1.48"]
2025-10-10T10:01:58.690-05:00 DEBUG 14708 --- [wms-backend] [http-nio-8080-exec-2] o.s.web.servlet.DispatcherServlet        : Completed 200 OK
2025-10-10T10:02:09.219-05:00 DEBUG 14708 --- [wms-backend] [http-nio-8080-exec-8] o.s.web.servlet.DispatcherServlet        : GET "/general/version", parameters={}
2025-10-10T10:02:09.220-05:00 DEBUG 14708 --- [wms-backend] [http-nio-8080-exec-8] s.w.s.m.m.a.RequestMappingHandlerMapping : Mapped to com.woden.wms_backend.controllers.WmsWdGeneral.VersionController#getVersion()
2025-10-10T10:02:09.220-05:00 DEBUG 14708 --- [wms-backend] [http-nio-8080-exec-8] o.s.w.s.m.m.a.HttpEntityMethodProcessor  : Using 'application/json', given [application/json, text/plain, */*] and supported [text/plain, */*, application/json, application/*+json, application/yaml, application/xml;charset=UTF-8, text/xml;charset=UTF-8, application/*+xml;charset=UTF-8]
2025-10-10T10:02:09.220-05:00 DEBUG 14708 --- [wms-backend] [http-nio-8080-exec-8] o.s.w.s.m.m.a.HttpEntityMethodProcessor  : Writing ["1.0.1.48"]
2025-10-10T10:02:09.220-05:00 DEBUG 14708 --- [wms-backend] [http-nio-8080-exec-8] o.s.web.servlet.DispatcherServlet        : Completed 200 OK
2025-10-10T10:02:19.222-05:00 DEBUG 14708 --- [wms-backend] [http-nio-8080-exec-7] o.s.web.servlet.DispatcherServlet        : GET "/general/version", parameters={}
2025-10-10T10:02:19.222-05:00 DEBUG 14708 --- [wms-backend] [http-nio-8080-exec-7] s.w.s.m.m.a.RequestMappingHandlerMapping : Mapped to com.woden.wms_backend.controllers.WmsWdGeneral.VersionController#getVersion()
2025-10-10T10:02:19.223-05:00 DEBUG 14708 --- [wms-backend] [http-nio-8080-exec-7] o.s.w.s.m.m.a.HttpEntityMethodProcessor  : Using 'application/json', given [application/json, text/plain, */*] and supported [text/plain, */*, application/json, application/*+json, application/yaml, application/xml;charset=UTF-8, text/xml;charset=UTF-8, application/*+xml;charset=UTF-8]
2025-10-10T10:02:19.223-05:00 DEBUG 14708 --- [wms-backend] [http-nio-8080-exec-7] o.s.w.s.m.m.a.HttpEntityMethodProcessor  : Writing ["1.0.1.48"]
2025-10-10T10:02:19.224-05:00 DEBUG 14708 --- [wms-backend] [http-nio-8080-exec-7] o.s.web.servlet.DispatcherServlet        : Completed 200 OK
2025-10-10T10:02:29.221-05:00 DEBUG 14708 --- [wms-backend] [http-nio-8080-exec-3] o.s.web.servlet.DispatcherServlet        : GET "/general/version", parameters={}
2025-10-10T10:02:29.221-05:00 DEBUG 14708 --- [wms-backend] [http-nio-8080-exec-3] s.w.s.m.m.a.RequestMappingHandlerMapping : Mapped to com.woden.wms_backend.controllers.WmsWdGeneral.VersionController#getVersion()
2025-10-10T10:02:29.221-05:00 DEBUG 14708 --- [wms-backend] [http-nio-8080-exec-3] o.s.w.s.m.m.a.HttpEntityMethodProcessor  : Using 'application/json', given [application/json, text/plain, */*] and supported [text/plain, */*, application/json, application/*+json, application/yaml, application/xml;charset=UTF-8, text/xml;charset=UTF-8, application/*+xml;charset=UTF-8]
2025-10-10T10:02:29.221-05:00 DEBUG 14708 --- [wms-backend] [http-nio-8080-exec-3] o.s.w.s.m.m.a.HttpEntityMethodProcessor  : Writing ["1.0.1.48"]
2025-10-10T10:02:29.221-05:00 DEBUG 14708 --- [wms-backend] [http-nio-8080-exec-3] o.s.web.servlet.DispatcherServlet        : Completed 200 OK
2025-10-10T10:02:38.702-05:00 DEBUG 14708 --- [wms-backend] [http-nio-8080-exec-6] o.s.web.servlet.DispatcherServlet        : GET "/general/version", parameters={}
2025-10-10T10:02:38.702-05:00 DEBUG 14708 --- [wms-backend] [http-nio-8080-exec-6] s.w.s.m.m.a.RequestMappingHandlerMapping : Mapped to com.woden.wms_backend.controllers.WmsWdGeneral.VersionController#getVersion()
2025-10-10T10:02:38.703-05:00 DEBUG 14708 --- [wms-backend] [http-nio-8080-exec-6] o.s.w.s.m.m.a.HttpEntityMethodProcessor  : Using 'application/json', given [application/json, text/plain, */*] and supported [text/plain, */*, application/json, application/*+json, application/yaml, application/xml;charset=UTF-8, text/xml;charset=UTF-8, application/*+xml;charset=UTF-8]
2025-10-10T10:02:38.703-05:00 DEBUG 14708 --- [wms-backend] [http-nio-8080-exec-6] o.s.w.s.m.m.a.HttpEntityMethodProcessor  : Writing ["1.0.1.48"]
2025-10-10T10:02:38.704-05:00 DEBUG 14708 --- [wms-backend] [http-nio-8080-exec-6] o.s.web.servlet.DispatcherServlet        : Completed 200 OK
2025-10-10T10:02:48.693-05:00 DEBUG 14708 --- [wms-backend] [http-nio-8080-exec-1] o.s.web.servlet.DispatcherServlet        : GET "/general/version", parameters={}
2025-10-10T10:02:48.693-05:00 DEBUG 14708 --- [wms-backend] [http-nio-8080-exec-1] s.w.s.m.m.a.RequestMappingHandlerMapping : Mapped to com.woden.wms_backend.controllers.WmsWdGeneral.VersionController#getVersion()
2025-10-10T10:02:48.693-05:00 DEBUG 14708 --- [wms-backend] [http-nio-8080-exec-1] o.s.w.s.m.m.a.HttpEntityMethodProcessor  : Using 'application/json', given [application/json, text/plain, */*] and supported [text/plain, */*, application/json, application/*+json, application/yaml, application/xml;charset=UTF-8, text/xml;charset=UTF-8, application/*+xml;charset=UTF-8]
2025-10-10T10:02:48.744-05:00 DEBUG 14708 --- [wms-backend] [http-nio-8080-exec-1] o.s.w.s.m.m.a.HttpEntityMethodProcessor  : Writing ["1.0.1.48"]
2025-10-10T10:02:48.746-05:00 DEBUG 14708 --- [wms-backend] [http-nio-8080-exec-1] o.s.web.servlet.DispatcherServlet        : Completed 200 OK
2025-10-10T10:02:58.692-05:00 DEBUG 14708 --- [wms-backend] [http-nio-8080-exec-9] o.s.web.servlet.DispatcherServlet        : GET "/general/version", parameters={}
2025-10-10T10:02:58.692-05:00 DEBUG 14708 --- [wms-backend] [http-nio-8080-exec-9] s.w.s.m.m.a.RequestMappingHandlerMapping : Mapped to com.woden.wms_backend.controllers.WmsWdGeneral.VersionController#getVersion()
2025-10-10T10:02:58.692-05:00 DEBUG 14708 --- [wms-backend] [http-nio-8080-exec-9] o.s.w.s.m.m.a.HttpEntityMethodProcessor  : Using 'application/json', given [application/json, text/plain, */*] and supported [text/plain, */*, application/json, application/*+json, application/yaml, application/xml;charset=UTF-8, text/xml;charset=UTF-8, application/*+xml;charset=UTF-8]
2025-10-10T10:02:58.692-05:00 DEBUG 14708 --- [wms-backend] [http-nio-8080-exec-9] o.s.w.s.m.m.a.HttpEntityMethodProcessor  : Writing ["1.0.1.48"]
2025-10-10T10:02:58.692-05:00 DEBUG 14708 --- [wms-backend] [http-nio-8080-exec-9] o.s.web.servlet.DispatcherServlet        : Completed 200 OK
2025-10-10T10:03:08.688-05:00 DEBUG 14708 --- [wms-backend] [http-nio-8080-exec-10] o.s.web.servlet.DispatcherServlet        : GET "/general/version", parameters={}
2025-10-10T10:03:08.690-05:00 DEBUG 14708 --- [wms-backend] [http-nio-8080-exec-10] s.w.s.m.m.a.RequestMappingHandlerMapping : Mapped to com.woden.wms_backend.controllers.WmsWdGeneral.VersionController#getVersion()
2025-10-10T10:03:08.690-05:00 DEBUG 14708 --- [wms-backend] [http-nio-8080-exec-10] o.s.w.s.m.m.a.HttpEntityMethodProcessor  : Using 'application/json', given [application/json, text/plain, */*] and supported [text/plain, */*, application/json, application/*+json, application/yaml, application/xml;charset=UTF-8, text/xml;charset=UTF-8, application/*+xml;charset=UTF-8]
2025-10-10T10:03:08.690-05:00 DEBUG 14708 --- [wms-backend] [http-nio-8080-exec-10] o.s.w.s.m.m.a.HttpEntityMethodProcessor  : Writing ["1.0.1.48"]
2025-10-10T10:03:08.690-05:00 DEBUG 14708 --- [wms-backend] [http-nio-8080-exec-10] o.s.web.servlet.DispatcherServlet        : Completed 200 OK
2025-10-10T10:03:18.693-05:00 DEBUG 14708 --- [wms-backend] [http-nio-8080-exec-4] o.s.web.servlet.DispatcherServlet        : GET "/general/version", parameters={}
2025-10-10T10:03:18.737-05:00 DEBUG 14708 --- [wms-backend] [http-nio-8080-exec-4] s.w.s.m.m.a.RequestMappingHandlerMapping : Mapped to com.woden.wms_backend.controllers.WmsWdGeneral.VersionController#getVersion()
2025-10-10T10:03:18.738-05:00 DEBUG 14708 --- [wms-backend] [http-nio-8080-exec-4] o.s.w.s.m.m.a.HttpEntityMethodProcessor  : Using 'application/json', given [application/json, text/plain, */*] and supported [text/plain, */*, application/json, application/*+json, application/yaml, application/xml;charset=UTF-8, text/xml;charset=UTF-8, application/*+xml;charset=UTF-8]
2025-10-10T10:03:18.738-05:00 DEBUG 14708 --- [wms-backend] [http-nio-8080-exec-4] o.s.w.s.m.m.a.HttpEntityMethodProcessor  : Writing ["1.0.1.48"]
2025-10-10T10:03:18.738-05:00 DEBUG 14708 --- [wms-backend] [http-nio-8080-exec-4] o.s.web.servlet.DispatcherServlet        : Completed 200 OK
2025-10-10T10:03:29.205-05:00 DEBUG 14708 --- [wms-backend] [http-nio-8080-exec-2] o.s.web.servlet.DispatcherServlet        : GET "/general/version", parameters={}
2025-10-10T10:03:29.205-05:00 DEBUG 14708 --- [wms-backend] [http-nio-8080-exec-2] s.w.s.m.m.a.RequestMappingHandlerMapping : Mapped to com.woden.wms_backend.controllers.WmsWdGeneral.VersionController#getVersion()
2025-10-10T10:03:29.205-05:00 DEBUG 14708 --- [wms-backend] [http-nio-8080-exec-2] o.s.w.s.m.m.a.HttpEntityMethodProcessor  : Using 'application/json', given [application/json, text/plain, */*] and supported [text/plain, */*, application/json, application/*+json, application/yaml, application/xml;charset=UTF-8, text/xml;charset=UTF-8, application/*+xml;charset=UTF-8]
2025-10-10T10:03:29.205-05:00 DEBUG 14708 --- [wms-backend] [http-nio-8080-exec-2] o.s.w.s.m.m.a.HttpEntityMethodProcessor  : Writing ["1.0.1.48"]
2025-10-10T10:03:29.205-05:00 DEBUG 14708 --- [wms-backend] [http-nio-8080-exec-2] o.s.web.servlet.DispatcherServlet        : Completed 200 OK
2025-10-10T10:03:38.688-05:00 DEBUG 14708 --- [wms-backend] [http-nio-8080-exec-8] o.s.web.servlet.DispatcherServlet        : GET "/general/version", parameters={}
2025-10-10T10:03:38.689-05:00 DEBUG 14708 --- [wms-backend] [http-nio-8080-exec-8] s.w.s.m.m.a.RequestMappingHandlerMapping : Mapped to com.woden.wms_backend.controllers.WmsWdGeneral.VersionController#getVersion()
2025-10-10T10:03:38.691-05:00 DEBUG 14708 --- [wms-backend] [http-nio-8080-exec-8] o.s.w.s.m.m.a.HttpEntityMethodProcessor  : Using 'application/json', given [application/json, text/plain, */*] and supported [text/plain, */*, application/json, application/*+json, application/yaml, application/xml;charset=UTF-8, text/xml;charset=UTF-8, application/*+xml;charset=UTF-8]
2025-10-10T10:03:38.691-05:00 DEBUG 14708 --- [wms-backend] [http-nio-8080-exec-8] o.s.w.s.m.m.a.HttpEntityMethodProcessor  : Writing ["1.0.1.48"]
2025-10-10T10:03:38.691-05:00 DEBUG 14708 --- [wms-backend] [http-nio-8080-exec-8] o.s.web.servlet.DispatcherServlet        : Completed 200 OK
2025-10-10T10:03:48.691-05:00 DEBUG 14708 --- [wms-backend] [http-nio-8080-exec-7] o.s.web.servlet.DispatcherServlet        : GET "/general/version", parameters={}
2025-10-10T10:03:48.691-05:00 DEBUG 14708 --- [wms-backend] [http-nio-8080-exec-7] s.w.s.m.m.a.RequestMappingHandlerMapping : Mapped to com.woden.wms_backend.controllers.WmsWdGeneral.VersionController#getVersion()
2025-10-10T10:03:48.691-05:00 DEBUG 14708 --- [wms-backend] [http-nio-8080-exec-7] o.s.w.s.m.m.a.HttpEntityMethodProcessor  : Using 'application/json', given [application/json, text/plain, */*] and supported [text/plain, */*, application/json, application/*+json, application/yaml, application/xml;charset=UTF-8, text/xml;charset=UTF-8, application/*+xml;charset=UTF-8]
2025-10-10T10:03:48.691-05:00 DEBUG 14708 --- [wms-backend] [http-nio-8080-exec-7] o.s.w.s.m.m.a.HttpEntityMethodProcessor  : Writing ["1.0.1.48"]
2025-10-10T10:03:48.691-05:00 DEBUG 14708 --- [wms-backend] [http-nio-8080-exec-7] o.s.web.servlet.DispatcherServlet        : Completed 200 OK
2025-10-10T10:03:58.689-05:00 DEBUG 14708 --- [wms-backend] [http-nio-8080-exec-3] o.s.web.servlet.DispatcherServlet        : GET "/general/version", parameters={}
2025-10-10T10:03:58.689-05:00 DEBUG 14708 --- [wms-backend] [http-nio-8080-exec-3] s.w.s.m.m.a.RequestMappingHandlerMapping : Mapped to com.woden.wms_backend.controllers.WmsWdGeneral.VersionController#getVersion()
2025-10-10T10:03:58.689-05:00 DEBUG 14708 --- [wms-backend] [http-nio-8080-exec-3] o.s.w.s.m.m.a.HttpEntityMethodProcessor  : Using 'application/json', given [application/json, text/plain, */*] and supported [text/plain, */*, application/json, application/*+json, application/yaml, application/xml;charset=UTF-8, text/xml;charset=UTF-8, application/*+xml;charset=UTF-8]
2025-10-10T10:03:58.689-05:00 DEBUG 14708 --- [wms-backend] [http-nio-8080-exec-3] o.s.w.s.m.m.a.HttpEntityMethodProcessor  : Writing ["1.0.1.48"]
2025-10-10T10:03:58.689-05:00 DEBUG 14708 --- [wms-backend] [http-nio-8080-exec-3] o.s.web.servlet.DispatcherServlet        : Completed 200 OK
2025-10-10T10:04:09.254-05:00 DEBUG 14708 --- [wms-backend] [http-nio-8080-exec-6] o.s.web.servlet.DispatcherServlet        : GET "/general/version", parameters={}
2025-10-10T10:04:09.254-05:00 DEBUG 14708 --- [wms-backend] [http-nio-8080-exec-6] s.w.s.m.m.a.RequestMappingHandlerMapping : Mapped to com.woden.wms_backend.controllers.WmsWdGeneral.VersionController#getVersion()
2025-10-10T10:04:09.254-05:00 DEBUG 14708 --- [wms-backend] [http-nio-8080-exec-6] o.s.w.s.m.m.a.HttpEntityMethodProcessor  : Using 'application/json', given [application/json, text/plain, */*] and supported [text/plain, */*, application/json, application/*+json, application/yaml, application/xml;charset=UTF-8, text/xml;charset=UTF-8, application/*+xml;charset=UTF-8]
2025-10-10T10:04:09.254-05:00 DEBUG 14708 --- [wms-backend] [http-nio-8080-exec-6] o.s.w.s.m.m.a.HttpEntityMethodProcessor  : Writing ["1.0.1.48"]
2025-10-10T10:04:09.258-05:00 DEBUG 14708 --- [wms-backend] [http-nio-8080-exec-6] o.s.web.servlet.DispatcherServlet        : Completed 200 OK
2025-10-10T10:04:19.214-05:00 DEBUG 14708 --- [wms-backend] [http-nio-8080-exec-5] o.s.web.servlet.DispatcherServlet        : GET "/general/version", parameters={}
2025-10-10T10:04:19.214-05:00 DEBUG 14708 --- [wms-backend] [http-nio-8080-exec-5] s.w.s.m.m.a.RequestMappingHandlerMapping : Mapped to com.woden.wms_backend.controllers.WmsWdGeneral.VersionController#getVersion()
2025-10-10T10:04:19.223-05:00 DEBUG 14708 --- [wms-backend] [http-nio-8080-exec-5] o.s.w.s.m.m.a.HttpEntityMethodProcessor  : Using 'application/json', given [application/json, text/plain, */*] and supported [text/plain, */*, application/json, application/*+json, application/yaml, application/xml;charset=UTF-8, text/xml;charset=UTF-8, application/*+xml;charset=UTF-8]
2025-10-10T10:04:19.223-05:00 DEBUG 14708 --- [wms-backend] [http-nio-8080-exec-5] o.s.w.s.m.m.a.HttpEntityMethodProcessor  : Writing ["1.0.1.48"]
2025-10-10T10:04:19.223-05:00 DEBUG 14708 --- [wms-backend] [http-nio-8080-exec-5] o.s.web.servlet.DispatcherServlet        : Completed 200 OK
2025-10-10T10:04:29.217-05:00 DEBUG 14708 --- [wms-backend] [http-nio-8080-exec-1] o.s.web.servlet.DispatcherServlet        : GET "/general/version", parameters={}
2025-10-10T10:04:29.217-05:00 DEBUG 14708 --- [wms-backend] [http-nio-8080-exec-1] s.w.s.m.m.a.RequestMappingHandlerMapping : Mapped to com.woden.wms_backend.controllers.WmsWdGeneral.VersionController#getVersion()
2025-10-10T10:04:29.217-05:00 DEBUG 14708 --- [wms-backend] [http-nio-8080-exec-1] o.s.w.s.m.m.a.HttpEntityMethodProcessor  : Using 'application/json', given [application/json, text/plain, */*] and supported [text/plain, */*, application/json, application/*+json, application/yaml, application/xml;charset=UTF-8, text/xml;charset=UTF-8, application/*+xml;charset=UTF-8]
2025-10-10T10:04:29.218-05:00 DEBUG 14708 --- [wms-backend] [http-nio-8080-exec-1] o.s.w.s.m.m.a.HttpEntityMethodProcessor  : Writing ["1.0.1.48"]
2025-10-10T10:04:29.218-05:00 DEBUG 14708 --- [wms-backend] [http-nio-8080-exec-1] o.s.web.servlet.DispatcherServlet        : Completed 200 OK
2025-10-10T10:04:39.207-05:00 DEBUG 14708 --- [wms-backend] [http-nio-8080-exec-9] o.s.web.servlet.DispatcherServlet        : GET "/general/version", parameters={}
2025-10-10T10:04:39.207-05:00 DEBUG 14708 --- [wms-backend] [http-nio-8080-exec-9] s.w.s.m.m.a.RequestMappingHandlerMapping : Mapped to com.woden.wms_backend.controllers.WmsWdGeneral.VersionController#getVersion()
2025-10-10T10:04:39.219-05:00 DEBUG 14708 --- [wms-backend] [http-nio-8080-exec-9] o.s.w.s.m.m.a.HttpEntityMethodProcessor  : Using 'application/json', given [application/json, text/plain, */*] and supported [text/plain, */*, application/json, application/*+json, application/yaml, application/xml;charset=UTF-8, text/xml;charset=UTF-8, application/*+xml;charset=UTF-8]
2025-10-10T10:04:39.219-05:00 DEBUG 14708 --- [wms-backend] [http-nio-8080-exec-9] o.s.w.s.m.m.a.HttpEntityMethodProcessor  : Writing ["1.0.1.48"]
2025-10-10T10:04:39.219-05:00 DEBUG 14708 --- [wms-backend] [http-nio-8080-exec-9] o.s.web.servlet.DispatcherServlet        : Completed 200 OK
2025-10-10T10:04:49.212-05:00 DEBUG 14708 --- [wms-backend] [http-nio-8080-exec-10] o.s.web.servlet.DispatcherServlet        : GET "/general/version", parameters={}
2025-10-10T10:04:49.212-05:00 DEBUG 14708 --- [wms-backend] [http-nio-8080-exec-10] s.w.s.m.m.a.RequestMappingHandlerMapping : Mapped to com.woden.wms_backend.controllers.WmsWdGeneral.VersionController#getVersion()
2025-10-10T10:04:49.212-05:00 DEBUG 14708 --- [wms-backend] [http-nio-8080-exec-10] o.s.w.s.m.m.a.HttpEntityMethodProcessor  : Using 'application/json', given [application/json, text/plain, */*] and supported [text/plain, */*, application/json, application/*+json, application/yaml, application/xml;charset=UTF-8, text/xml;charset=UTF-8, application/*+xml;charset=UTF-8]
2025-10-10T10:04:49.213-05:00 DEBUG 14708 --- [wms-backend] [http-nio-8080-exec-10] o.s.w.s.m.m.a.HttpEntityMethodProcessor  : Writing ["1.0.1.48"]
2025-10-10T10:04:49.213-05:00 DEBUG 14708 --- [wms-backend] [http-nio-8080-exec-10] o.s.web.servlet.DispatcherServlet        : Completed 200 OK
2025-10-10T10:04:59.214-05:00 DEBUG 14708 --- [wms-backend] [http-nio-8080-exec-4] o.s.web.servlet.DispatcherServlet        : GET "/general/version", parameters={}
2025-10-10T10:04:59.214-05:00 DEBUG 14708 --- [wms-backend] [http-nio-8080-exec-4] s.w.s.m.m.a.RequestMappingHandlerMapping : Mapped to com.woden.wms_backend.controllers.WmsWdGeneral.VersionController#getVersion()
2025-10-10T10:04:59.214-05:00 DEBUG 14708 --- [wms-backend] [http-nio-8080-exec-4] o.s.w.s.m.m.a.HttpEntityMethodProcessor  : Using 'application/json', given [application/json, text/plain, */*] and supported [text/plain, */*, application/json, application/*+json, application/yaml, application/xml;charset=UTF-8, text/xml;charset=UTF-8, application/*+xml;charset=UTF-8]
2025-10-10T10:04:59.214-05:00 DEBUG 14708 --- [wms-backend] [http-nio-8080-exec-4] o.s.w.s.m.m.a.HttpEntityMethodProcessor  : Writing ["1.0.1.48"]
2025-10-10T10:04:59.214-05:00 DEBUG 14708 --- [wms-backend] [http-nio-8080-exec-4] o.s.web.servlet.DispatcherServlet        : Completed 200 OK
2025-10-10T10:05:19.380-05:00 DEBUG 14708 --- [wms-backend] [http-nio-8080-exec-2] o.s.web.servlet.DispatcherServlet        : GET "/general/version", parameters={}
2025-10-10T10:05:19.382-05:00 DEBUG 14708 --- [wms-backend] [http-nio-8080-exec-2] s.w.s.m.m.a.RequestMappingHandlerMapping : Mapped to com.woden.wms_backend.controllers.WmsWdGeneral.VersionController#getVersion()
2025-10-10T10:05:19.383-05:00 DEBUG 14708 --- [wms-backend] [http-nio-8080-exec-2] o.s.w.s.m.m.a.HttpEntityMethodProcessor  : Using 'application/json', given [application/json, text/plain, */*] and supported [text/plain, */*, application/json, application/*+json, application/yaml, application/xml;charset=UTF-8, text/xml;charset=UTF-8, application/*+xml;charset=UTF-8]
2025-10-10T10:05:19.383-05:00 DEBUG 14708 --- [wms-backend] [http-nio-8080-exec-2] o.s.w.s.m.m.a.HttpEntityMethodProcessor  : Writing ["1.0.1.48"]
2025-10-10T10:05:19.384-05:00 DEBUG 14708 --- [wms-backend] [http-nio-8080-exec-2] o.s.web.servlet.DispatcherServlet        : Completed 200 OK
2025-10-10T10:05:29.221-05:00 DEBUG 14708 --- [wms-backend] [http-nio-8080-exec-8] o.s.web.servlet.DispatcherServlet        : GET "/general/version", parameters={}
2025-10-10T10:05:29.221-05:00 DEBUG 14708 --- [wms-backend] [http-nio-8080-exec-8] s.w.s.m.m.a.RequestMappingHandlerMapping : Mapped to com.woden.wms_backend.controllers.WmsWdGeneral.VersionController#getVersion()
2025-10-10T10:05:29.221-05:00 DEBUG 14708 --- [wms-backend] [http-nio-8080-exec-8] o.s.w.s.m.m.a.HttpEntityMethodProcessor  : Using 'application/json', given [application/json, text/plain, */*] and supported [text/plain, */*, application/json, application/*+json, application/yaml, application/xml;charset=UTF-8, text/xml;charset=UTF-8, application/*+xml;charset=UTF-8]
2025-10-10T10:05:29.221-05:00 DEBUG 14708 --- [wms-backend] [http-nio-8080-exec-8] o.s.w.s.m.m.a.HttpEntityMethodProcessor  : Writing ["1.0.1.48"]
2025-10-10T10:05:29.221-05:00 DEBUG 14708 --- [wms-backend] [http-nio-8080-exec-8] o.s.web.servlet.DispatcherServlet        : Completed 200 OK
2025-10-10T10:05:39.220-05:00 DEBUG 14708 --- [wms-backend] [http-nio-8080-exec-7] o.s.web.servlet.DispatcherServlet        : GET "/general/version", parameters={}
2025-10-10T10:05:39.220-05:00 DEBUG 14708 --- [wms-backend] [http-nio-8080-exec-7] s.w.s.m.m.a.RequestMappingHandlerMapping : Mapped to com.woden.wms_backend.controllers.WmsWdGeneral.VersionController#getVersion()
2025-10-10T10:05:39.248-05:00 DEBUG 14708 --- [wms-backend] [http-nio-8080-exec-7] o.s.w.s.m.m.a.HttpEntityMethodProcessor  : Using 'application/json', given [application/json, text/plain, */*] and supported [text/plain, */*, application/json, application/*+json, application/yaml, application/xml;charset=UTF-8, text/xml;charset=UTF-8, application/*+xml;charset=UTF-8]
2025-10-10T10:05:39.248-05:00 DEBUG 14708 --- [wms-backend] [http-nio-8080-exec-7] o.s.w.s.m.m.a.HttpEntityMethodProcessor  : Writing ["1.0.1.48"]
2025-10-10T10:05:39.248-05:00 DEBUG 14708 --- [wms-backend] [http-nio-8080-exec-7] o.s.web.servlet.DispatcherServlet        : Completed 200 OK
2025-10-10T10:05:49.211-05:00 DEBUG 14708 --- [wms-backend] [http-nio-8080-exec-3] o.s.web.servlet.DispatcherServlet        : GET "/general/version", parameters={}
2025-10-10T10:05:49.217-05:00 DEBUG 14708 --- [wms-backend] [http-nio-8080-exec-3] s.w.s.m.m.a.RequestMappingHandlerMapping : Mapped to com.woden.wms_backend.controllers.WmsWdGeneral.VersionController#getVersion()
2025-10-10T10:05:49.218-05:00 DEBUG 14708 --- [wms-backend] [http-nio-8080-exec-3] o.s.w.s.m.m.a.HttpEntityMethodProcessor  : Using 'application/json', given [application/json, text/plain, */*] and supported [text/plain, */*, application/json, application/*+json, application/yaml, application/xml;charset=UTF-8, text/xml;charset=UTF-8, application/*+xml;charset=UTF-8]
2025-10-10T10:05:49.218-05:00 DEBUG 14708 --- [wms-backend] [http-nio-8080-exec-3] o.s.w.s.m.m.a.HttpEntityMethodProcessor  : Writing ["1.0.1.48"]
2025-10-10T10:05:49.218-05:00 DEBUG 14708 --- [wms-backend] [http-nio-8080-exec-3] o.s.web.servlet.DispatcherServlet        : Completed 200 OK
2025-10-10T10:05:59.218-05:00 DEBUG 14708 --- [wms-backend] [http-nio-8080-exec-6] o.s.web.servlet.DispatcherServlet        : GET "/general/version", parameters={}
2025-10-10T10:05:59.219-05:00 DEBUG 14708 --- [wms-backend] [http-nio-8080-exec-6] s.w.s.m.m.a.RequestMappingHandlerMapping : Mapped to com.woden.wms_backend.controllers.WmsWdGeneral.VersionController#getVersion()
2025-10-10T10:05:59.219-05:00 DEBUG 14708 --- [wms-backend] [http-nio-8080-exec-6] o.s.w.s.m.m.a.HttpEntityMethodProcessor  : Using 'application/json', given [application/json, text/plain, */*] and supported [text/plain, */*, application/json, application/*+json, application/yaml, application/xml;charset=UTF-8, text/xml;charset=UTF-8, application/*+xml;charset=UTF-8]
2025-10-10T10:05:59.219-05:00 DEBUG 14708 --- [wms-backend] [http-nio-8080-exec-6] o.s.w.s.m.m.a.HttpEntityMethodProcessor  : Writing ["1.0.1.48"]
2025-10-10T10:05:59.219-05:00 DEBUG 14708 --- [wms-backend] [http-nio-8080-exec-6] o.s.web.servlet.DispatcherServlet        : Completed 200 OK
2025-10-10T10:06:09.206-05:00 DEBUG 14708 --- [wms-backend] [http-nio-8080-exec-5] o.s.web.servlet.DispatcherServlet        : GET "/general/version", parameters={}
2025-10-10T10:06:09.206-05:00 DEBUG 14708 --- [wms-backend] [http-nio-8080-exec-5] s.w.s.m.m.a.RequestMappingHandlerMapping : Mapped to com.woden.wms_backend.controllers.WmsWdGeneral.VersionController#getVersion()
2025-10-10T10:06:09.206-05:00 DEBUG 14708 --- [wms-backend] [http-nio-8080-exec-5] o.s.w.s.m.m.a.HttpEntityMethodProcessor  : Using 'application/json', given [application/json, text/plain, */*] and supported [text/plain, */*, application/json, application/*+json, application/yaml, application/xml;charset=UTF-8, text/xml;charset=UTF-8, application/*+xml;charset=UTF-8]
2025-10-10T10:06:09.206-05:00 DEBUG 14708 --- [wms-backend] [http-nio-8080-exec-5] o.s.w.s.m.m.a.HttpEntityMethodProcessor  : Writing ["1.0.1.48"]
2025-10-10T10:06:09.238-05:00 DEBUG 14708 --- [wms-backend] [http-nio-8080-exec-5] o.s.web.servlet.DispatcherServlet        : Completed 200 OK
2025-10-10T10:06:19.206-05:00 DEBUG 14708 --- [wms-backend] [http-nio-8080-exec-1] o.s.web.servlet.DispatcherServlet        : GET "/general/version", parameters={}
2025-10-10T10:06:19.206-05:00 DEBUG 14708 --- [wms-backend] [http-nio-8080-exec-1] s.w.s.m.m.a.RequestMappingHandlerMapping : Mapped to com.woden.wms_backend.controllers.WmsWdGeneral.VersionController#getVersion()
2025-10-10T10:06:19.206-05:00 DEBUG 14708 --- [wms-backend] [http-nio-8080-exec-1] o.s.w.s.m.m.a.HttpEntityMethodProcessor  : Using 'application/json', given [application/json, text/plain, */*] and supported [text/plain, */*, application/json, application/*+json, application/yaml, application/xml;charset=UTF-8, text/xml;charset=UTF-8, application/*+xml;charset=UTF-8]
2025-10-10T10:06:19.206-05:00 DEBUG 14708 --- [wms-backend] [http-nio-8080-exec-1] o.s.w.s.m.m.a.HttpEntityMethodProcessor  : Writing ["1.0.1.48"]
2025-10-10T10:06:19.212-05:00 DEBUG 14708 --- [wms-backend] [http-nio-8080-exec-1] o.s.web.servlet.DispatcherServlet        : Completed 200 OK
2025-10-10T10:06:36.490-05:00 DEBUG 14708 --- [wms-backend] [http-nio-8080-exec-9] o.s.web.servlet.DispatcherServlet        : GET "/general/version", parameters={}
2025-10-10T10:06:36.491-05:00 DEBUG 14708 --- [wms-backend] [http-nio-8080-exec-9] s.w.s.m.m.a.RequestMappingHandlerMapping : Mapped to com.woden.wms_backend.controllers.WmsWdGeneral.VersionController#getVersion()
2025-10-10T10:06:36.491-05:00 DEBUG 14708 --- [wms-backend] [http-nio-8080-exec-9] o.s.w.s.m.m.a.HttpEntityMethodProcessor  : Using 'application/json', given [application/json, text/plain, */*] and supported [text/plain, */*, application/json, application/*+json, application/yaml, application/xml;charset=UTF-8, text/xml;charset=UTF-8, application/*+xml;charset=UTF-8]
2025-10-10T10:06:36.491-05:00 DEBUG 14708 --- [wms-backend] [http-nio-8080-exec-9] o.s.w.s.m.m.a.HttpEntityMethodProcessor  : Writing ["1.0.1.48"]
2025-10-10T10:06:36.492-05:00 DEBUG 14708 --- [wms-backend] [http-nio-8080-exec-9] o.s.web.servlet.DispatcherServlet        : Completed 200 OK
2025-10-10T10:06:38.686-05:00 DEBUG 14708 --- [wms-backend] [http-nio-8080-exec-10] o.s.web.servlet.DispatcherServlet        : GET "/general/version", parameters={}
2025-10-10T10:06:38.686-05:00 DEBUG 14708 --- [wms-backend] [http-nio-8080-exec-10] s.w.s.m.m.a.RequestMappingHandlerMapping : Mapped to com.woden.wms_backend.controllers.WmsWdGeneral.VersionController#getVersion()
2025-10-10T10:06:38.688-05:00 DEBUG 14708 --- [wms-backend] [http-nio-8080-exec-10] o.s.w.s.m.m.a.HttpEntityMethodProcessor  : Using 'application/json', given [application/json, text/plain, */*] and supported [text/plain, */*, application/json, application/*+json, application/yaml, application/xml;charset=UTF-8, text/xml;charset=UTF-8, application/*+xml;charset=UTF-8]
2025-10-10T10:06:38.688-05:00 DEBUG 14708 --- [wms-backend] [http-nio-8080-exec-10] o.s.w.s.m.m.a.HttpEntityMethodProcessor  : Writing ["1.0.1.48"]
2025-10-10T10:06:38.688-05:00 DEBUG 14708 --- [wms-backend] [http-nio-8080-exec-10] o.s.web.servlet.DispatcherServlet        : Completed 200 OK
2025-10-10T10:06:48.696-05:00 DEBUG 14708 --- [wms-backend] [http-nio-8080-exec-4] o.s.web.servlet.DispatcherServlet        : GET "/general/version", parameters={}
2025-10-10T10:06:48.697-05:00 DEBUG 14708 --- [wms-backend] [http-nio-8080-exec-4] s.w.s.m.m.a.RequestMappingHandlerMapping : Mapped to com.woden.wms_backend.controllers.WmsWdGeneral.VersionController#getVersion()
2025-10-10T10:06:48.698-05:00 DEBUG 14708 --- [wms-backend] [http-nio-8080-exec-4] o.s.w.s.m.m.a.HttpEntityMethodProcessor  : Using 'application/json', given [application/json, text/plain, */*] and supported [text/plain, */*, application/json, application/*+json, application/yaml, application/xml;charset=UTF-8, text/xml;charset=UTF-8, application/*+xml;charset=UTF-8]
2025-10-10T10:06:48.698-05:00 DEBUG 14708 --- [wms-backend] [http-nio-8080-exec-4] o.s.w.s.m.m.a.HttpEntityMethodProcessor  : Writing ["1.0.1.48"]
2025-10-10T10:06:48.699-05:00 DEBUG 14708 --- [wms-backend] [http-nio-8080-exec-4] o.s.web.servlet.DispatcherServlet        : Completed 200 OK
2025-10-10T10:06:58.689-05:00 DEBUG 14708 --- [wms-backend] [http-nio-8080-exec-2] o.s.web.servlet.DispatcherServlet        : GET "/general/version", parameters={}
2025-10-10T10:06:58.689-05:00 DEBUG 14708 --- [wms-backend] [http-nio-8080-exec-2] s.w.s.m.m.a.RequestMappingHandlerMapping : Mapped to com.woden.wms_backend.controllers.WmsWdGeneral.VersionController#getVersion()
2025-10-10T10:06:58.690-05:00 DEBUG 14708 --- [wms-backend] [http-nio-8080-exec-2] o.s.w.s.m.m.a.HttpEntityMethodProcessor  : Using 'application/json', given [application/json, text/plain, */*] and supported [text/plain, */*, application/json, application/*+json, application/yaml, application/xml;charset=UTF-8, text/xml;charset=UTF-8, application/*+xml;charset=UTF-8]
2025-10-10T10:06:58.691-05:00 DEBUG 14708 --- [wms-backend] [http-nio-8080-exec-2] o.s.w.s.m.m.a.HttpEntityMethodProcessor  : Writing ["1.0.1.48"]
2025-10-10T10:06:58.691-05:00 DEBUG 14708 --- [wms-backend] [http-nio-8080-exec-2] o.s.web.servlet.DispatcherServlet        : Completed 200 OK
2025-10-10T10:07:08.690-05:00 DEBUG 14708 --- [wms-backend] [http-nio-8080-exec-8] o.s.web.servlet.DispatcherServlet        : GET "/general/version", parameters={}
2025-10-10T10:07:08.690-05:00 DEBUG 14708 --- [wms-backend] [http-nio-8080-exec-8] s.w.s.m.m.a.RequestMappingHandlerMapping : Mapped to com.woden.wms_backend.controllers.WmsWdGeneral.VersionController#getVersion()
2025-10-10T10:07:08.691-05:00 DEBUG 14708 --- [wms-backend] [http-nio-8080-exec-8] o.s.w.s.m.m.a.HttpEntityMethodProcessor  : Using 'application/json', given [application/json, text/plain, */*] and supported [text/plain, */*, application/json, application/*+json, application/yaml, application/xml;charset=UTF-8, text/xml;charset=UTF-8, application/*+xml;charset=UTF-8]
2025-10-10T10:07:08.691-05:00 DEBUG 14708 --- [wms-backend] [http-nio-8080-exec-8] o.s.w.s.m.m.a.HttpEntityMethodProcessor  : Writing ["1.0.1.48"]
2025-10-10T10:07:08.691-05:00 DEBUG 14708 --- [wms-backend] [http-nio-8080-exec-8] o.s.web.servlet.DispatcherServlet        : Completed 200 OK
2025-10-10T10:07:19.216-05:00 DEBUG 14708 --- [wms-backend] [http-nio-8080-exec-7] o.s.web.servlet.DispatcherServlet        : GET "/general/version", parameters={}
2025-10-10T10:07:19.216-05:00 DEBUG 14708 --- [wms-backend] [http-nio-8080-exec-7] s.w.s.m.m.a.RequestMappingHandlerMapping : Mapped to com.woden.wms_backend.controllers.WmsWdGeneral.VersionController#getVersion()
2025-10-10T10:07:19.217-05:00 DEBUG 14708 --- [wms-backend] [http-nio-8080-exec-7] o.s.w.s.m.m.a.HttpEntityMethodProcessor  : Using 'application/json', given [application/json, text/plain, */*] and supported [text/plain, */*, application/json, application/*+json, application/yaml, application/xml;charset=UTF-8, text/xml;charset=UTF-8, application/*+xml;charset=UTF-8]
2025-10-10T10:07:19.217-05:00 DEBUG 14708 --- [wms-backend] [http-nio-8080-exec-7] o.s.w.s.m.m.a.HttpEntityMethodProcessor  : Writing ["1.0.1.48"]
2025-10-10T10:07:19.217-05:00 DEBUG 14708 --- [wms-backend] [http-nio-8080-exec-7] o.s.web.servlet.DispatcherServlet        : Completed 200 OK
2025-10-10T10:07:29.209-05:00 DEBUG 14708 --- [wms-backend] [http-nio-8080-exec-3] o.s.web.servlet.DispatcherServlet        : GET "/general/version", parameters={}
2025-10-10T10:07:29.209-05:00 DEBUG 14708 --- [wms-backend] [http-nio-8080-exec-3] s.w.s.m.m.a.RequestMappingHandlerMapping : Mapped to com.woden.wms_backend.controllers.WmsWdGeneral.VersionController#getVersion()
2025-10-10T10:07:29.209-05:00 DEBUG 14708 --- [wms-backend] [http-nio-8080-exec-3] o.s.w.s.m.m.a.HttpEntityMethodProcessor  : Using 'application/json', given [application/json, text/plain, */*] and supported [text/plain, */*, application/json, application/*+json, application/yaml, application/xml;charset=UTF-8, text/xml;charset=UTF-8, application/*+xml;charset=UTF-8]
2025-10-10T10:07:29.209-05:00 DEBUG 14708 --- [wms-backend] [http-nio-8080-exec-3] o.s.w.s.m.m.a.HttpEntityMethodProcessor  : Writing ["1.0.1.48"]
2025-10-10T10:07:29.217-05:00 DEBUG 14708 --- [wms-backend] [http-nio-8080-exec-3] o.s.web.servlet.DispatcherServlet        : Completed 200 OK
2025-10-10T10:07:39.220-05:00 DEBUG 14708 --- [wms-backend] [http-nio-8080-exec-6] o.s.web.servlet.DispatcherServlet        : GET "/general/version", parameters={}
2025-10-10T10:07:39.220-05:00 DEBUG 14708 --- [wms-backend] [http-nio-8080-exec-6] s.w.s.m.m.a.RequestMappingHandlerMapping : Mapped to com.woden.wms_backend.controllers.WmsWdGeneral.VersionController#getVersion()
2025-10-10T10:07:39.221-05:00 DEBUG 14708 --- [wms-backend] [http-nio-8080-exec-6] o.s.w.s.m.m.a.HttpEntityMethodProcessor  : Using 'application/json', given [application/json, text/plain, */*] and supported [text/plain, */*, application/json, application/*+json, application/yaml, application/xml;charset=UTF-8, text/xml;charset=UTF-8, application/*+xml;charset=UTF-8]
2025-10-10T10:07:39.221-05:00 DEBUG 14708 --- [wms-backend] [http-nio-8080-exec-6] o.s.w.s.m.m.a.HttpEntityMethodProcessor  : Writing ["1.0.1.48"]
2025-10-10T10:07:39.221-05:00 DEBUG 14708 --- [wms-backend] [http-nio-8080-exec-6] o.s.web.servlet.DispatcherServlet        : Completed 200 OK
2025-10-10T10:07:49.214-05:00 DEBUG 14708 --- [wms-backend] [http-nio-8080-exec-5] o.s.web.servlet.DispatcherServlet        : GET "/general/version", parameters={}
2025-10-10T10:07:49.214-05:00 DEBUG 14708 --- [wms-backend] [http-nio-8080-exec-5] s.w.s.m.m.a.RequestMappingHandlerMapping : Mapped to com.woden.wms_backend.controllers.WmsWdGeneral.VersionController#getVersion()
2025-10-10T10:07:49.214-05:00 DEBUG 14708 --- [wms-backend] [http-nio-8080-exec-5] o.s.w.s.m.m.a.HttpEntityMethodProcessor  : Using 'application/json', given [application/json, text/plain, */*] and supported [text/plain, */*, application/json, application/*+json, application/yaml, application/xml;charset=UTF-8, text/xml;charset=UTF-8, application/*+xml;charset=UTF-8]
2025-10-10T10:07:49.214-05:00 DEBUG 14708 --- [wms-backend] [http-nio-8080-exec-5] o.s.w.s.m.m.a.HttpEntityMethodProcessor  : Writing ["1.0.1.48"]
2025-10-10T10:07:49.214-05:00 DEBUG 14708 --- [wms-backend] [http-nio-8080-exec-5] o.s.web.servlet.DispatcherServlet        : Completed 200 OK
2025-10-10T10:07:59.210-05:00 DEBUG 14708 --- [wms-backend] [http-nio-8080-exec-1] o.s.web.servlet.DispatcherServlet        : GET "/general/version", parameters={}
2025-10-10T10:07:59.210-05:00 DEBUG 14708 --- [wms-backend] [http-nio-8080-exec-1] s.w.s.m.m.a.RequestMappingHandlerMapping : Mapped to com.woden.wms_backend.controllers.WmsWdGeneral.VersionController#getVersion()
2025-10-10T10:07:59.210-05:00 DEBUG 14708 --- [wms-backend] [http-nio-8080-exec-1] o.s.w.s.m.m.a.HttpEntityMethodProcessor  : Using 'application/json', given [application/json, text/plain, */*] and supported [text/plain, */*, application/json, application/*+json, application/yaml, application/xml;charset=UTF-8, text/xml;charset=UTF-8, application/*+xml;charset=UTF-8]
2025-10-10T10:07:59.210-05:00 DEBUG 14708 --- [wms-backend] [http-nio-8080-exec-1] o.s.w.s.m.m.a.HttpEntityMethodProcessor  : Writing ["1.0.1.48"]
2025-10-10T10:07:59.210-05:00 DEBUG 14708 --- [wms-backend] [http-nio-8080-exec-1] o.s.web.servlet.DispatcherServlet        : Completed 200 OK
2025-10-10T10:08:09.217-05:00 DEBUG 14708 --- [wms-backend] [http-nio-8080-exec-9] o.s.web.servlet.DispatcherServlet        : GET "/general/version", parameters={}
2025-10-10T10:08:09.217-05:00 DEBUG 14708 --- [wms-backend] [http-nio-8080-exec-9] s.w.s.m.m.a.RequestMappingHandlerMapping : Mapped to com.woden.wms_backend.controllers.WmsWdGeneral.VersionController#getVersion()
2025-10-10T10:08:09.218-05:00 DEBUG 14708 --- [wms-backend] [http-nio-8080-exec-9] o.s.w.s.m.m.a.HttpEntityMethodProcessor  : Using 'application/json', given [application/json, text/plain, */*] and supported [text/plain, */*, application/json, application/*+json, application/yaml, application/xml;charset=UTF-8, text/xml;charset=UTF-8, application/*+xml;charset=UTF-8]
2025-10-10T10:08:09.218-05:00 DEBUG 14708 --- [wms-backend] [http-nio-8080-exec-9] o.s.w.s.m.m.a.HttpEntityMethodProcessor  : Writing ["1.0.1.48"]
2025-10-10T10:08:09.219-05:00 DEBUG 14708 --- [wms-backend] [http-nio-8080-exec-9] o.s.web.servlet.DispatcherServlet        : Completed 200 OK
2025-10-10T10:08:22.226-05:00 DEBUG 14708 --- [wms-backend] [http-nio-8080-exec-10] o.s.web.servlet.DispatcherServlet        : GET "/general/version", parameters={}
2025-10-10T10:08:22.227-05:00 DEBUG 14708 --- [wms-backend] [http-nio-8080-exec-10] s.w.s.m.m.a.RequestMappingHandlerMapping : Mapped to com.woden.wms_backend.controllers.WmsWdGeneral.VersionController#getVersion()
2025-10-10T10:08:22.227-05:00 DEBUG 14708 --- [wms-backend] [http-nio-8080-exec-10] o.s.w.s.m.m.a.HttpEntityMethodProcessor  : Using 'application/json', given [application/json, text/plain, */*] and supported [text/plain, */*, application/json, application/*+json, application/yaml, application/xml;charset=UTF-8, text/xml;charset=UTF-8, application/*+xml;charset=UTF-8]
2025-10-10T10:08:22.227-05:00 DEBUG 14708 --- [wms-backend] [http-nio-8080-exec-10] o.s.w.s.m.m.a.HttpEntityMethodProcessor  : Writing ["1.0.1.48"]
2025-10-10T10:08:22.227-05:00 DEBUG 14708 --- [wms-backend] [http-nio-8080-exec-10] o.s.web.servlet.DispatcherServlet        : Completed 200 OK
2025-10-10T10:09:22.246-05:00 DEBUG 14708 --- [wms-backend] [http-nio-8080-exec-2] o.s.web.servlet.DispatcherServlet        : GET "/general/version", parameters={}
2025-10-10T10:09:22.248-05:00 DEBUG 14708 --- [wms-backend] [http-nio-8080-exec-2] s.w.s.m.m.a.RequestMappingHandlerMapping : Mapped to com.woden.wms_backend.controllers.WmsWdGeneral.VersionController#getVersion()
2025-10-10T10:09:22.248-05:00 DEBUG 14708 --- [wms-backend] [http-nio-8080-exec-2] o.s.w.s.m.m.a.HttpEntityMethodProcessor  : Using 'application/json', given [application/json, text/plain, */*] and supported [text/plain, */*, application/json, application/*+json, application/yaml, application/xml;charset=UTF-8, text/xml;charset=UTF-8, application/*+xml;charset=UTF-8]
2025-10-10T10:09:22.248-05:00 DEBUG 14708 --- [wms-backend] [http-nio-8080-exec-2] o.s.w.s.m.m.a.HttpEntityMethodProcessor  : Writing ["1.0.1.48"]
2025-10-10T10:09:22.248-05:00 DEBUG 14708 --- [wms-backend] [http-nio-8080-exec-2] o.s.web.servlet.DispatcherServlet        : Completed 200 OK
2025-10-10T10:10:22.224-05:00 DEBUG 14708 --- [wms-backend] [http-nio-8080-exec-7] o.s.web.servlet.DispatcherServlet        : GET "/general/version", parameters={}
2025-10-10T10:10:22.225-05:00 DEBUG 14708 --- [wms-backend] [http-nio-8080-exec-7] s.w.s.m.m.a.RequestMappingHandlerMapping : Mapped to com.woden.wms_backend.controllers.WmsWdGeneral.VersionController#getVersion()
2025-10-10T10:10:22.225-05:00 DEBUG 14708 --- [wms-backend] [http-nio-8080-exec-7] o.s.w.s.m.m.a.HttpEntityMethodProcessor  : Using 'application/json', given [application/json, text/plain, */*] and supported [text/plain, */*, application/json, application/*+json, application/yaml, application/xml;charset=UTF-8, text/xml;charset=UTF-8, application/*+xml;charset=UTF-8]
2025-10-10T10:10:22.225-05:00 DEBUG 14708 --- [wms-backend] [http-nio-8080-exec-7] o.s.w.s.m.m.a.HttpEntityMethodProcessor  : Writing ["1.0.1.48"]
2025-10-10T10:10:22.225-05:00 DEBUG 14708 --- [wms-backend] [http-nio-8080-exec-7] o.s.web.servlet.DispatcherServlet        : Completed 200 OK
2025-10-10T10:11:22.234-05:00 DEBUG 14708 --- [wms-backend] [http-nio-8080-exec-6] o.s.web.servlet.DispatcherServlet        : GET "/general/version", parameters={}
2025-10-10T10:11:22.234-05:00 DEBUG 14708 --- [wms-backend] [http-nio-8080-exec-6] s.w.s.m.m.a.RequestMappingHandlerMapping : Mapped to com.woden.wms_backend.controllers.WmsWdGeneral.VersionController#getVersion()
2025-10-10T10:11:22.236-05:00 DEBUG 14708 --- [wms-backend] [http-nio-8080-exec-6] o.s.w.s.m.m.a.HttpEntityMethodProcessor  : Using 'application/json', given [application/json, text/plain, */*] and supported [text/plain, */*, application/json, application/*+json, application/yaml, application/xml;charset=UTF-8, text/xml;charset=UTF-8, application/*+xml;charset=UTF-8]
2025-10-10T10:11:22.236-05:00 DEBUG 14708 --- [wms-backend] [http-nio-8080-exec-6] o.s.w.s.m.m.a.HttpEntityMethodProcessor  : Writing ["1.0.1.48"]
2025-10-10T10:11:22.237-05:00 DEBUG 14708 --- [wms-backend] [http-nio-8080-exec-6] o.s.web.servlet.DispatcherServlet        : Completed 200 OK
2025-10-10T10:12:22.234-05:00 DEBUG 14708 --- [wms-backend] [http-nio-8080-exec-5] o.s.web.servlet.DispatcherServlet        : GET "/general/version", parameters={}
2025-10-10T10:12:22.234-05:00 DEBUG 14708 --- [wms-backend] [http-nio-8080-exec-5] s.w.s.m.m.a.RequestMappingHandlerMapping : Mapped to com.woden.wms_backend.controllers.WmsWdGeneral.VersionController#getVersion()
2025-10-10T10:12:22.234-05:00 DEBUG 14708 --- [wms-backend] [http-nio-8080-exec-5] o.s.w.s.m.m.a.HttpEntityMethodProcessor  : Using 'application/json', given [application/json, text/plain, */*] and supported [text/plain, */*, application/json, application/*+json, application/yaml, application/xml;charset=UTF-8, text/xml;charset=UTF-8, application/*+xml;charset=UTF-8]
2025-10-10T10:12:22.234-05:00 DEBUG 14708 --- [wms-backend] [http-nio-8080-exec-5] o.s.w.s.m.m.a.HttpEntityMethodProcessor  : Writing ["1.0.1.48"]
2025-10-10T10:12:22.236-05:00 DEBUG 14708 --- [wms-backend] [http-nio-8080-exec-5] o.s.web.servlet.DispatcherServlet        : Completed 200 OK
2025-10-10T10:13:22.228-05:00 DEBUG 14708 --- [wms-backend] [http-nio-8080-exec-1] o.s.web.servlet.DispatcherServlet        : GET "/general/version", parameters={}
2025-10-10T10:13:22.228-05:00 DEBUG 14708 --- [wms-backend] [http-nio-8080-exec-1] s.w.s.m.m.a.RequestMappingHandlerMapping : Mapped to com.woden.wms_backend.controllers.WmsWdGeneral.VersionController#getVersion()
2025-10-10T10:13:22.229-05:00 DEBUG 14708 --- [wms-backend] [http-nio-8080-exec-1] o.s.w.s.m.m.a.HttpEntityMethodProcessor  : Using 'application/json', given [application/json, text/plain, */*] and supported [text/plain, */*, application/json, application/*+json, application/yaml, application/xml;charset=UTF-8, text/xml;charset=UTF-8, application/*+xml;charset=UTF-8]
2025-10-10T10:13:22.229-05:00 DEBUG 14708 --- [wms-backend] [http-nio-8080-exec-1] o.s.w.s.m.m.a.HttpEntityMethodProcessor  : Writing ["1.0.1.48"]
2025-10-10T10:13:22.229-05:00 DEBUG 14708 --- [wms-backend] [http-nio-8080-exec-1] o.s.web.servlet.DispatcherServlet        : Completed 200 OK
2025-10-10T10:14:22.237-05:00 DEBUG 14708 --- [wms-backend] [http-nio-8080-exec-9] o.s.web.servlet.DispatcherServlet        : GET "/general/version", parameters={}
2025-10-10T10:14:22.238-05:00 DEBUG 14708 --- [wms-backend] [http-nio-8080-exec-9] s.w.s.m.m.a.RequestMappingHandlerMapping : Mapped to com.woden.wms_backend.controllers.WmsWdGeneral.VersionController#getVersion()
2025-10-10T10:14:22.238-05:00 DEBUG 14708 --- [wms-backend] [http-nio-8080-exec-9] o.s.w.s.m.m.a.HttpEntityMethodProcessor  : Using 'application/json', given [application/json, text/plain, */*] and supported [text/plain, */*, application/json, application/*+json, application/yaml, application/xml;charset=UTF-8, text/xml;charset=UTF-8, application/*+xml;charset=UTF-8]
2025-10-10T10:14:22.238-05:00 DEBUG 14708 --- [wms-backend] [http-nio-8080-exec-9] o.s.w.s.m.m.a.HttpEntityMethodProcessor  : Writing ["1.0.1.48"]
2025-10-10T10:14:22.238-05:00 DEBUG 14708 --- [wms-backend] [http-nio-8080-exec-9] o.s.web.servlet.DispatcherServlet        : Completed 200 OK
2025-10-10T10:15:22.231-05:00 DEBUG 14708 --- [wms-backend] [http-nio-8080-exec-10] o.s.web.servlet.DispatcherServlet        : GET "/general/version", parameters={}
2025-10-10T10:15:22.233-05:00 DEBUG 14708 --- [wms-backend] [http-nio-8080-exec-10] s.w.s.m.m.a.RequestMappingHandlerMapping : Mapped to com.woden.wms_backend.controllers.WmsWdGeneral.VersionController#getVersion()
2025-10-10T10:15:22.233-05:00 DEBUG 14708 --- [wms-backend] [http-nio-8080-exec-10] o.s.w.s.m.m.a.HttpEntityMethodProcessor  : Using 'application/json', given [application/json, text/plain, */*] and supported [text/plain, */*, application/json, application/*+json, application/yaml, application/xml;charset=UTF-8, text/xml;charset=UTF-8, application/*+xml;charset=UTF-8]
2025-10-10T10:15:22.233-05:00 DEBUG 14708 --- [wms-backend] [http-nio-8080-exec-10] o.s.w.s.m.m.a.HttpEntityMethodProcessor  : Writing ["1.0.1.48"]
2025-10-10T10:15:22.234-05:00 DEBUG 14708 --- [wms-backend] [http-nio-8080-exec-10] o.s.web.servlet.DispatcherServlet        : Completed 200 OK
2025-10-10T10:16:22.231-05:00 DEBUG 14708 --- [wms-backend] [http-nio-8080-exec-4] o.s.web.servlet.DispatcherServlet        : GET "/general/version", parameters={}
2025-10-10T10:16:22.233-05:00 DEBUG 14708 --- [wms-backend] [http-nio-8080-exec-4] s.w.s.m.m.a.RequestMappingHandlerMapping : Mapped to com.woden.wms_backend.controllers.WmsWdGeneral.VersionController#getVersion()
2025-10-10T10:16:22.233-05:00 DEBUG 14708 --- [wms-backend] [http-nio-8080-exec-4] o.s.w.s.m.m.a.HttpEntityMethodProcessor  : Using 'application/json', given [application/json, text/plain, */*] and supported [text/plain, */*, application/json, application/*+json, application/yaml, application/xml;charset=UTF-8, text/xml;charset=UTF-8, application/*+xml;charset=UTF-8]
2025-10-10T10:16:22.233-05:00 DEBUG 14708 --- [wms-backend] [http-nio-8080-exec-4] o.s.w.s.m.m.a.HttpEntityMethodProcessor  : Writing ["1.0.1.48"]
2025-10-10T10:16:22.234-05:00 DEBUG 14708 --- [wms-backend] [http-nio-8080-exec-4] o.s.web.servlet.DispatcherServlet        : Completed 200 OK
2025-10-10T10:17:22.220-05:00 DEBUG 14708 --- [wms-backend] [http-nio-8080-exec-2] o.s.web.servlet.DispatcherServlet        : GET "/general/version", parameters={}
2025-10-10T10:17:22.220-05:00 DEBUG 14708 --- [wms-backend] [http-nio-8080-exec-2] s.w.s.m.m.a.RequestMappingHandlerMapping : Mapped to com.woden.wms_backend.controllers.WmsWdGeneral.VersionController#getVersion()
2025-10-10T10:17:22.221-05:00 DEBUG 14708 --- [wms-backend] [http-nio-8080-exec-2] o.s.w.s.m.m.a.HttpEntityMethodProcessor  : Using 'application/json', given [application/json, text/plain, */*] and supported [text/plain, */*, application/json, application/*+json, application/yaml, application/xml;charset=UTF-8, text/xml;charset=UTF-8, application/*+xml;charset=UTF-8]
2025-10-10T10:17:22.221-05:00 DEBUG 14708 --- [wms-backend] [http-nio-8080-exec-2] o.s.w.s.m.m.a.HttpEntityMethodProcessor  : Writing ["1.0.1.48"]
2025-10-10T10:17:22.221-05:00 DEBUG 14708 --- [wms-backend] [http-nio-8080-exec-2] o.s.web.servlet.DispatcherServlet        : Completed 200 OK
2025-10-10T10:17:57.441-05:00 DEBUG 14708 --- [wms-backend] [http-nio-8080-exec-8] o.s.web.servlet.DispatcherServlet        : GET "/general/version", parameters={}
2025-10-10T10:17:57.441-05:00 DEBUG 14708 --- [wms-backend] [http-nio-8080-exec-8] s.w.s.m.m.a.RequestMappingHandlerMapping : Mapped to com.woden.wms_backend.controllers.WmsWdGeneral.VersionController#getVersion()
2025-10-10T10:17:57.442-05:00 DEBUG 14708 --- [wms-backend] [http-nio-8080-exec-8] o.s.w.s.m.m.a.HttpEntityMethodProcessor  : Using 'application/json', given [application/json, text/plain, */*] and supported [text/plain, */*, application/json, application/*+json, application/yaml, application/xml;charset=UTF-8, text/xml;charset=UTF-8, application/*+xml;charset=UTF-8]
2025-10-10T10:17:57.442-05:00 DEBUG 14708 --- [wms-backend] [http-nio-8080-exec-8] o.s.w.s.m.m.a.HttpEntityMethodProcessor  : Writing ["1.0.1.48"]
2025-10-10T10:17:57.445-05:00 DEBUG 14708 --- [wms-backend] [http-nio-8080-exec-8] o.s.web.servlet.DispatcherServlet        : Completed 200 OK
2025-10-10T10:17:58.687-05:00 DEBUG 14708 --- [wms-backend] [http-nio-8080-exec-7] o.s.web.servlet.DispatcherServlet        : GET "/general/version", parameters={}
2025-10-10T10:17:58.687-05:00 DEBUG 14708 --- [wms-backend] [http-nio-8080-exec-7] s.w.s.m.m.a.RequestMappingHandlerMapping : Mapped to com.woden.wms_backend.controllers.WmsWdGeneral.VersionController#getVersion()
2025-10-10T10:17:58.687-05:00 DEBUG 14708 --- [wms-backend] [http-nio-8080-exec-7] o.s.w.s.m.m.a.HttpEntityMethodProcessor  : Using 'application/json', given [application/json, text/plain, */*] and supported [text/plain, */*, application/json, application/*+json, application/yaml, application/xml;charset=UTF-8, text/xml;charset=UTF-8, application/*+xml;charset=UTF-8]
2025-10-10T10:17:58.687-05:00 DEBUG 14708 --- [wms-backend] [http-nio-8080-exec-7] o.s.w.s.m.m.a.HttpEntityMethodProcessor  : Writing ["1.0.1.48"]
2025-10-10T10:17:58.687-05:00 DEBUG 14708 --- [wms-backend] [http-nio-8080-exec-7] o.s.web.servlet.DispatcherServlet        : Completed 200 OK
2025-10-10T10:18:09.208-05:00 DEBUG 14708 --- [wms-backend] [http-nio-8080-exec-3] o.s.web.servlet.DispatcherServlet        : GET "/general/version", parameters={}
2025-10-10T10:18:09.208-05:00 DEBUG 14708 --- [wms-backend] [http-nio-8080-exec-3] s.w.s.m.m.a.RequestMappingHandlerMapping : Mapped to com.woden.wms_backend.controllers.WmsWdGeneral.VersionController#getVersion()
2025-10-10T10:18:09.208-05:00 DEBUG 14708 --- [wms-backend] [http-nio-8080-exec-3] o.s.w.s.m.m.a.HttpEntityMethodProcessor  : Using 'application/json', given [application/json, text/plain, */*] and supported [text/plain, */*, application/json, application/*+json, application/yaml, application/xml;charset=UTF-8, text/xml;charset=UTF-8, application/*+xml;charset=UTF-8]
2025-10-10T10:18:09.208-05:00 DEBUG 14708 --- [wms-backend] [http-nio-8080-exec-3] o.s.w.s.m.m.a.HttpEntityMethodProcessor  : Writing ["1.0.1.48"]
2025-10-10T10:18:09.216-05:00 DEBUG 14708 --- [wms-backend] [http-nio-8080-exec-3] o.s.web.servlet.DispatcherServlet        : Completed 200 OK
2025-10-10T10:18:19.206-05:00 DEBUG 14708 --- [wms-backend] [http-nio-8080-exec-6] o.s.web.servlet.DispatcherServlet        : GET "/general/version", parameters={}
2025-10-10T10:18:19.206-05:00 DEBUG 14708 --- [wms-backend] [http-nio-8080-exec-6] s.w.s.m.m.a.RequestMappingHandlerMapping : Mapped to com.woden.wms_backend.controllers.WmsWdGeneral.VersionController#getVersion()
2025-10-10T10:18:19.206-05:00 DEBUG 14708 --- [wms-backend] [http-nio-8080-exec-6] o.s.w.s.m.m.a.HttpEntityMethodProcessor  : Using 'application/json', given [application/json, text/plain, */*] and supported [text/plain, */*, application/json, application/*+json, application/yaml, application/xml;charset=UTF-8, text/xml;charset=UTF-8, application/*+xml;charset=UTF-8]
2025-10-10T10:18:19.206-05:00 DEBUG 14708 --- [wms-backend] [http-nio-8080-exec-6] o.s.w.s.m.m.a.HttpEntityMethodProcessor  : Writing ["1.0.1.48"]
2025-10-10T10:18:19.206-05:00 DEBUG 14708 --- [wms-backend] [http-nio-8080-exec-6] o.s.web.servlet.DispatcherServlet        : Completed 200 OK
2025-10-10T10:18:29.214-05:00 DEBUG 14708 --- [wms-backend] [http-nio-8080-exec-5] o.s.web.servlet.DispatcherServlet        : GET "/general/version", parameters={}
2025-10-10T10:18:29.214-05:00 DEBUG 14708 --- [wms-backend] [http-nio-8080-exec-5] s.w.s.m.m.a.RequestMappingHandlerMapping : Mapped to com.woden.wms_backend.controllers.WmsWdGeneral.VersionController#getVersion()
2025-10-10T10:18:29.219-05:00 DEBUG 14708 --- [wms-backend] [http-nio-8080-exec-5] o.s.w.s.m.m.a.HttpEntityMethodProcessor  : Using 'application/json', given [application/json, text/plain, */*] and supported [text/plain, */*, application/json, application/*+json, application/yaml, application/xml;charset=UTF-8, text/xml;charset=UTF-8, application/*+xml;charset=UTF-8]
2025-10-10T10:18:29.219-05:00 DEBUG 14708 --- [wms-backend] [http-nio-8080-exec-5] o.s.w.s.m.m.a.HttpEntityMethodProcessor  : Writing ["1.0.1.48"]
2025-10-10T10:18:29.219-05:00 DEBUG 14708 --- [wms-backend] [http-nio-8080-exec-5] o.s.web.servlet.DispatcherServlet        : Completed 200 OK
2025-10-10T10:18:39.211-05:00 DEBUG 14708 --- [wms-backend] [http-nio-8080-exec-1] o.s.web.servlet.DispatcherServlet        : GET "/general/version", parameters={}
2025-10-10T10:18:39.211-05:00 DEBUG 14708 --- [wms-backend] [http-nio-8080-exec-1] s.w.s.m.m.a.RequestMappingHandlerMapping : Mapped to com.woden.wms_backend.controllers.WmsWdGeneral.VersionController#getVersion()
2025-10-10T10:18:39.211-05:00 DEBUG 14708 --- [wms-backend] [http-nio-8080-exec-1] o.s.w.s.m.m.a.HttpEntityMethodProcessor  : Using 'application/json', given [application/json, text/plain, */*] and supported [text/plain, */*, application/json, application/*+json, application/yaml, application/xml;charset=UTF-8, text/xml;charset=UTF-8, application/*+xml;charset=UTF-8]
2025-10-10T10:18:39.211-05:00 DEBUG 14708 --- [wms-backend] [http-nio-8080-exec-1] o.s.w.s.m.m.a.HttpEntityMethodProcessor  : Writing ["1.0.1.48"]
2025-10-10T10:18:39.211-05:00 DEBUG 14708 --- [wms-backend] [http-nio-8080-exec-1] o.s.web.servlet.DispatcherServlet        : Completed 200 OK
2025-10-10T10:18:49.259-05:00 DEBUG 14708 --- [wms-backend] [http-nio-8080-exec-9] o.s.web.servlet.DispatcherServlet        : GET "/general/version", parameters={}
2025-10-10T10:18:49.259-05:00 DEBUG 14708 --- [wms-backend] [http-nio-8080-exec-9] s.w.s.m.m.a.RequestMappingHandlerMapping : Mapped to com.woden.wms_backend.controllers.WmsWdGeneral.VersionController#getVersion()
2025-10-10T10:18:49.259-05:00 DEBUG 14708 --- [wms-backend] [http-nio-8080-exec-9] o.s.w.s.m.m.a.HttpEntityMethodProcessor  : Using 'application/json', given [application/json, text/plain, */*] and supported [text/plain, */*, application/json, application/*+json, application/yaml, application/xml;charset=UTF-8, text/xml;charset=UTF-8, application/*+xml;charset=UTF-8]
2025-10-10T10:18:49.259-05:00 DEBUG 14708 --- [wms-backend] [http-nio-8080-exec-9] o.s.w.s.m.m.a.HttpEntityMethodProcessor  : Writing ["1.0.1.48"]
2025-10-10T10:18:49.261-05:00 DEBUG 14708 --- [wms-backend] [http-nio-8080-exec-9] o.s.web.servlet.DispatcherServlet        : Completed 200 OK
2025-10-10T10:18:59.213-05:00 DEBUG 14708 --- [wms-backend] [http-nio-8080-exec-10] o.s.web.servlet.DispatcherServlet        : GET "/general/version", parameters={}
2025-10-10T10:18:59.213-05:00 DEBUG 14708 --- [wms-backend] [http-nio-8080-exec-10] s.w.s.m.m.a.RequestMappingHandlerMapping : Mapped to com.woden.wms_backend.controllers.WmsWdGeneral.VersionController#getVersion()
2025-10-10T10:18:59.213-05:00 DEBUG 14708 --- [wms-backend] [http-nio-8080-exec-10] o.s.w.s.m.m.a.HttpEntityMethodProcessor  : Using 'application/json', given [application/json, text/plain, */*] and supported [text/plain, */*, application/json, application/*+json, application/yaml, application/xml;charset=UTF-8, text/xml;charset=UTF-8, application/*+xml;charset=UTF-8]
2025-10-10T10:18:59.213-05:00 DEBUG 14708 --- [wms-backend] [http-nio-8080-exec-10] o.s.w.s.m.m.a.HttpEntityMethodProcessor  : Writing ["1.0.1.48"]
2025-10-10T10:18:59.213-05:00 DEBUG 14708 --- [wms-backend] [http-nio-8080-exec-10] o.s.web.servlet.DispatcherServlet        : Completed 200 OK
2025-10-10T10:19:22.220-05:00 DEBUG 14708 --- [wms-backend] [http-nio-8080-exec-4] o.s.web.servlet.DispatcherServlet        : GET "/general/version", parameters={}
2025-10-10T10:19:22.220-05:00 DEBUG 14708 --- [wms-backend] [http-nio-8080-exec-4] s.w.s.m.m.a.RequestMappingHandlerMapping : Mapped to com.woden.wms_backend.controllers.WmsWdGeneral.VersionController#getVersion()
2025-10-10T10:19:22.220-05:00 DEBUG 14708 --- [wms-backend] [http-nio-8080-exec-4] o.s.w.s.m.m.a.HttpEntityMethodProcessor  : Using 'application/json', given [application/json, text/plain, */*] and supported [text/plain, */*, application/json, application/*+json, application/yaml, application/xml;charset=UTF-8, text/xml;charset=UTF-8, application/*+xml;charset=UTF-8]
2025-10-10T10:19:22.220-05:00 DEBUG 14708 --- [wms-backend] [http-nio-8080-exec-4] o.s.w.s.m.m.a.HttpEntityMethodProcessor  : Writing ["1.0.1.48"]
2025-10-10T10:19:22.221-05:00 DEBUG 14708 --- [wms-backend] [http-nio-8080-exec-4] o.s.web.servlet.DispatcherServlet        : Completed 200 OK
2025-10-10T10:20:22.222-05:00 DEBUG 14708 --- [wms-backend] [http-nio-8080-exec-2] o.s.web.servlet.DispatcherServlet        : GET "/general/version", parameters={}
2025-10-10T10:20:22.222-05:00 DEBUG 14708 --- [wms-backend] [http-nio-8080-exec-2] s.w.s.m.m.a.RequestMappingHandlerMapping : Mapped to com.woden.wms_backend.controllers.WmsWdGeneral.VersionController#getVersion()
2025-10-10T10:20:22.222-05:00 DEBUG 14708 --- [wms-backend] [http-nio-8080-exec-2] o.s.w.s.m.m.a.HttpEntityMethodProcessor  : Using 'application/json', given [application/json, text/plain, */*] and supported [text/plain, */*, application/json, application/*+json, application/yaml, application/xml;charset=UTF-8, text/xml;charset=UTF-8, application/*+xml;charset=UTF-8]
2025-10-10T10:20:22.222-05:00 DEBUG 14708 --- [wms-backend] [http-nio-8080-exec-2] o.s.w.s.m.m.a.HttpEntityMethodProcessor  : Writing ["1.0.1.48"]
2025-10-10T10:20:22.222-05:00 DEBUG 14708 --- [wms-backend] [http-nio-8080-exec-2] o.s.web.servlet.DispatcherServlet        : Completed 200 OK
2025-10-10T10:21:22.225-05:00 DEBUG 14708 --- [wms-backend] [http-nio-8080-exec-8] o.s.web.servlet.DispatcherServlet        : GET "/general/version", parameters={}
2025-10-10T10:21:22.225-05:00 DEBUG 14708 --- [wms-backend] [http-nio-8080-exec-8] s.w.s.m.m.a.RequestMappingHandlerMapping : Mapped to com.woden.wms_backend.controllers.WmsWdGeneral.VersionController#getVersion()
2025-10-10T10:21:22.236-05:00 DEBUG 14708 --- [wms-backend] [http-nio-8080-exec-8] o.s.w.s.m.m.a.HttpEntityMethodProcessor  : Using 'application/json', given [application/json, text/plain, */*] and supported [text/plain, */*, application/json, application/*+json, application/yaml, application/xml;charset=UTF-8, text/xml;charset=UTF-8, application/*+xml;charset=UTF-8]
2025-10-10T10:21:22.236-05:00 DEBUG 14708 --- [wms-backend] [http-nio-8080-exec-8] o.s.w.s.m.m.a.HttpEntityMethodProcessor  : Writing ["1.0.1.48"]
2025-10-10T10:21:22.236-05:00 DEBUG 14708 --- [wms-backend] [http-nio-8080-exec-8] o.s.web.servlet.DispatcherServlet        : Completed 200 OK
2025-10-10T10:22:22.235-05:00 DEBUG 14708 --- [wms-backend] [http-nio-8080-exec-7] o.s.web.servlet.DispatcherServlet        : GET "/general/version", parameters={}
2025-10-10T10:22:22.235-05:00 DEBUG 14708 --- [wms-backend] [http-nio-8080-exec-7] s.w.s.m.m.a.RequestMappingHandlerMapping : Mapped to com.woden.wms_backend.controllers.WmsWdGeneral.VersionController#getVersion()
2025-10-10T10:22:22.235-05:00 DEBUG 14708 --- [wms-backend] [http-nio-8080-exec-7] o.s.w.s.m.m.a.HttpEntityMethodProcessor  : Using 'application/json', given [application/json, text/plain, */*] and supported [text/plain, */*, application/json, application/*+json, application/yaml, application/xml;charset=UTF-8, text/xml;charset=UTF-8, application/*+xml;charset=UTF-8]
2025-10-10T10:22:22.235-05:00 DEBUG 14708 --- [wms-backend] [http-nio-8080-exec-7] o.s.w.s.m.m.a.HttpEntityMethodProcessor  : Writing ["1.0.1.48"]
2025-10-10T10:22:22.235-05:00 DEBUG 14708 --- [wms-backend] [http-nio-8080-exec-7] o.s.web.servlet.DispatcherServlet        : Completed 200 OK
2025-10-10T10:22:29.210-05:00 DEBUG 14708 --- [wms-backend] [http-nio-8080-exec-3] o.s.web.servlet.DispatcherServlet        : GET "/general/version", parameters={}
2025-10-10T10:22:29.210-05:00 DEBUG 14708 --- [wms-backend] [http-nio-8080-exec-3] s.w.s.m.m.a.RequestMappingHandlerMapping : Mapped to com.woden.wms_backend.controllers.WmsWdGeneral.VersionController#getVersion()
2025-10-10T10:22:29.210-05:00 DEBUG 14708 --- [wms-backend] [http-nio-8080-exec-3] o.s.w.s.m.m.a.HttpEntityMethodProcessor  : Using 'application/json', given [application/json, text/plain, */*] and supported [text/plain, */*, application/json, application/*+json, application/yaml, application/xml;charset=UTF-8, text/xml;charset=UTF-8, application/*+xml;charset=UTF-8]
2025-10-10T10:22:29.210-05:00 DEBUG 14708 --- [wms-backend] [http-nio-8080-exec-3] o.s.w.s.m.m.a.HttpEntityMethodProcessor  : Writing ["1.0.1.48"]
2025-10-10T10:22:29.210-05:00 DEBUG 14708 --- [wms-backend] [http-nio-8080-exec-3] o.s.web.servlet.DispatcherServlet        : Completed 200 OK
2025-10-10T10:22:39.214-05:00 DEBUG 14708 --- [wms-backend] [http-nio-8080-exec-6] o.s.web.servlet.DispatcherServlet        : GET "/general/version", parameters={}
2025-10-10T10:22:39.216-05:00 DEBUG 14708 --- [wms-backend] [http-nio-8080-exec-6] s.w.s.m.m.a.RequestMappingHandlerMapping : Mapped to com.woden.wms_backend.controllers.WmsWdGeneral.VersionController#getVersion()
2025-10-10T10:22:39.217-05:00 DEBUG 14708 --- [wms-backend] [http-nio-8080-exec-6] o.s.w.s.m.m.a.HttpEntityMethodProcessor  : Using 'application/json', given [application/json, text/plain, */*] and supported [text/plain, */*, application/json, application/*+json, application/yaml, application/xml;charset=UTF-8, text/xml;charset=UTF-8, application/*+xml;charset=UTF-8]
2025-10-10T10:22:39.217-05:00 DEBUG 14708 --- [wms-backend] [http-nio-8080-exec-6] o.s.w.s.m.m.a.HttpEntityMethodProcessor  : Writing ["1.0.1.48"]
2025-10-10T10:22:39.217-05:00 DEBUG 14708 --- [wms-backend] [http-nio-8080-exec-6] o.s.web.servlet.DispatcherServlet        : Completed 200 OK
2025-10-10T10:22:49.212-05:00 DEBUG 14708 --- [wms-backend] [http-nio-8080-exec-5] o.s.web.servlet.DispatcherServlet        : GET "/general/version", parameters={}
2025-10-10T10:22:49.212-05:00 DEBUG 14708 --- [wms-backend] [http-nio-8080-exec-5] s.w.s.m.m.a.RequestMappingHandlerMapping : Mapped to com.woden.wms_backend.controllers.WmsWdGeneral.VersionController#getVersion()
2025-10-10T10:22:49.213-05:00 DEBUG 14708 --- [wms-backend] [http-nio-8080-exec-5] o.s.w.s.m.m.a.HttpEntityMethodProcessor  : Using 'application/json', given [application/json, text/plain, */*] and supported [text/plain, */*, application/json, application/*+json, application/yaml, application/xml;charset=UTF-8, text/xml;charset=UTF-8, application/*+xml;charset=UTF-8]
2025-10-10T10:22:49.213-05:00 DEBUG 14708 --- [wms-backend] [http-nio-8080-exec-5] o.s.w.s.m.m.a.HttpEntityMethodProcessor  : Writing ["1.0.1.48"]
2025-10-10T10:22:49.214-05:00 DEBUG 14708 --- [wms-backend] [http-nio-8080-exec-5] o.s.web.servlet.DispatcherServlet        : Completed 200 OK
2025-10-10T10:22:59.210-05:00 DEBUG 14708 --- [wms-backend] [http-nio-8080-exec-1] o.s.web.servlet.DispatcherServlet        : GET "/general/version", parameters={}
2025-10-10T10:22:59.210-05:00 DEBUG 14708 --- [wms-backend] [http-nio-8080-exec-1] s.w.s.m.m.a.RequestMappingHandlerMapping : Mapped to com.woden.wms_backend.controllers.WmsWdGeneral.VersionController#getVersion()
2025-10-10T10:22:59.210-05:00 DEBUG 14708 --- [wms-backend] [http-nio-8080-exec-1] o.s.w.s.m.m.a.HttpEntityMethodProcessor  : Using 'application/json', given [application/json, text/plain, */*] and supported [text/plain, */*, application/json, application/*+json, application/yaml, application/xml;charset=UTF-8, text/xml;charset=UTF-8, application/*+xml;charset=UTF-8]
2025-10-10T10:22:59.210-05:00 DEBUG 14708 --- [wms-backend] [http-nio-8080-exec-1] o.s.w.s.m.m.a.HttpEntityMethodProcessor  : Writing ["1.0.1.48"]
2025-10-10T10:22:59.210-05:00 DEBUG 14708 --- [wms-backend] [http-nio-8080-exec-1] o.s.web.servlet.DispatcherServlet        : Completed 200 OK
2025-10-10T10:23:09.225-05:00 DEBUG 14708 --- [wms-backend] [http-nio-8080-exec-9] o.s.web.servlet.DispatcherServlet        : GET "/general/version", parameters={}
2025-10-10T10:23:09.225-05:00 DEBUG 14708 --- [wms-backend] [http-nio-8080-exec-9] s.w.s.m.m.a.RequestMappingHandlerMapping : Mapped to com.woden.wms_backend.controllers.WmsWdGeneral.VersionController#getVersion()
2025-10-10T10:23:09.225-05:00 DEBUG 14708 --- [wms-backend] [http-nio-8080-exec-9] o.s.w.s.m.m.a.HttpEntityMethodProcessor  : Using 'application/json', given [application/json, text/plain, */*] and supported [text/plain, */*, application/json, application/*+json, application/yaml, application/xml;charset=UTF-8, text/xml;charset=UTF-8, application/*+xml;charset=UTF-8]
2025-10-10T10:23:09.225-05:00 DEBUG 14708 --- [wms-backend] [http-nio-8080-exec-9] o.s.w.s.m.m.a.HttpEntityMethodProcessor  : Writing ["1.0.1.48"]
2025-10-10T10:23:09.225-05:00 DEBUG 14708 --- [wms-backend] [http-nio-8080-exec-9] o.s.web.servlet.DispatcherServlet        : Completed 200 OK
2025-10-10T10:23:19.221-05:00 DEBUG 14708 --- [wms-backend] [http-nio-8080-exec-4] o.s.web.servlet.DispatcherServlet        : GET "/general/version", parameters={}
2025-10-10T10:23:19.221-05:00 DEBUG 14708 --- [wms-backend] [http-nio-8080-exec-4] s.w.s.m.m.a.RequestMappingHandlerMapping : Mapped to com.woden.wms_backend.controllers.WmsWdGeneral.VersionController#getVersion()
2025-10-10T10:23:19.221-05:00 DEBUG 14708 --- [wms-backend] [http-nio-8080-exec-4] o.s.w.s.m.m.a.HttpEntityMethodProcessor  : Using 'application/json', given [application/json, text/plain, */*] and supported [text/plain, */*, application/json, application/*+json, application/yaml, application/xml;charset=UTF-8, text/xml;charset=UTF-8, application/*+xml;charset=UTF-8]
2025-10-10T10:23:19.221-05:00 DEBUG 14708 --- [wms-backend] [http-nio-8080-exec-4] o.s.w.s.m.m.a.HttpEntityMethodProcessor  : Writing ["1.0.1.48"]
2025-10-10T10:23:19.221-05:00 DEBUG 14708 --- [wms-backend] [http-nio-8080-exec-4] o.s.web.servlet.DispatcherServlet        : Completed 200 OK
2025-10-10T10:24:22.229-05:00 DEBUG 14708 --- [wms-backend] [http-nio-8080-exec-8] o.s.web.servlet.DispatcherServlet        : GET "/general/version", parameters={}
2025-10-10T10:24:22.229-05:00 DEBUG 14708 --- [wms-backend] [http-nio-8080-exec-8] s.w.s.m.m.a.RequestMappingHandlerMapping : Mapped to com.woden.wms_backend.controllers.WmsWdGeneral.VersionController#getVersion()
2025-10-10T10:24:22.229-05:00 DEBUG 14708 --- [wms-backend] [http-nio-8080-exec-8] o.s.w.s.m.m.a.HttpEntityMethodProcessor  : Using 'application/json', given [application/json, text/plain, */*] and supported [text/plain, */*, application/json, application/*+json, application/yaml, application/xml;charset=UTF-8, text/xml;charset=UTF-8, application/*+xml;charset=UTF-8]
2025-10-10T10:24:22.231-05:00 DEBUG 14708 --- [wms-backend] [http-nio-8080-exec-8] o.s.w.s.m.m.a.HttpEntityMethodProcessor  : Writing ["1.0.1.48"]
2025-10-10T10:24:22.231-05:00 DEBUG 14708 --- [wms-backend] [http-nio-8080-exec-8] o.s.web.servlet.DispatcherServlet        : Completed 200 OK
2025-10-10T10:25:15.471-05:00 DEBUG 14708 --- [wms-backend] [http-nio-8080-exec-7] o.s.web.servlet.DispatcherServlet        : GET "/general/version", parameters={}
2025-10-10T10:25:15.471-05:00 DEBUG 14708 --- [wms-backend] [http-nio-8080-exec-7] s.w.s.m.m.a.RequestMappingHandlerMapping : Mapped to com.woden.wms_backend.controllers.WmsWdGeneral.VersionController#getVersion()
2025-10-10T10:25:15.472-05:00 DEBUG 14708 --- [wms-backend] [http-nio-8080-exec-7] o.s.w.s.m.m.a.HttpEntityMethodProcessor  : Using 'application/json', given [application/json, text/plain, */*] and supported [text/plain, */*, application/json, application/*+json, application/yaml, application/xml;charset=UTF-8, text/xml;charset=UTF-8, application/*+xml;charset=UTF-8]
2025-10-10T10:25:15.472-05:00 DEBUG 14708 --- [wms-backend] [http-nio-8080-exec-7] o.s.w.s.m.m.a.HttpEntityMethodProcessor  : Writing ["1.0.1.48"]
2025-10-10T10:25:15.473-05:00 DEBUG 14708 --- [wms-backend] [http-nio-8080-exec-7] o.s.web.servlet.DispatcherServlet        : Completed 200 OK
2025-10-10T10:25:19.215-05:00 DEBUG 14708 --- [wms-backend] [http-nio-8080-exec-3] o.s.web.servlet.DispatcherServlet        : GET "/general/version", parameters={}
2025-10-10T10:25:19.215-05:00 DEBUG 14708 --- [wms-backend] [http-nio-8080-exec-3] s.w.s.m.m.a.RequestMappingHandlerMapping : Mapped to com.woden.wms_backend.controllers.WmsWdGeneral.VersionController#getVersion()
2025-10-10T10:25:19.216-05:00 DEBUG 14708 --- [wms-backend] [http-nio-8080-exec-3] o.s.w.s.m.m.a.HttpEntityMethodProcessor  : Using 'application/json', given [application/json, text/plain, */*] and supported [text/plain, */*, application/json, application/*+json, application/yaml, application/xml;charset=UTF-8, text/xml;charset=UTF-8, application/*+xml;charset=UTF-8]
2025-10-10T10:25:19.216-05:00 DEBUG 14708 --- [wms-backend] [http-nio-8080-exec-3] o.s.w.s.m.m.a.HttpEntityMethodProcessor  : Writing ["1.0.1.48"]
2025-10-10T10:25:19.216-05:00 DEBUG 14708 --- [wms-backend] [http-nio-8080-exec-3] o.s.web.servlet.DispatcherServlet        : Completed 200 OK
2025-10-10T10:25:29.216-05:00 DEBUG 14708 --- [wms-backend] [http-nio-8080-exec-6] o.s.web.servlet.DispatcherServlet        : GET "/general/version", parameters={}
2025-10-10T10:25:29.216-05:00 DEBUG 14708 --- [wms-backend] [http-nio-8080-exec-6] s.w.s.m.m.a.RequestMappingHandlerMapping : Mapped to com.woden.wms_backend.controllers.WmsWdGeneral.VersionController#getVersion()
2025-10-10T10:25:29.217-05:00 DEBUG 14708 --- [wms-backend] [http-nio-8080-exec-6] o.s.w.s.m.m.a.HttpEntityMethodProcessor  : Using 'application/json', given [application/json, text/plain, */*] and supported [text/plain, */*, application/json, application/*+json, application/yaml, application/xml;charset=UTF-8, text/xml;charset=UTF-8, application/*+xml;charset=UTF-8]
2025-10-10T10:25:29.217-05:00 DEBUG 14708 --- [wms-backend] [http-nio-8080-exec-6] o.s.w.s.m.m.a.HttpEntityMethodProcessor  : Writing ["1.0.1.48"]
2025-10-10T10:25:29.218-05:00 DEBUG 14708 --- [wms-backend] [http-nio-8080-exec-6] o.s.web.servlet.DispatcherServlet        : Completed 200 OK
2025-10-10T10:25:39.215-05:00 DEBUG 14708 --- [wms-backend] [http-nio-8080-exec-5] o.s.web.servlet.DispatcherServlet        : GET "/general/version", parameters={}
2025-10-10T10:25:39.215-05:00 DEBUG 14708 --- [wms-backend] [http-nio-8080-exec-5] s.w.s.m.m.a.RequestMappingHandlerMapping : Mapped to com.woden.wms_backend.controllers.WmsWdGeneral.VersionController#getVersion()
2025-10-10T10:25:39.215-05:00 DEBUG 14708 --- [wms-backend] [http-nio-8080-exec-5] o.s.w.s.m.m.a.HttpEntityMethodProcessor  : Using 'application/json', given [application/json, text/plain, */*] and supported [text/plain, */*, application/json, application/*+json, application/yaml, application/xml;charset=UTF-8, text/xml;charset=UTF-8, application/*+xml;charset=UTF-8]
2025-10-10T10:25:39.215-05:00 DEBUG 14708 --- [wms-backend] [http-nio-8080-exec-5] o.s.w.s.m.m.a.HttpEntityMethodProcessor  : Writing ["1.0.1.48"]
2025-10-10T10:25:39.220-05:00 DEBUG 14708 --- [wms-backend] [http-nio-8080-exec-5] o.s.web.servlet.DispatcherServlet        : Completed 200 OK
2025-10-10T10:25:49.218-05:00 DEBUG 14708 --- [wms-backend] [http-nio-8080-exec-1] o.s.web.servlet.DispatcherServlet        : GET "/general/version", parameters={}
2025-10-10T10:25:49.218-05:00 DEBUG 14708 --- [wms-backend] [http-nio-8080-exec-1] s.w.s.m.m.a.RequestMappingHandlerMapping : Mapped to com.woden.wms_backend.controllers.WmsWdGeneral.VersionController#getVersion()
2025-10-10T10:25:49.218-05:00 DEBUG 14708 --- [wms-backend] [http-nio-8080-exec-1] o.s.w.s.m.m.a.HttpEntityMethodProcessor  : Using 'application/json', given [application/json, text/plain, */*] and supported [text/plain, */*, application/json, application/*+json, application/yaml, application/xml;charset=UTF-8, text/xml;charset=UTF-8, application/*+xml;charset=UTF-8]
2025-10-10T10:25:49.218-05:00 DEBUG 14708 --- [wms-backend] [http-nio-8080-exec-1] o.s.w.s.m.m.a.HttpEntityMethodProcessor  : Writing ["1.0.1.48"]
2025-10-10T10:25:49.221-05:00 DEBUG 14708 --- [wms-backend] [http-nio-8080-exec-1] o.s.web.servlet.DispatcherServlet        : Completed 200 OK
2025-10-10T10:25:59.219-05:00 DEBUG 14708 --- [wms-backend] [http-nio-8080-exec-9] o.s.web.servlet.DispatcherServlet        : GET "/general/version", parameters={}
2025-10-10T10:25:59.219-05:00 DEBUG 14708 --- [wms-backend] [http-nio-8080-exec-9] s.w.s.m.m.a.RequestMappingHandlerMapping : Mapped to com.woden.wms_backend.controllers.WmsWdGeneral.VersionController#getVersion()
2025-10-10T10:25:59.219-05:00 DEBUG 14708 --- [wms-backend] [http-nio-8080-exec-9] o.s.w.s.m.m.a.HttpEntityMethodProcessor  : Using 'application/json', given [application/json, text/plain, */*] and supported [text/plain, */*, application/json, application/*+json, application/yaml, application/xml;charset=UTF-8, text/xml;charset=UTF-8, application/*+xml;charset=UTF-8]
2025-10-10T10:25:59.219-05:00 DEBUG 14708 --- [wms-backend] [http-nio-8080-exec-9] o.s.w.s.m.m.a.HttpEntityMethodProcessor  : Writing ["1.0.1.48"]
2025-10-10T10:25:59.221-05:00 DEBUG 14708 --- [wms-backend] [http-nio-8080-exec-9] o.s.web.servlet.DispatcherServlet        : Completed 200 OK
2025-10-10T10:26:09.211-05:00 DEBUG 14708 --- [wms-backend] [http-nio-8080-exec-10] o.s.web.servlet.DispatcherServlet        : GET "/general/version", parameters={}
2025-10-10T10:26:09.220-05:00 DEBUG 14708 --- [wms-backend] [http-nio-8080-exec-10] s.w.s.m.m.a.RequestMappingHandlerMapping : Mapped to com.woden.wms_backend.controllers.WmsWdGeneral.VersionController#getVersion()
2025-10-10T10:26:09.220-05:00 DEBUG 14708 --- [wms-backend] [http-nio-8080-exec-10] o.s.w.s.m.m.a.HttpEntityMethodProcessor  : Using 'application/json', given [application/json, text/plain, */*] and supported [text/plain, */*, application/json, application/*+json, application/yaml, application/xml;charset=UTF-8, text/xml;charset=UTF-8, application/*+xml;charset=UTF-8]
2025-10-10T10:26:09.220-05:00 DEBUG 14708 --- [wms-backend] [http-nio-8080-exec-10] o.s.w.s.m.m.a.HttpEntityMethodProcessor  : Writing ["1.0.1.48"]
2025-10-10T10:26:09.220-05:00 DEBUG 14708 --- [wms-backend] [http-nio-8080-exec-10] o.s.web.servlet.DispatcherServlet        : Completed 200 OK
2025-10-10T10:26:22.215-05:00 DEBUG 14708 --- [wms-backend] [http-nio-8080-exec-4] o.s.web.servlet.DispatcherServlet        : GET "/general/version", parameters={}
2025-10-10T10:26:22.216-05:00 DEBUG 14708 --- [wms-backend] [http-nio-8080-exec-4] s.w.s.m.m.a.RequestMappingHandlerMapping : Mapped to com.woden.wms_backend.controllers.WmsWdGeneral.VersionController#getVersion()
2025-10-10T10:26:22.229-05:00 DEBUG 14708 --- [wms-backend] [http-nio-8080-exec-4] o.s.w.s.m.m.a.HttpEntityMethodProcessor  : Using 'application/json', given [application/json, text/plain, */*] and supported [text/plain, */*, application/json, application/*+json, application/yaml, application/xml;charset=UTF-8, text/xml;charset=UTF-8, application/*+xml;charset=UTF-8]
2025-10-10T10:26:22.230-05:00 DEBUG 14708 --- [wms-backend] [http-nio-8080-exec-4] o.s.w.s.m.m.a.HttpEntityMethodProcessor  : Writing ["1.0.1.48"]
2025-10-10T10:26:22.230-05:00 DEBUG 14708 --- [wms-backend] [http-nio-8080-exec-4] o.s.web.servlet.DispatcherServlet        : Completed 200 OK
2025-10-10T10:27:22.219-05:00 DEBUG 14708 --- [wms-backend] [http-nio-8080-exec-2] o.s.web.servlet.DispatcherServlet        : GET "/general/version", parameters={}
2025-10-10T10:27:22.220-05:00 DEBUG 14708 --- [wms-backend] [http-nio-8080-exec-2] s.w.s.m.m.a.RequestMappingHandlerMapping : Mapped to com.woden.wms_backend.controllers.WmsWdGeneral.VersionController#getVersion()
2025-10-10T10:27:22.220-05:00 DEBUG 14708 --- [wms-backend] [http-nio-8080-exec-2] o.s.w.s.m.m.a.HttpEntityMethodProcessor  : Using 'application/json', given [application/json, text/plain, */*] and supported [text/plain, */*, application/json, application/*+json, application/yaml, application/xml;charset=UTF-8, text/xml;charset=UTF-8, application/*+xml;charset=UTF-8]
2025-10-10T10:27:22.220-05:00 DEBUG 14708 --- [wms-backend] [http-nio-8080-exec-2] o.s.w.s.m.m.a.HttpEntityMethodProcessor  : Writing ["1.0.1.48"]
2025-10-10T10:27:22.248-05:00 DEBUG 14708 --- [wms-backend] [http-nio-8080-exec-2] o.s.web.servlet.DispatcherServlet        : Completed 200 OK
2025-10-10T10:28:06.189-05:00 DEBUG 14708 --- [wms-backend] [http-nio-8080-exec-8] o.s.web.servlet.DispatcherServlet        : GET "/general/version", parameters={}
2025-10-10T10:28:06.191-05:00 DEBUG 14708 --- [wms-backend] [http-nio-8080-exec-8] s.w.s.m.m.a.RequestMappingHandlerMapping : Mapped to com.woden.wms_backend.controllers.WmsWdGeneral.VersionController#getVersion()
2025-10-10T10:28:06.192-05:00 DEBUG 14708 --- [wms-backend] [http-nio-8080-exec-8] o.s.w.s.m.m.a.HttpEntityMethodProcessor  : Using 'application/json', given [application/json, text/plain, */*] and supported [text/plain, */*, application/json, application/*+json, application/yaml, application/xml;charset=UTF-8, text/xml;charset=UTF-8, application/*+xml;charset=UTF-8]
2025-10-10T10:28:06.192-05:00 DEBUG 14708 --- [wms-backend] [http-nio-8080-exec-8] o.s.w.s.m.m.a.HttpEntityMethodProcessor  : Writing ["1.0.1.48"]
2025-10-10T10:28:06.193-05:00 DEBUG 14708 --- [wms-backend] [http-nio-8080-exec-8] o.s.web.servlet.DispatcherServlet        : Completed 200 OK
2025-10-10T10:28:07.336-05:00 DEBUG 14708 --- [wms-backend] [http-nio-8080-exec-3] o.s.web.servlet.DispatcherServlet        : GET "/client/pallets/searchPalletsBoxesWeb?numero=&destino=EMPAQUE&page=0&size=50", parameters={masked}
2025-10-10T10:28:07.336-05:00 DEBUG 14708 --- [wms-backend] [http-nio-8080-exec-3] s.w.s.m.m.a.RequestMappingHandlerMapping : Mapped to com.woden.wms_backend.controllers.ClientesControllers.PalletController#SearchPalletBoxPallet(String, String, int, int)
2025-10-10T10:28:07.661-05:00 DEBUG 14708 --- [wms-backend] [http-nio-8080-exec-3] o.s.w.s.m.m.a.HttpEntityMethodProcessor  : Using 'application/json', given [application/json, text/plain, */*] and supported [application/json, application/*+json, application/yaml, application/xml;charset=UTF-8, text/xml;charset=UTF-8, application/*+xml;charset=UTF-8]
2025-10-10T10:28:07.663-05:00 DEBUG 14708 --- [wms-backend] [http-nio-8080-exec-3] o.s.w.s.m.m.a.HttpEntityMethodProcessor  : Writing [[{descripcion=MULTIMODELO, numero=250909163635, cantidadCaja=1, id=674, tipologia=EMPAQUE DISPONIBLE (truncated)...]
2025-10-10T10:28:07.670-05:00 DEBUG 14708 --- [wms-backend] [http-nio-8080-exec-3] o.s.web.servlet.DispatcherServlet        : Completed 200 OK
2025-10-10T10:28:07.689-05:00 DEBUG 14708 --- [wms-backend] [http-nio-8080-exec-5] o.s.web.servlet.DispatcherServlet        : GET "/client/cajaEmpaque/SearchPackingBoxesProcess?palletId=674", parameters={masked}
2025-10-10T10:28:07.689-05:00 DEBUG 14708 --- [wms-backend] [http-nio-8080-exec-5] s.w.s.m.m.a.RequestMappingHandlerMapping : Mapped to com.woden.wms_backend.controllers.ClientesControllers.CajaEmpaqueController#SearchPacking(Integer)
2025-10-10T10:28:07.808-05:00 DEBUG 14708 --- [wms-backend] [http-nio-8080-exec-5] o.s.w.s.m.m.a.HttpEntityMethodProcessor  : Using 'application/json', given [application/json, text/plain, */*] and supported [application/json, application/*+json, application/yaml, application/xml;charset=UTF-8, text/xml;charset=UTF-8, application/*+xml;charset=UTF-8]
2025-10-10T10:28:07.809-05:00 DEBUG 14708 --- [wms-backend] [http-nio-8080-exec-5] o.s.w.s.m.m.a.HttpEntityMethodProcessor  : Writing [[CajaEmpaqueDTO(id=661, numero=1, pallet=null, cantidad=null, Seriales=3, Estado=null)]]
2025-10-10T10:28:07.819-05:00 DEBUG 14708 --- [wms-backend] [http-nio-8080-exec-5] o.s.web.servlet.DispatcherServlet        : Completed 200 OK
2025-10-10T10:28:08.554-05:00 DEBUG 14708 --- [wms-backend] [http-nio-8080-exec-10] o.s.web.servlet.DispatcherServlet        : GET "/client/cajaEmpaque/searchPalletBoxEntry?estado=EMPAQUE&palletId=674&cajaEmpaqueId=0", parameters={masked}
2025-10-10T10:28:08.554-05:00 DEBUG 14708 --- [wms-backend] [http-nio-8080-exec-10] s.w.s.m.m.a.RequestMappingHandlerMapping : Mapped to com.woden.wms_backend.controllers.ClientesControllers.CajaEmpaqueController#SearchPalletBoxEntry(String, Integer, Integer)
2025-10-10T10:28:08.555-05:00 DEBUG 14708 --- [wms-backend] [http-nio-8080-exec-4] o.s.web.servlet.DispatcherServlet        : GET "/client/pallets/getModel/674", parameters={}
2025-10-10T10:28:08.555-05:00 DEBUG 14708 --- [wms-backend] [http-nio-8080-exec-4] s.w.s.m.m.a.RequestMappingHandlerMapping : Mapped to com.woden.wms_backend.controllers.ClientesControllers.PalletController#getPalletById(int)
2025-10-10T10:28:08.698-05:00 DEBUG 14708 --- [wms-backend] [http-nio-8080-exec-2] o.s.web.servlet.DispatcherServlet        : GET "/general/version", parameters={}
2025-10-10T10:28:08.698-05:00 DEBUG 14708 --- [wms-backend] [http-nio-8080-exec-2] s.w.s.m.m.a.RequestMappingHandlerMapping : Mapped to com.woden.wms_backend.controllers.WmsWdGeneral.VersionController#getVersion()
2025-10-10T10:28:08.699-05:00 DEBUG 14708 --- [wms-backend] [http-nio-8080-exec-2] o.s.w.s.m.m.a.HttpEntityMethodProcessor  : Using 'application/json', given [application/json, text/plain, */*] and supported [text/plain, */*, application/json, application/*+json, application/yaml, application/xml;charset=UTF-8, text/xml;charset=UTF-8, application/*+xml;charset=UTF-8]
2025-10-10T10:28:08.699-05:00 DEBUG 14708 --- [wms-backend] [http-nio-8080-exec-2] o.s.w.s.m.m.a.HttpEntityMethodProcessor  : Writing ["1.0.1.48"]
2025-10-10T10:28:08.700-05:00 DEBUG 14708 --- [wms-backend] [http-nio-8080-exec-2] o.s.web.servlet.DispatcherServlet        : Completed 200 OK
2025-10-10T10:28:08.764-05:00 DEBUG 14708 --- [wms-backend] [http-nio-8080-exec-10] o.s.w.s.m.m.a.HttpEntityMethodProcessor  : Using 'application/json', given [application/json, text/plain, */*] and supported [application/json, application/*+json, application/yaml, application/xml;charset=UTF-8, text/xml;charset=UTF-8, application/*+xml;charset=UTF-8]
2025-10-10T10:28:08.764-05:00 DEBUG 14708 --- [wms-backend] [http-nio-8080-exec-10] o.s.w.s.m.m.a.HttpEntityMethodProcessor  : Writing [[]]
2025-10-10T10:28:08.764-05:00 DEBUG 14708 --- [wms-backend] [http-nio-8080-exec-10] o.s.web.servlet.DispatcherServlet        : Completed 200 OK
2025-10-10T10:28:08.772-05:00 DEBUG 14708 --- [wms-backend] [http-nio-8080-exec-4] o.s.w.s.m.m.a.HttpEntityMethodProcessor  : Using 'application/json', given [application/json, text/plain, */*] and supported [application/json, application/*+json, application/yaml, application/xml;charset=UTF-8, text/xml;charset=UTF-8, application/*+xml;charset=UTF-8]
2025-10-10T10:28:08.772-05:00 DEBUG 14708 --- [wms-backend] [http-nio-8080-exec-4] o.s.w.s.m.m.a.HttpEntityMethodProcessor  : Writing [PalletModel(id=674, numero=250909163635, posicionId=null, posicion=null, codigoSapId=20, codigoSap=M (truncated)...]
2025-10-10T10:28:08.773-05:00 DEBUG 14708 --- [wms-backend] [http-nio-8080-exec-4] o.s.web.servlet.DispatcherServlet        : Completed 200 OK
2025-10-10T10:28:08.783-05:00 DEBUG 14708 --- [wms-backend] [http-nio-8080-exec-8] o.s.web.servlet.DispatcherServlet        : GET "/client/cajaEmpaque/SearchPackingBoxesProcess?palletId=674", parameters={masked}
2025-10-10T10:28:08.783-05:00 DEBUG 14708 --- [wms-backend] [http-nio-8080-exec-8] s.w.s.m.m.a.RequestMappingHandlerMapping : Mapped to com.woden.wms_backend.controllers.ClientesControllers.CajaEmpaqueController#SearchPacking(Integer)
2025-10-10T10:28:08.888-05:00 DEBUG 14708 --- [wms-backend] [http-nio-8080-exec-8] o.s.w.s.m.m.a.HttpEntityMethodProcessor  : Using 'application/json', given [application/json, text/plain, */*] and supported [application/json, application/*+json, application/yaml, application/xml;charset=UTF-8, text/xml;charset=UTF-8, application/*+xml;charset=UTF-8]
2025-10-10T10:28:08.889-05:00 DEBUG 14708 --- [wms-backend] [http-nio-8080-exec-8] o.s.w.s.m.m.a.HttpEntityMethodProcessor  : Writing [[CajaEmpaqueDTO(id=661, numero=1, pallet=null, cantidad=null, Seriales=3, Estado=null)]]
2025-10-10T10:28:08.889-05:00 DEBUG 14708 --- [wms-backend] [http-nio-8080-exec-8] o.s.web.servlet.DispatcherServlet        : Completed 200 OK
2025-10-10T10:28:09.526-05:00 DEBUG 14708 --- [wms-backend] [http-nio-8080-exec-7] o.s.web.servlet.DispatcherServlet        : GET "/client/pallets/getModel/674", parameters={}
2025-10-10T10:28:09.526-05:00 DEBUG 14708 --- [wms-backend] [http-nio-8080-exec-7] s.w.s.m.m.a.RequestMappingHandlerMapping : Mapped to com.woden.wms_backend.controllers.ClientesControllers.PalletController#getPalletById(int)
2025-10-10T10:28:09.760-05:00 DEBUG 14708 --- [wms-backend] [http-nio-8080-exec-7] o.s.w.s.m.m.a.HttpEntityMethodProcessor  : Using 'application/json', given [application/json, text/plain, */*] and supported [application/json, application/*+json, application/yaml, application/xml;charset=UTF-8, text/xml;charset=UTF-8, application/*+xml;charset=UTF-8]
2025-10-10T10:28:09.760-05:00 DEBUG 14708 --- [wms-backend] [http-nio-8080-exec-7] o.s.w.s.m.m.a.HttpEntityMethodProcessor  : Writing [PalletModel(id=674, numero=250909163635, posicionId=null, posicion=null, codigoSapId=20, codigoSap=M (truncated)...]
2025-10-10T10:28:09.760-05:00 DEBUG 14708 --- [wms-backend] [http-nio-8080-exec-7] o.s.web.servlet.DispatcherServlet        : Completed 200 OK
2025-10-10T10:28:09.770-05:00 DEBUG 14708 --- [wms-backend] [http-nio-8080-exec-3] o.s.web.servlet.DispatcherServlet        : GET "/client/cajaEmpaque/searchPalletBoxEntry?estado=EMPAQUE&palletId=674&cajaEmpaqueId=0", parameters={masked}
2025-10-10T10:28:09.770-05:00 DEBUG 14708 --- [wms-backend] [http-nio-8080-exec-3] s.w.s.m.m.a.RequestMappingHandlerMapping : Mapped to com.woden.wms_backend.controllers.ClientesControllers.CajaEmpaqueController#SearchPalletBoxEntry(String, Integer, Integer)
2025-10-10T10:28:09.880-05:00 DEBUG 14708 --- [wms-backend] [http-nio-8080-exec-3] o.s.w.s.m.m.a.HttpEntityMethodProcessor  : Using 'application/json', given [application/json, text/plain, */*] and supported [application/json, application/*+json, application/yaml, application/xml;charset=UTF-8, text/xml;charset=UTF-8, application/*+xml;charset=UTF-8]
2025-10-10T10:28:09.880-05:00 DEBUG 14708 --- [wms-backend] [http-nio-8080-exec-3] o.s.w.s.m.m.a.HttpEntityMethodProcessor  : Writing [[]]
2025-10-10T10:28:09.881-05:00 DEBUG 14708 --- [wms-backend] [http-nio-8080-exec-3] o.s.web.servlet.DispatcherServlet        : Completed 200 OK
2025-10-10T10:28:10.067-05:00 DEBUG 14708 --- [wms-backend] [http-nio-8080-exec-6] o.s.web.servlet.DispatcherServlet        : GET "/client/pallets/getModel/674", parameters={}
2025-10-10T10:28:10.067-05:00 DEBUG 14708 --- [wms-backend] [http-nio-8080-exec-6] s.w.s.m.m.a.RequestMappingHandlerMapping : Mapped to com.woden.wms_backend.controllers.ClientesControllers.PalletController#getPalletById(int)
2025-10-10T10:28:10.170-05:00 DEBUG 14708 --- [wms-backend] [http-nio-8080-exec-6] o.s.w.s.m.m.a.HttpEntityMethodProcessor  : Using 'application/json', given [application/json, text/plain, */*] and supported [application/json, application/*+json, application/yaml, application/xml;charset=UTF-8, text/xml;charset=UTF-8, application/*+xml;charset=UTF-8]
2025-10-10T10:28:10.171-05:00 DEBUG 14708 --- [wms-backend] [http-nio-8080-exec-6] o.s.w.s.m.m.a.HttpEntityMethodProcessor  : Writing [PalletModel(id=674, numero=250909163635, posicionId=null, posicion=null, codigoSapId=20, codigoSap=M (truncated)...]
2025-10-10T10:28:10.172-05:00 DEBUG 14708 --- [wms-backend] [http-nio-8080-exec-6] o.s.web.servlet.DispatcherServlet        : Completed 200 OK
2025-10-10T10:28:10.185-05:00 DEBUG 14708 --- [wms-backend] [http-nio-8080-exec-1] o.s.web.servlet.DispatcherServlet        : GET "/client/cajaEmpaque/searchPalletBoxEntry?estado=EMPAQUE&palletId=674&cajaEmpaqueId=661", parameters={masked}
2025-10-10T10:28:10.186-05:00 DEBUG 14708 --- [wms-backend] [http-nio-8080-exec-1] s.w.s.m.m.a.RequestMappingHandlerMapping : Mapped to com.woden.wms_backend.controllers.ClientesControllers.CajaEmpaqueController#SearchPalletBoxEntry(String, Integer, Integer)
2025-10-10T10:28:10.290-05:00 DEBUG 14708 --- [wms-backend] [http-nio-8080-exec-1] o.s.w.s.m.m.a.HttpEntityMethodProcessor  : Using 'application/json', given [application/json, text/plain, */*] and supported [application/json, application/*+json, application/yaml, application/xml;charset=UTF-8, text/xml;charset=UTF-8, application/*+xml;charset=UTF-8]
2025-10-10T10:28:10.291-05:00 DEBUG 14708 --- [wms-backend] [http-nio-8080-exec-1] o.s.w.s.m.m.a.HttpEntityMethodProcessor  : Writing [[{descripcion=DVB HFC1003, serial3=, codigo=HME0002786, serial=7366514514, lote=, numeroSmartcard=0, (truncated)...]
2025-10-10T10:28:10.292-05:00 DEBUG 14708 --- [wms-backend] [http-nio-8080-exec-1] o.s.web.servlet.DispatcherServlet        : Completed 200 OK
2025-10-10T10:28:18.729-05:00 DEBUG 14708 --- [wms-backend] [http-nio-8080-exec-9] o.s.web.servlet.DispatcherServlet        : GET "/general/version", parameters={}
2025-10-10T10:28:18.729-05:00 DEBUG 14708 --- [wms-backend] [http-nio-8080-exec-9] s.w.s.m.m.a.RequestMappingHandlerMapping : Mapped to com.woden.wms_backend.controllers.WmsWdGeneral.VersionController#getVersion()
2025-10-10T10:28:18.729-05:00 DEBUG 14708 --- [wms-backend] [http-nio-8080-exec-9] o.s.w.s.m.m.a.HttpEntityMethodProcessor  : Using 'application/json', given [application/json, text/plain, */*] and supported [text/plain, */*, application/json, application/*+json, application/yaml, application/xml;charset=UTF-8, text/xml;charset=UTF-8, application/*+xml;charset=UTF-8]
2025-10-10T10:28:18.730-05:00 DEBUG 14708 --- [wms-backend] [http-nio-8080-exec-9] o.s.w.s.m.m.a.HttpEntityMethodProcessor  : Writing ["1.0.1.48"]
2025-10-10T10:28:18.730-05:00 DEBUG 14708 --- [wms-backend] [http-nio-8080-exec-9] o.s.web.servlet.DispatcherServlet        : Completed 200 OK
2025-10-10T10:28:29.212-05:00 DEBUG 14708 --- [wms-backend] [http-nio-8080-exec-2] o.s.web.servlet.DispatcherServlet        : GET "/general/version", parameters={}
2025-10-10T10:28:29.212-05:00 DEBUG 14708 --- [wms-backend] [http-nio-8080-exec-2] s.w.s.m.m.a.RequestMappingHandlerMapping : Mapped to com.woden.wms_backend.controllers.WmsWdGeneral.VersionController#getVersion()
2025-10-10T10:28:29.214-05:00 DEBUG 14708 --- [wms-backend] [http-nio-8080-exec-2] o.s.w.s.m.m.a.HttpEntityMethodProcessor  : Using 'application/json', given [application/json, text/plain, */*] and supported [text/plain, */*, application/json, application/*+json, application/yaml, application/xml;charset=UTF-8, text/xml;charset=UTF-8, application/*+xml;charset=UTF-8]
2025-10-10T10:28:29.214-05:00 DEBUG 14708 --- [wms-backend] [http-nio-8080-exec-2] o.s.w.s.m.m.a.HttpEntityMethodProcessor  : Writing ["1.0.1.48"]
2025-10-10T10:28:29.214-05:00 DEBUG 14708 --- [wms-backend] [http-nio-8080-exec-2] o.s.web.servlet.DispatcherServlet        : Completed 200 OK
2025-10-10T10:28:39.214-05:00 DEBUG 14708 --- [wms-backend] [http-nio-8080-exec-10] o.s.web.servlet.DispatcherServlet        : GET "/general/version", parameters={}
2025-10-10T10:28:39.214-05:00 DEBUG 14708 --- [wms-backend] [http-nio-8080-exec-10] s.w.s.m.m.a.RequestMappingHandlerMapping : Mapped to com.woden.wms_backend.controllers.WmsWdGeneral.VersionController#getVersion()
2025-10-10T10:28:39.214-05:00 DEBUG 14708 --- [wms-backend] [http-nio-8080-exec-10] o.s.w.s.m.m.a.HttpEntityMethodProcessor  : Using 'application/json', given [application/json, text/plain, */*] and supported [text/plain, */*, application/json, application/*+json, application/yaml, application/xml;charset=UTF-8, text/xml;charset=UTF-8, application/*+xml;charset=UTF-8]
2025-10-10T10:28:39.214-05:00 DEBUG 14708 --- [wms-backend] [http-nio-8080-exec-10] o.s.w.s.m.m.a.HttpEntityMethodProcessor  : Writing ["1.0.1.48"]
2025-10-10T10:28:39.215-05:00 DEBUG 14708 --- [wms-backend] [http-nio-8080-exec-10] o.s.web.servlet.DispatcherServlet        : Completed 200 OK
2025-10-10T10:28:49.213-05:00 DEBUG 14708 --- [wms-backend] [http-nio-8080-exec-4] o.s.web.servlet.DispatcherServlet        : GET "/general/version", parameters={}
2025-10-10T10:28:49.213-05:00 DEBUG 14708 --- [wms-backend] [http-nio-8080-exec-4] s.w.s.m.m.a.RequestMappingHandlerMapping : Mapped to com.woden.wms_backend.controllers.WmsWdGeneral.VersionController#getVersion()
2025-10-10T10:28:49.214-05:00 DEBUG 14708 --- [wms-backend] [http-nio-8080-exec-4] o.s.w.s.m.m.a.HttpEntityMethodProcessor  : Using 'application/json', given [application/json, text/plain, */*] and supported [text/plain, */*, application/json, application/*+json, application/yaml, application/xml;charset=UTF-8, text/xml;charset=UTF-8, application/*+xml;charset=UTF-8]
2025-10-10T10:28:49.214-05:00 DEBUG 14708 --- [wms-backend] [http-nio-8080-exec-4] o.s.w.s.m.m.a.HttpEntityMethodProcessor  : Writing ["1.0.1.48"]
2025-10-10T10:28:49.215-05:00 DEBUG 14708 --- [wms-backend] [http-nio-8080-exec-4] o.s.web.servlet.DispatcherServlet        : Completed 200 OK
2025-10-10T10:28:59.247-05:00 DEBUG 14708 --- [wms-backend] [http-nio-8080-exec-8] o.s.web.servlet.DispatcherServlet        : GET "/general/version", parameters={}
2025-10-10T10:28:59.247-05:00 DEBUG 14708 --- [wms-backend] [http-nio-8080-exec-8] s.w.s.m.m.a.RequestMappingHandlerMapping : Mapped to com.woden.wms_backend.controllers.WmsWdGeneral.VersionController#getVersion()
2025-10-10T10:28:59.249-05:00 DEBUG 14708 --- [wms-backend] [http-nio-8080-exec-8] o.s.w.s.m.m.a.HttpEntityMethodProcessor  : Using 'application/json', given [application/json, text/plain, */*] and supported [text/plain, */*, application/json, application/*+json, application/yaml, application/xml;charset=UTF-8, text/xml;charset=UTF-8, application/*+xml;charset=UTF-8]
2025-10-10T10:28:59.249-05:00 DEBUG 14708 --- [wms-backend] [http-nio-8080-exec-8] o.s.w.s.m.m.a.HttpEntityMethodProcessor  : Writing ["1.0.1.48"]
2025-10-10T10:28:59.250-05:00 DEBUG 14708 --- [wms-backend] [http-nio-8080-exec-8] o.s.web.servlet.DispatcherServlet        : Completed 200 OK
2025-10-10T10:29:09.223-05:00 DEBUG 14708 --- [wms-backend] [http-nio-8080-exec-7] o.s.web.servlet.DispatcherServlet        : GET "/general/version", parameters={}
2025-10-10T10:29:09.223-05:00 DEBUG 14708 --- [wms-backend] [http-nio-8080-exec-7] s.w.s.m.m.a.RequestMappingHandlerMapping : Mapped to com.woden.wms_backend.controllers.WmsWdGeneral.VersionController#getVersion()
2025-10-10T10:29:09.224-05:00 DEBUG 14708 --- [wms-backend] [http-nio-8080-exec-7] o.s.w.s.m.m.a.HttpEntityMethodProcessor  : Using 'application/json', given [application/json, text/plain, */*] and supported [text/plain, */*, application/json, application/*+json, application/yaml, application/xml;charset=UTF-8, text/xml;charset=UTF-8, application/*+xml;charset=UTF-8]
2025-10-10T10:29:09.224-05:00 DEBUG 14708 --- [wms-backend] [http-nio-8080-exec-7] o.s.w.s.m.m.a.HttpEntityMethodProcessor  : Writing ["1.0.1.48"]
2025-10-10T10:29:09.225-05:00 DEBUG 14708 --- [wms-backend] [http-nio-8080-exec-7] o.s.web.servlet.DispatcherServlet        : Completed 200 OK
2025-10-10T10:29:19.217-05:00 DEBUG 14708 --- [wms-backend] [http-nio-8080-exec-5] o.s.web.servlet.DispatcherServlet        : GET "/general/version", parameters={}
2025-10-10T10:29:19.217-05:00 DEBUG 14708 --- [wms-backend] [http-nio-8080-exec-5] s.w.s.m.m.a.RequestMappingHandlerMapping : Mapped to com.woden.wms_backend.controllers.WmsWdGeneral.VersionController#getVersion()
2025-10-10T10:29:19.218-05:00 DEBUG 14708 --- [wms-backend] [http-nio-8080-exec-5] o.s.w.s.m.m.a.HttpEntityMethodProcessor  : Using 'application/json', given [application/json, text/plain, */*] and supported [text/plain, */*, application/json, application/*+json, application/yaml, application/xml;charset=UTF-8, text/xml;charset=UTF-8, application/*+xml;charset=UTF-8]
2025-10-10T10:29:19.218-05:00 DEBUG 14708 --- [wms-backend] [http-nio-8080-exec-5] o.s.w.s.m.m.a.HttpEntityMethodProcessor  : Writing ["1.0.1.48"]
2025-10-10T10:29:19.219-05:00 DEBUG 14708 --- [wms-backend] [http-nio-8080-exec-5] o.s.web.servlet.DispatcherServlet        : Completed 200 OK
2025-10-10T10:29:29.223-05:00 DEBUG 14708 --- [wms-backend] [http-nio-8080-exec-1] o.s.web.servlet.DispatcherServlet        : GET "/general/version", parameters={}
2025-10-10T10:29:29.223-05:00 DEBUG 14708 --- [wms-backend] [http-nio-8080-exec-1] s.w.s.m.m.a.RequestMappingHandlerMapping : Mapped to com.woden.wms_backend.controllers.WmsWdGeneral.VersionController#getVersion()
2025-10-10T10:29:29.224-05:00 DEBUG 14708 --- [wms-backend] [http-nio-8080-exec-1] o.s.w.s.m.m.a.HttpEntityMethodProcessor  : Using 'application/json', given [application/json, text/plain, */*] and supported [text/plain, */*, application/json, application/*+json, application/yaml, application/xml;charset=UTF-8, text/xml;charset=UTF-8, application/*+xml;charset=UTF-8]
2025-10-10T10:29:29.224-05:00 DEBUG 14708 --- [wms-backend] [http-nio-8080-exec-1] o.s.w.s.m.m.a.HttpEntityMethodProcessor  : Writing ["1.0.1.48"]
2025-10-10T10:29:29.225-05:00 DEBUG 14708 --- [wms-backend] [http-nio-8080-exec-1] o.s.web.servlet.DispatcherServlet        : Completed 200 OK
2025-10-10T10:29:39.216-05:00 DEBUG 14708 --- [wms-backend] [http-nio-8080-exec-9] o.s.web.servlet.DispatcherServlet        : GET "/general/version", parameters={}
2025-10-10T10:29:39.217-05:00 DEBUG 14708 --- [wms-backend] [http-nio-8080-exec-9] s.w.s.m.m.a.RequestMappingHandlerMapping : Mapped to com.woden.wms_backend.controllers.WmsWdGeneral.VersionController#getVersion()
2025-10-10T10:29:39.219-05:00 DEBUG 14708 --- [wms-backend] [http-nio-8080-exec-9] o.s.w.s.m.m.a.HttpEntityMethodProcessor  : Using 'application/json', given [application/json, text/plain, */*] and supported [text/plain, */*, application/json, application/*+json, application/yaml, application/xml;charset=UTF-8, text/xml;charset=UTF-8, application/*+xml;charset=UTF-8]
2025-10-10T10:29:39.219-05:00 DEBUG 14708 --- [wms-backend] [http-nio-8080-exec-9] o.s.w.s.m.m.a.HttpEntityMethodProcessor  : Writing ["1.0.1.48"]
2025-10-10T10:29:39.220-05:00 DEBUG 14708 --- [wms-backend] [http-nio-8080-exec-9] o.s.web.servlet.DispatcherServlet        : Completed 200 OK
2025-10-10T10:29:49.218-05:00 DEBUG 14708 --- [wms-backend] [http-nio-8080-exec-2] o.s.web.servlet.DispatcherServlet        : GET "/general/version", parameters={}
2025-10-10T10:29:49.219-05:00 DEBUG 14708 --- [wms-backend] [http-nio-8080-exec-2] s.w.s.m.m.a.RequestMappingHandlerMapping : Mapped to com.woden.wms_backend.controllers.WmsWdGeneral.VersionController#getVersion()
2025-10-10T10:29:49.219-05:00 DEBUG 14708 --- [wms-backend] [http-nio-8080-exec-2] o.s.w.s.m.m.a.HttpEntityMethodProcessor  : Using 'application/json', given [application/json, text/plain, */*] and supported [text/plain, */*, application/json, application/*+json, application/yaml, application/xml;charset=UTF-8, text/xml;charset=UTF-8, application/*+xml;charset=UTF-8]
2025-10-10T10:29:49.219-05:00 DEBUG 14708 --- [wms-backend] [http-nio-8080-exec-2] o.s.w.s.m.m.a.HttpEntityMethodProcessor  : Writing ["1.0.1.48"]
2025-10-10T10:29:49.219-05:00 DEBUG 14708 --- [wms-backend] [http-nio-8080-exec-2] o.s.web.servlet.DispatcherServlet        : Completed 200 OK
2025-10-10T10:29:59.221-05:00 DEBUG 14708 --- [wms-backend] [http-nio-8080-exec-10] o.s.web.servlet.DispatcherServlet        : GET "/general/version", parameters={}
2025-10-10T10:29:59.221-05:00 DEBUG 14708 --- [wms-backend] [http-nio-8080-exec-10] s.w.s.m.m.a.RequestMappingHandlerMapping : Mapped to com.woden.wms_backend.controllers.WmsWdGeneral.VersionController#getVersion()
2025-10-10T10:29:59.221-05:00 DEBUG 14708 --- [wms-backend] [http-nio-8080-exec-10] o.s.w.s.m.m.a.HttpEntityMethodProcessor  : Using 'application/json', given [application/json, text/plain, */*] and supported [text/plain, */*, application/json, application/*+json, application/yaml, application/xml;charset=UTF-8, text/xml;charset=UTF-8, application/*+xml;charset=UTF-8]
2025-10-10T10:29:59.221-05:00 DEBUG 14708 --- [wms-backend] [http-nio-8080-exec-10] o.s.w.s.m.m.a.HttpEntityMethodProcessor  : Writing ["1.0.1.48"]
2025-10-10T10:29:59.221-05:00 DEBUG 14708 --- [wms-backend] [http-nio-8080-exec-10] o.s.web.servlet.DispatcherServlet        : Completed 200 OK
2025-10-10T10:30:09.207-05:00 DEBUG 14708 --- [wms-backend] [http-nio-8080-exec-4] o.s.web.servlet.DispatcherServlet        : GET "/general/version", parameters={}
2025-10-10T10:30:09.207-05:00 DEBUG 14708 --- [wms-backend] [http-nio-8080-exec-4] s.w.s.m.m.a.RequestMappingHandlerMapping : Mapped to com.woden.wms_backend.controllers.WmsWdGeneral.VersionController#getVersion()
2025-10-10T10:30:09.207-05:00 DEBUG 14708 --- [wms-backend] [http-nio-8080-exec-4] o.s.w.s.m.m.a.HttpEntityMethodProcessor  : Using 'application/json', given [application/json, text/plain, */*] and supported [text/plain, */*, application/json, application/*+json, application/yaml, application/xml;charset=UTF-8, text/xml;charset=UTF-8, application/*+xml;charset=UTF-8]
2025-10-10T10:30:09.207-05:00 DEBUG 14708 --- [wms-backend] [http-nio-8080-exec-4] o.s.w.s.m.m.a.HttpEntityMethodProcessor  : Writing ["1.0.1.48"]
2025-10-10T10:30:09.218-05:00 DEBUG 14708 --- [wms-backend] [http-nio-8080-exec-4] o.s.web.servlet.DispatcherServlet        : Completed 200 OK
2025-10-10T10:30:19.213-05:00 DEBUG 14708 --- [wms-backend] [http-nio-8080-exec-8] o.s.web.servlet.DispatcherServlet        : GET "/general/version", parameters={}
2025-10-10T10:30:19.215-05:00 DEBUG 14708 --- [wms-backend] [http-nio-8080-exec-8] s.w.s.m.m.a.RequestMappingHandlerMapping : Mapped to com.woden.wms_backend.controllers.WmsWdGeneral.VersionController#getVersion()
2025-10-10T10:30:19.216-05:00 DEBUG 14708 --- [wms-backend] [http-nio-8080-exec-8] o.s.w.s.m.m.a.HttpEntityMethodProcessor  : Using 'application/json', given [application/json, text/plain, */*] and supported [text/plain, */*, application/json, application/*+json, application/yaml, application/xml;charset=UTF-8, text/xml;charset=UTF-8, application/*+xml;charset=UTF-8]
2025-10-10T10:30:19.216-05:00 DEBUG 14708 --- [wms-backend] [http-nio-8080-exec-8] o.s.w.s.m.m.a.HttpEntityMethodProcessor  : Writing ["1.0.1.48"]
2025-10-10T10:30:19.216-05:00 DEBUG 14708 --- [wms-backend] [http-nio-8080-exec-8] o.s.web.servlet.DispatcherServlet        : Completed 200 OK
2025-10-10T10:31:22.231-05:00 DEBUG 14708 --- [wms-backend] [http-nio-8080-exec-3] o.s.web.servlet.DispatcherServlet        : GET "/general/version", parameters={}
2025-10-10T10:31:22.232-05:00 DEBUG 14708 --- [wms-backend] [http-nio-8080-exec-3] s.w.s.m.m.a.RequestMappingHandlerMapping : Mapped to com.woden.wms_backend.controllers.WmsWdGeneral.VersionController#getVersion()
2025-10-10T10:31:22.233-05:00 DEBUG 14708 --- [wms-backend] [http-nio-8080-exec-3] o.s.w.s.m.m.a.HttpEntityMethodProcessor  : Using 'application/json', given [application/json, text/plain, */*] and supported [text/plain, */*, application/json, application/*+json, application/yaml, application/xml;charset=UTF-8, text/xml;charset=UTF-8, application/*+xml;charset=UTF-8]
2025-10-10T10:31:22.234-05:00 DEBUG 14708 --- [wms-backend] [http-nio-8080-exec-3] o.s.w.s.m.m.a.HttpEntityMethodProcessor  : Writing ["1.0.1.48"]
2025-10-10T10:31:22.235-05:00 DEBUG 14708 --- [wms-backend] [http-nio-8080-exec-3] o.s.web.servlet.DispatcherServlet        : Completed 200 OK
2025-10-10T10:32:22.217-05:00 DEBUG 14708 --- [wms-backend] [http-nio-8080-exec-6] o.s.web.servlet.DispatcherServlet        : GET "/general/version", parameters={}
2025-10-10T10:32:22.217-05:00 DEBUG 14708 --- [wms-backend] [http-nio-8080-exec-6] s.w.s.m.m.a.RequestMappingHandlerMapping : Mapped to com.woden.wms_backend.controllers.WmsWdGeneral.VersionController#getVersion()
2025-10-10T10:32:22.217-05:00 DEBUG 14708 --- [wms-backend] [http-nio-8080-exec-6] o.s.w.s.m.m.a.HttpEntityMethodProcessor  : Using 'application/json', given [application/json, text/plain, */*] and supported [text/plain, */*, application/json, application/*+json, application/yaml, application/xml;charset=UTF-8, text/xml;charset=UTF-8, application/*+xml;charset=UTF-8]
2025-10-10T10:32:22.218-05:00 DEBUG 14708 --- [wms-backend] [http-nio-8080-exec-6] o.s.w.s.m.m.a.HttpEntityMethodProcessor  : Writing ["1.0.1.48"]
2025-10-10T10:32:22.219-05:00 DEBUG 14708 --- [wms-backend] [http-nio-8080-exec-6] o.s.web.servlet.DispatcherServlet        : Completed 200 OK
2025-10-10T10:33:22.225-05:00 DEBUG 14708 --- [wms-backend] [http-nio-8080-exec-5] o.s.web.servlet.DispatcherServlet        : GET "/general/version", parameters={}
2025-10-10T10:33:22.226-05:00 DEBUG 14708 --- [wms-backend] [http-nio-8080-exec-5] s.w.s.m.m.a.RequestMappingHandlerMapping : Mapped to com.woden.wms_backend.controllers.WmsWdGeneral.VersionController#getVersion()
2025-10-10T10:33:22.227-05:00 DEBUG 14708 --- [wms-backend] [http-nio-8080-exec-5] o.s.w.s.m.m.a.HttpEntityMethodProcessor  : Using 'application/json', given [application/json, text/plain, */*] and supported [text/plain, */*, application/json, application/*+json, application/yaml, application/xml;charset=UTF-8, text/xml;charset=UTF-8, application/*+xml;charset=UTF-8]
2025-10-10T10:33:22.228-05:00 DEBUG 14708 --- [wms-backend] [http-nio-8080-exec-5] o.s.w.s.m.m.a.HttpEntityMethodProcessor  : Writing ["1.0.1.48"]
2025-10-10T10:33:22.229-05:00 DEBUG 14708 --- [wms-backend] [http-nio-8080-exec-5] o.s.web.servlet.DispatcherServlet        : Completed 200 OK
2025-10-10T10:34:22.219-05:00 DEBUG 14708 --- [wms-backend] [http-nio-8080-exec-1] o.s.web.servlet.DispatcherServlet        : GET "/general/version", parameters={}
2025-10-10T10:34:22.219-05:00 DEBUG 14708 --- [wms-backend] [http-nio-8080-exec-1] s.w.s.m.m.a.RequestMappingHandlerMapping : Mapped to com.woden.wms_backend.controllers.WmsWdGeneral.VersionController#getVersion()
2025-10-10T10:34:22.220-05:00 DEBUG 14708 --- [wms-backend] [http-nio-8080-exec-1] o.s.w.s.m.m.a.HttpEntityMethodProcessor  : Using 'application/json', given [application/json, text/plain, */*] and supported [text/plain, */*, application/json, application/*+json, application/yaml, application/xml;charset=UTF-8, text/xml;charset=UTF-8, application/*+xml;charset=UTF-8]
2025-10-10T10:34:22.220-05:00 DEBUG 14708 --- [wms-backend] [http-nio-8080-exec-1] o.s.w.s.m.m.a.HttpEntityMethodProcessor  : Writing ["1.0.1.48"]
2025-10-10T10:34:22.220-05:00 DEBUG 14708 --- [wms-backend] [http-nio-8080-exec-1] o.s.web.servlet.DispatcherServlet        : Completed 200 OK
